Date,Open,High,Low,Close,Volume
2013-12-02,42.79999923706055,47.0,42.79999923706055,46.599998474121094,510.0
2013-12-03,47.0,47.0,46.900001525878906,47.0,2707.0
2013-12-04,47.0,47.0,47.0,47.0,5344.0
2013-12-05,47.0,47.0,47.0,47.0,0.0
2013-12-06,47.0,47.0,47.0,47.0,28.0
2013-12-09,47.0,47.0,47.0,47.0,4385.0
2013-12-10,47.0,47.0,47.0,47.0,0.0
2013-12-11,47.0,47.0,47.0,47.0,4000.0
2013-12-12,44.70000076293945,46.25,44.70000076293945,46.0,948.0
2013-12-13,44.04999923706055,47.0,44.04999923706055,47.0,879.0
2013-12-16,47.0,47.0,47.0,47.0,128.0
2013-12-17,47.0,47.0,47.0,47.0,0.0
2013-12-18,44.70000076293945,47.0,44.70000076293945,47.0,1237.0
2013-12-19,44.70000076293945,46.0,44.70000076293945,46.0,1200.0
2013-12-20,46.0,46.0,45.0,45.0,6192.0
2013-12-23,46.0,46.0,45.5,45.5,2090.0
2013-12-24,45.0,45.0,45.0,45.0,38.0
2013-12-26,45.0,45.0,45.0,45.0,725.0
2013-12-27,45.0,47.25,45.0,47.25,304.0
2013-12-30,47.25,47.25,47.25,47.25,0.0
2013-12-31,47.25,47.25,47.25,47.25,0.0
2014-01-01,47.25,48.04999923706055,47.25,48.04999923706055,1587.0
2014-01-02,48.0,48.0,48.0,48.0,942.0
2014-01-03,48.0,48.0,48.0,48.0,364.0
2014-01-06,48.0,48.25,48.0,48.25,2196.0
2014-01-07,48.25,48.25,48.25,48.25,50.0
2014-01-08,47.0,48.099998474121094,47.0,48.0,452.0
2014-01-09,48.0,48.0,48.0,48.0,110.0
2014-01-10,46.04999923706055,48.0,46.04999923706055,48.0,1419.0
2014-01-13,49.95000076293945,49.95000076293945,46.0,48.0,417.0
2014-01-14,48.099998474121094,48.099998474121094,48.0,48.0,1846.0
2014-01-15,48.0,48.0,48.0,48.0,584.0
2014-01-16,48.0,50.0,48.0,48.0,354.0
2014-01-17,48.0,48.099998474121094,48.0,48.0,450.0
2014-01-20,48.0,52.0,48.0,51.95000076293945,2548.0
2014-01-21,48.04999923706055,56.900001525878906,48.0,56.650001525878906,5479.0
2014-01-22,61.650001525878906,61.650001525878906,57.5,58.650001525878906,2300.0
2014-01-23,53.54999923706055,59.349998474121094,53.54999923706055,58.04999923706055,2496.0
2014-01-24,54.599998474121094,54.599998474121094,54.150001525878906,54.150001525878906,75.0
2014-01-27,51.650001525878906,51.650001525878906,51.0,51.0,106.0
2014-01-28,51.0,51.0,51.0,51.0,0.0
2014-01-29,47.5,53.95000076293945,47.5,50.0,659.0
2014-01-30,50.0,50.0,50.0,50.0,0.0
2014-01-31,47.04999923706055,55.0,47.04999923706055,54.70000076293945,1475.0
2014-02-03,54.0,57.099998474121094,54.0,54.25,1301.0
2014-02-04,54.0,59.650001525878906,54.0,57.79999923706055,4014.0
2014-02-05,55.599998474121094,59.54999923706055,55.54999923706055,59.29999923706055,1536.0
2014-02-06,55.349998474121094,58.70000076293945,55.29999923706055,58.25,731.0
2014-02-07,57.0,57.0,54.5,54.95000076293945,611.0
2014-02-10,54.04999923706055,54.20000076293945,51.599998474121094,53.25,193.0
2014-02-11,50.349998474121094,54.5,50.349998474121094,54.5,102.0
2014-02-12,52.79999923706055,52.79999923706055,49.099998474121094,49.95000076293945,5835.0
2014-02-13,50.0,51.5,46.0,47.150001525878906,8303.0
2014-02-14,42.650001525878906,51.849998474121094,42.599998474121094,46.25,25240.0
2014-02-17,43.599998474121094,49.400001525878906,43.400001525878906,45.29999923706055,7505.0
2014-02-18,43.099998474121094,49.79999923706055,42.0,49.79999923706055,10119.0
2014-02-19,50.70000076293945,54.75,48.5,52.79999923706055,4525.0
2014-02-20,50.29999923706055,58.04999923706055,50.29999923706055,56.599998474121094,2541.0
2014-02-21,57.04999923706055,59.20000076293945,54.349998474121094,57.54999923706055,4620.0
2014-02-24,57.5,59.20000076293945,53.0,58.349998474121094,6727.0
2014-02-25,60.20000076293945,60.20000076293945,56.79999923706055,59.599998474121094,2695.0
2014-02-26,57.5,57.5,57.5,57.5,50.0
2014-02-27,,,,,
2014-02-28,54.650001525878906,59.75,54.650001525878906,57.20000076293945,300.0
2014-03-03,55.5,57.0,54.400001525878906,55.70000076293945,1845.0
2014-03-04,54.599998474121094,58.0,54.29999923706055,57.75,4182.0
2014-03-05,55.29999923706055,57.0,55.29999923706055,56.29999923706055,357.0
2014-03-06,55.099998474121094,57.0,55.0,55.0,1193.0
2014-03-07,54.099998474121094,56.54999923706055,53.150001525878906,55.0,1921.0
2014-03-10,54.900001525878906,56.5,54.900001525878906,55.25,1488.0
2014-03-11,53.150001525878906,57.0,53.150001525878906,56.599998474121094,1281.0
2014-03-12,54.20000076293945,56.0,54.20000076293945,56.0,1478.0
2014-03-13,53.25,55.5,53.25,55.099998474121094,534.0
2014-03-14,54.04999923706055,55.0,53.0,55.0,2359.0
2014-03-17,,,,,
2014-03-18,52.599998474121094,56.0,52.599998474121094,55.599998474121094,41296.0
2014-03-19,55.099998474121094,56.70000076293945,55.0,55.04999923706055,26179.0
2014-03-20,55.25,55.25,55.0,55.0,52020.0
2014-03-21,52.599998474121094,57.70000076293945,52.599998474121094,55.0,31990.0
2014-03-24,54.0,56.5,54.0,55.04999923706055,97038.0
2014-03-25,55.04999923706055,57.79999923706055,55.0,57.0,9147.0
2014-03-26,55.5,59.849998474121094,55.5,59.599998474121094,15015.0
2014-03-27,57.400001525878906,60.0,57.400001525878906,59.95000076293945,958.0
2014-03-28,57.70000076293945,60.0,57.0,57.20000076293945,2704.0
2014-03-31,56.0,58.900001525878906,54.349998474121094,54.45000076293945,3281.0
2014-04-01,54.5,57.150001525878906,54.0,57.150001525878906,2381.0
2014-04-02,57.0,60.0,55.54999923706055,59.20000076293945,1484.0
2014-04-03,57.150001525878906,61.900001525878906,57.099998474121094,61.900001525878906,1572.0
2014-04-04,60.5,64.94999694824219,59.75,64.94999694824219,1010.0
2014-04-07,62.0,67.0,61.79999923706055,65.30000305175781,304.0
2014-04-08,,,,,
2014-04-09,63.0,68.4000015258789,63.0,65.0,769.0
2014-04-10,63.650001525878906,66.80000305175781,62.70000076293945,65.0,3372.0
2014-04-11,63.54999923706055,66.0,62.599998474121094,65.55000305175781,46516.0
2014-04-14,,,,,
2014-04-15,63.0,67.0,63.0,64.9000015258789,934.0
2014-04-16,63.650001525878906,63.79999923706055,63.099998474121094,63.099998474121094,1485.0
2014-04-17,60.400001525878906,61.70000076293945,60.400001525878906,60.599998474121094,128.0
2014-04-21,62.900001525878906,62.900001525878906,58.0,59.95000076293945,1213.0
2014-04-22,57.099998474121094,58.75,57.0,57.099998474121094,1957.0
2014-04-23,55.54999923706055,59.599998474121094,54.70000076293945,59.04999923706055,2422.0
2014-04-24,59.04999923706055,59.04999923706055,59.04999923706055,59.04999923706055,0.0
2014-04-25,56.25,57.75,56.099998474121094,56.849998474121094,2557.0
2014-04-28,59.5,59.5,56.5,57.900001525878906,381.0
2014-04-29,56.5,60.75,56.400001525878906,60.75,10210.0
2014-04-30,63.75,63.75,58.20000076293945,63.099998474121094,13941.0
2014-05-01,,,,,
2014-05-02,61.54999923706055,65.25,61.0,64.44999694824219,7789.0
2014-05-05,63.0,66.25,63.0,65.1500015258789,2807.0
2014-05-06,66.25,67.75,65.0,65.05000305175781,1196.0
2014-05-07,63.0,65.05000305175781,61.79999923706055,62.900001525878906,2266.0
2014-05-08,58.0,69.1500015258789,58.0,67.69999694824219,9050.0
2014-05-09,64.5,72.80000305175781,64.5,70.30000305175781,8688.0
2014-05-12,65.5999984741211,71.30000305175781,65.5999984741211,70.19999694824219,8947.0
2014-05-13,67.55000305175781,72.0,67.05000305175781,71.44999694824219,13289.0
2014-05-14,78.0,78.0,65.0,70.6500015258789,13530.0
2014-05-15,68.05000305175781,70.25,66.5,70.1500015258789,13894.0
2014-05-16,69.4000015258789,70.9000015258789,67.0999984741211,70.0,10001.0
2014-05-19,68.1500015258789,74.5,68.1500015258789,74.30000305175781,16639.0
2014-05-20,71.55000305175781,75.44999694824219,70.30000305175781,75.19999694824219,13065.0
2014-05-21,74.0,75.0,72.5,74.30000305175781,6110.0
2014-05-22,74.5,79.5,72.05000305175781,77.25,6483.0
2014-05-23,73.0,78.94999694824219,73.0,77.05000305175781,4976.0
2014-05-26,73.05000305175781,77.80000305175781,72.0,75.8499984741211,6748.0
2014-05-27,70.0,73.30000305175781,69.55000305175781,69.8499984741211,2270.0
2014-05-28,65.0,67.4000015258789,64.4000015258789,66.75,4207.0
2014-05-29,63.0,68.25,63.0,66.5999984741211,2791.0
2014-05-30,62.099998474121094,67.0999984741211,62.099998474121094,66.69999694824219,3704.0
2014-06-02,67.0,69.44999694824219,66.0,68.75,2183.0
2014-06-03,69.0,71.5,67.3499984741211,67.75,966.0
2014-06-04,66.30000305175781,70.0,66.30000305175781,67.5,5905.0
2014-06-05,65.1500015258789,68.0,65.1500015258789,67.0,3772.0
2014-06-06,65.3499984741211,69.94999694824219,65.0,67.0999984741211,2423.0
2014-06-09,65.0,66.0,63.75,65.0,13831.0
2014-06-10,65.5,67.0,65.0,66.30000305175781,3217.0
2014-06-11,62.599998474121094,66.0,62.599998474121094,65.5,4357.0
2014-06-12,64.0999984741211,67.0,63.04999923706055,66.0,3673.0
2014-06-13,63.5,66.1500015258789,62.650001525878906,66.0,4812.0
2014-06-16,62.599998474121094,68.94999694824219,62.599998474121094,68.44999694824219,99111.0
2014-06-17,66.44999694824219,70.0,66.44999694824219,69.44999694824219,4430.0
2014-06-18,65.0999984741211,69.5,65.0999984741211,69.5,3869.0
2014-06-19,67.55000305175781,70.0,67.55000305175781,70.0,2248.0
2014-06-20,68.3499984741211,70.69999694824219,68.25,70.25,1401.0
2014-06-23,68.3499984741211,71.3499984741211,66.80000305175781,71.0,4813.0
2014-06-24,69.0,71.0,68.25,71.0,5246.0
2014-06-25,69.0,70.80000305175781,68.80000305175781,70.0,2679.0
2014-06-26,68.5,69.94999694824219,66.19999694824219,69.94999694824219,1351.0
2014-06-27,69.0,70.0,68.0,69.4000015258789,2791.0
2014-06-30,70.19999694824219,72.5,67.0,69.8499984741211,6378.0
2014-07-01,69.94999694824219,71.5,68.0999984741211,69.80000305175781,3034.0
2014-07-02,69.5,71.0,65.55000305175781,70.19999694824219,67501.0
2014-07-03,68.0,72.5,66.4000015258789,69.8499984741211,22134.0
2014-07-04,68.5999984741211,71.80000305175781,66.44999694824219,70.1500015258789,18604.0
2014-07-07,68.19999694824219,70.0,68.0,69.80000305175781,2172.0
2014-07-08,72.75,72.75,66.75,67.05000305175781,4126.0
2014-07-09,64.0999984741211,69.44999694824219,64.0999984741211,68.5999984741211,2131.0
2014-07-10,64.19999694824219,70.0,63.0,68.9000015258789,3491.0
2014-07-11,67.0,72.0,64.0,68.69999694824219,3955.0
2014-07-14,70.0,70.0,66.9000015258789,67.94999694824219,834.0
2014-07-15,70.0,70.5999984741211,67.4000015258789,70.19999694824219,151.0
2014-07-16,68.05000305175781,70.69999694824219,68.0,69.80000305175781,2652.0
2014-07-17,69.80000305175781,70.5,69.0,70.5,721.0
2014-07-18,70.5,70.5,69.05000305175781,70.0,3696.0
2014-07-21,70.5,70.5,70.0,70.0,335.0
2014-07-22,69.05000305175781,70.5,69.05000305175781,70.4000015258789,519.0
2014-07-23,69.0999984741211,72.0,68.9000015258789,69.5999984741211,1836.0
2014-07-24,68.69999694824219,70.94999694824219,68.69999694824219,70.6500015258789,1896.0
2014-07-25,70.0,71.0,68.0,70.25,3478.0
2014-07-28,69.0,71.0,68.75,69.44999694824219,3647.0
2014-07-29,,,,,
2014-07-30,66.69999694824219,69.94999694824219,66.69999694824219,68.30000305175781,1297.0
2014-07-31,68.05000305175781,68.05000305175781,66.5,67.0,6033.0
2014-08-01,63.099998474121094,67.05000305175781,63.099998474121094,66.69999694824219,3394.0
2014-08-04,65.75,67.94999694824219,63.45000076293945,65.0,1383.0
2014-08-05,69.44999694824219,69.44999694824219,63.0,63.099998474121094,525.0
2014-08-06,63.0,64.0,61.0,63.0,1788.0
2014-08-07,64.5,64.5,63.5,64.0,289.0
2014-08-08,64.55000305175781,65.9000015258789,60.20000076293945,65.0,1296.0
2014-08-11,63.0,65.0,62.099998474121094,64.30000305175781,3013.0
2014-08-12,64.05000305175781,65.6500015258789,64.0,64.0,1549.0
2014-08-13,65.0,67.0,64.0,65.0,1390.0
2014-08-14,60.20000076293945,65.0,60.20000076293945,64.0,474.0
2014-08-15,,,,,
2014-08-18,64.4000015258789,66.0,64.4000015258789,65.0999984741211,1691.0
2014-08-19,65.0,66.9000015258789,65.0,65.9000015258789,4407.0
2014-08-20,65.0,65.5,65.0,65.0,1878.0
2014-08-21,62.599998474121094,67.0,62.599998474121094,65.0,2573.0
2014-08-22,64.05000305175781,65.5999984741211,62.95000076293945,65.5,11461.0
2014-08-25,63.95000076293945,65.5999984741211,63.95000076293945,65.0,299.0
2014-08-26,62.20000076293945,65.0,61.04999923706055,65.0,6913.0
2014-08-27,65.0,66.0,65.0,65.0,2236.0
2014-08-28,64.80000305175781,70.0,64.80000305175781,66.0,8394.0
2014-08-29,,,,,
2014-09-01,65.4000015258789,66.05000305175781,65.4000015258789,66.0,1556.0
2014-09-02,65.55000305175781,67.4000015258789,65.5,66.0,4017.0
2014-09-03,66.0,66.19999694824219,66.0,66.0,445.0
2014-09-04,67.0,67.0,63.599998474121094,66.0999984741211,1727.0
2014-09-05,66.0,79.30000305175781,66.0,79.30000305175781,43409.0
2014-09-08,85.0,94.0,76.0,78.19999694824219,51393.0
2014-09-09,80.0,89.0,76.6500015258789,83.25,49521.0
2014-09-10,84.69999694824219,84.80000305175781,79.0,80.3499984741211,8997.0
2014-09-11,79.0999984741211,82.80000305175781,75.9000015258789,76.5,16774.0
2014-09-12,82.6500015258789,82.6500015258789,77.0,78.5999984741211,5095.0
2014-09-15,76.25,81.4000015258789,73.75,79.9000015258789,70364.0
2014-09-16,78.5999984741211,82.69999694824219,75.6500015258789,76.80000305175781,28278.0
2014-09-17,78.0,78.0,74.0,74.9000015258789,5388.0
2014-09-18,78.5999984741211,78.75,73.25,76.4000015258789,7603.0
2014-09-19,75.25,75.75,73.0999984741211,75.0999984741211,9491.0
2014-09-22,75.05000305175781,79.9000015258789,75.05000305175781,78.5999984741211,11239.0
2014-09-23,77.4000015258789,78.5999984741211,75.0,76.94999694824219,3710.0
2014-09-24,76.94999694824219,82.9000015258789,76.94999694824219,81.55000305175781,30035.0
2014-09-25,80.0,81.5,78.75,79.80000305175781,15581.0
2014-09-26,76.0999984741211,81.0,76.0999984741211,80.5,5719.0
2014-09-29,81.1500015258789,81.1500015258789,79.0,79.94999694824219,1248.0
2014-09-30,77.30000305175781,79.9000015258789,77.30000305175781,77.6500015258789,345.0
2014-10-01,79.0,80.0,77.5,78.25,430.0
2014-10-02,,,,,
2014-10-03,,,,,
2014-10-06,,,,,
2014-10-07,80.0,80.0,75.05000305175781,75.3499984741211,3820.0
2014-10-08,75.5999984741211,76.9000015258789,73.0,74.05000305175781,747.0
2014-10-09,75.0,77.0,73.0999984741211,77.0,550.0
2014-10-10,76.0,79.9000015258789,76.0,77.4000015258789,1080.0
2014-10-13,77.44999694824219,77.44999694824219,73.5,75.5,842.0
2014-10-14,74.69999694824219,78.8499984741211,74.0,74.05000305175781,3779.0
2014-10-15,74.05000305175781,74.05000305175781,74.05000305175781,74.05000305175781,0.0
2014-10-16,75.0,75.0,73.1500015258789,73.5,781.0
2014-10-17,73.5,73.5,73.0,73.0,1300.0
2014-10-20,73.0,73.9000015258789,70.0,72.5999984741211,42655.0
2014-10-21,72.25,74.9000015258789,71.80000305175781,73.5,775.0
2014-10-22,71.1500015258789,72.30000305175781,71.1500015258789,72.0999984741211,674.0
2014-10-23,,,,,
2014-10-24,,,,,
2014-10-27,75.0,75.0,73.5,75.0,1660.0
2014-10-28,74.0,74.5,73.5999984741211,74.5,988.0
2014-10-29,74.0,74.0,71.19999694824219,71.25,386.0
2014-10-30,71.19999694824219,73.0,71.19999694824219,71.9000015258789,797.0
2014-10-31,72.0,72.0999984741211,64.0,68.75,2913.0
2014-11-03,70.0,73.44999694824219,69.94999694824219,71.0999984741211,1454.0
2014-11-04,,,,,
2014-11-05,70.69999694824219,71.0,70.19999694824219,70.19999694824219,890.0
2014-11-06,,,,,
2014-11-07,66.1500015258789,70.0,66.1500015258789,68.80000305175781,1517.0
2014-11-10,66.05000305175781,69.0,66.05000305175781,69.0,717.0
2014-11-11,68.0,71.19999694824219,66.44999694824219,70.9000015258789,1651.0
2014-11-12,68.3499984741211,70.5,67.94999694824219,69.9000015258789,4752.0
2014-11-13,67.0,70.5,67.0,69.4000015258789,3134.0
2014-11-14,67.0,69.5,67.0,69.44999694824219,2728.0
2014-11-17,64.5,75.5,64.5,68.3499984741211,2665.0
2014-11-18,68.75,70.05000305175781,67.80000305175781,68.0,2078.0
2014-11-19,71.80000305175781,72.0,66.5999984741211,69.75,3164.0
2014-11-20,68.25,69.5,67.44999694824219,69.1500015258789,1920.0
2014-11-21,67.0999984741211,69.5999984741211,67.0999984741211,67.5,1969.0
2014-11-24,66.1500015258789,71.5,66.1500015258789,71.25,9053.0
2014-11-25,69.0,69.05000305175781,65.9000015258789,69.05000305175781,6005.0
2014-11-26,65.0,81.9000015258789,60.900001525878906,74.4000015258789,8903.0
2014-11-27,72.19999694824219,75.0,68.55000305175781,74.4000015258789,3824.0
2014-11-28,72.0,72.94999694824219,71.25,71.4000015258789,1546.0
2014-12-01,70.0,74.0,70.0,73.69999694824219,3103.0
2014-12-02,72.0,74.0,71.5,73.3499984741211,1119.0
2014-12-03,74.0,74.80000305175781,71.5,74.0,3612.0
2014-12-04,73.5,74.9000015258789,72.5999984741211,74.80000305175781,257.0
2014-12-05,74.3499984741211,74.80000305175781,72.25,73.9000015258789,1720.0
2014-12-08,71.5,73.69999694824219,71.5,72.5999984741211,1603.0
2014-12-09,71.80000305175781,73.9000015258789,69.0,72.94999694824219,1275.0
2014-12-10,71.0,72.75,69.94999694824219,72.0,37341.0
2014-12-11,70.0,73.69999694824219,70.0,73.1500015258789,38747.0
2014-12-12,69.0,73.80000305175781,69.0,72.55000305175781,762.0
2014-12-15,71.5,71.5,70.0,70.0,31150.0
2014-12-16,67.0999984741211,68.69999694824219,66.94999694824219,67.05000305175781,468.0
2014-12-17,69.75,74.80000305175781,66.5,71.19999694824219,181064.0
2014-12-18,71.5999984741211,75.0,71.5,72.94999694824219,4085.0
2014-12-19,70.6500015258789,71.9000015258789,70.5,70.55000305175781,37668.0
2014-12-22,71.0,71.05000305175781,67.5,70.0,73153.0
2014-12-23,69.0,69.0,69.0,69.0,10000.0
2014-12-24,71.0,71.0,65.9000015258789,68.6500015258789,900.0
2014-12-26,74.6500015258789,74.6500015258789,65.5999984741211,68.94999694824219,796.0
2014-12-29,67.5999984741211,67.5999984741211,66.69999694824219,66.69999694824219,796.0
2014-12-30,67.0999984741211,67.0999984741211,65.55000305175781,67.0,1010.0
2014-12-31,66.05000305175781,66.25,66.05000305175781,66.25,170.0
2015-01-01,66.0,66.0,66.0,66.0,110.0
2015-01-02,62.0,71.44999694824219,62.0,70.0999984741211,2425.0
2015-01-05,70.94999694824219,71.9000015258789,66.69999694824219,69.30000305175781,755.0
2015-01-06,65.1500015258789,67.94999694824219,65.1500015258789,66.25,106.0
2015-01-07,69.75,69.9000015258789,69.75,69.9000015258789,55.0
2015-01-08,70.30000305175781,70.30000305175781,66.0,67.0999984741211,722.0
2015-01-09,66.5999984741211,67.94999694824219,66.25,66.80000305175781,1123.0
2015-01-12,67.0,67.0,64.44999694824219,65.0,7798.0
2015-01-13,66.94999694824219,66.94999694824219,64.0,64.0,5130.0
2015-01-14,66.8499984741211,66.8499984741211,62.79999923706055,62.900001525878906,821.0
2015-01-15,61.5,63.900001525878906,61.5,62.849998474121094,171.0
2015-01-16,65.0,65.5,64.80000305175781,65.0,10422.0
2015-01-19,63.099998474121094,65.0,63.099998474121094,63.650001525878906,550.0
2015-01-20,63.5,65.0,62.0,64.6500015258789,860.0
2015-01-21,63.099998474121094,64.94999694824219,63.099998474121094,64.1500015258789,391.0
2015-01-22,61.20000076293945,64.5,61.20000076293945,63.650001525878906,1621.0
2015-01-23,62.0,63.0,60.0,62.25,3329.0
2015-01-26,,,,,
2015-01-27,60.0,65.0,60.0,63.5,6147.0
2015-01-28,62.0,66.9000015258789,60.20000076293945,64.75,4770.0
2015-01-29,61.45000076293945,68.0,61.45000076293945,64.55000305175781,6015.0
2015-01-30,62.650001525878906,64.19999694824219,62.650001525878906,63.0,2207.0
2015-02-02,60.900001525878906,61.650001525878906,60.900001525878906,61.54999923706055,216.0
2015-02-03,60.79999923706055,61.400001525878906,60.79999923706055,61.25,1067.0
2015-02-04,58.349998474121094,60.95000076293945,58.25,60.5,5668.0
2015-02-05,59.0,59.150001525878906,57.349998474121094,57.900001525878906,6431.0
2015-02-06,67.9000015258789,67.9000015258789,53.099998474121094,58.70000076293945,3293.0
2015-02-09,53.099998474121094,59.45000076293945,53.0,59.0,892.0
2015-02-10,59.0,59.0,59.0,59.0,28.0
2015-02-11,58.0,62.0,57.0,59.650001525878906,1258.0
2015-02-12,57.900001525878906,65.0,55.5,58.849998474121094,162664.0
2015-02-13,59.0,59.0,56.0,57.0,1903.0
2015-02-16,56.20000076293945,58.900001525878906,56.20000076293945,58.150001525878906,777.0
2015-02-17,,,,,
2015-02-18,55.29999923706055,56.900001525878906,55.29999923706055,56.099998474121094,5954.0
2015-02-19,56.0,56.0,53.5,54.400001525878906,1427.0
2015-02-20,59.0,59.0,55.0,55.0,300.0
2015-02-23,56.0,56.95000076293945,53.849998474121094,56.0,1037.0
2015-02-24,56.0,67.19999694824219,56.0,67.19999694824219,20125.0
2015-02-25,69.0999984741211,80.5999984741211,69.0999984741211,79.19999694824219,117576.0
2015-02-26,78.19999694824219,78.19999694824219,71.30000305175781,71.5999984741211,12142.0
2015-02-27,68.0,75.0,68.0,69.8499984741211,12590.0
2015-02-28,,,,,
2015-03-02,72.80000305175781,72.80000305175781,68.55000305175781,69.0999984741211,3651.0
2015-03-03,66.0,75.9000015258789,66.0,73.30000305175781,36712.0
2015-03-04,70.0,71.4000015258789,66.0,67.05000305175781,7875.0
2015-03-05,66.80000305175781,68.0,66.5,66.94999694824219,2843.0
2015-03-06,,,,,
2015-03-09,64.19999694824219,67.5,63.04999923706055,64.0,5087.0
2015-03-10,67.94999694824219,67.94999694824219,64.0999984741211,64.0999984741211,1232.0
2015-03-11,68.69999694824219,68.69999694824219,65.0,65.55000305175781,779.0
2015-03-12,65.6500015258789,65.6500015258789,63.5,64.1500015258789,1204.0
2015-03-13,62.400001525878906,64.25,60.54999923706055,62.849998474121094,10201.0
2015-03-16,63.349998474121094,63.400001525878906,60.54999923706055,61.0,3228.0
2015-03-17,62.04999923706055,67.0999984741211,61.400001525878906,67.0999984741211,12101.0
2015-03-18,72.9000015258789,72.9000015258789,60.400001525878906,61.0,15247.0
2015-03-19,60.5,61.04999923706055,54.900001525878906,55.349998474121094,25257.0
2015-03-20,54.0,57.5,49.849998474121094,55.79999923706055,28796.0
2015-03-23,55.75,55.95000076293945,53.5,55.20000076293945,7280.0
2015-03-24,55.95000076293945,57.0,52.0,52.5,8952.0
2015-03-25,52.099998474121094,55.099998474121094,52.099998474121094,54.54999923706055,8178.0
2015-03-26,54.04999923706055,56.900001525878906,54.04999923706055,55.650001525878906,991.0
2015-03-27,54.099998474121094,56.0,54.099998474121094,56.0,799.0
2015-03-30,53.25,57.900001525878906,53.25,55.0,1169.0
2015-03-31,54.95000076293945,55.04999923706055,54.95000076293945,55.0,1019.0
2015-04-01,57.54999923706055,57.75,54.5,55.95000076293945,848.0
2015-04-02,,,,,
2015-04-06,54.79999923706055,58.70000076293945,54.79999923706055,57.0,1107.0
2015-04-07,58.0,58.95000076293945,56.20000076293945,58.099998474121094,546.0
2015-04-08,56.54999923706055,59.0,56.5,58.20000076293945,820.0
2015-04-09,57.04999923706055,57.04999923706055,57.04999923706055,57.04999923706055,110.0
2015-04-10,56.0,58.900001525878906,54.25,56.099998474121094,5995.0
2015-04-13,55.0,58.900001525878906,54.099998474121094,58.900001525878906,26363.0
2015-04-14,,,,,
2015-04-15,56.900001525878906,61.79999923706055,56.0,61.79999923706055,1944953.0
2015-04-16,64.8499984741211,64.8499984741211,58.79999923706055,59.54999923706055,54035.0
2015-04-17,59.0,60.70000076293945,57.099998474121094,58.75,23217.0
2015-04-20,58.900001525878906,58.900001525878906,57.0,57.900001525878906,2800.0
2015-04-21,57.0,59.5,56.95000076293945,57.20000076293945,9264.0
2015-04-22,59.0,59.599998474121094,57.25,57.900001525878906,12980.0
2015-04-23,60.70000076293945,60.75,55.5,60.099998474121094,4946.0
2015-04-24,61.5,62.70000076293945,58.25,58.400001525878906,24780.0
2015-04-27,56.5,60.0,56.5,57.599998474121094,22721.0
2015-04-28,56.20000076293945,59.650001525878906,55.79999923706055,56.5,11818.0
2015-04-29,57.0,59.29999923706055,57.0,58.5,15654.0
2015-04-30,58.0,60.0,58.0,60.0,4602.0
2015-05-01,,,,,
2015-05-04,61.5,61.70000076293945,59.0,61.20000076293945,231.0
2015-05-05,57.5,63.0,57.5,60.0,77.0
2015-05-06,57.5,59.0,57.25,59.0,3215.0
2015-05-07,57.5,58.95000076293945,55.599998474121094,58.70000076293945,1629.0
2015-05-08,56.5,58.849998474121094,56.5,58.849998474121094,550.0
2015-05-11,58.0,58.0,57.25,57.25,967.0
2015-05-12,55.5,57.599998474121094,55.5,56.099998474121094,81103.0
2015-05-13,57.0,58.54999923706055,56.0,56.20000076293945,1808.0
2015-05-14,55.0,57.5,55.0,57.5,166.0
2015-05-15,55.0,61.29999923706055,54.599998474121094,61.0,4099.0
2015-05-18,62.0,62.0,58.5,59.650001525878906,209.0
2015-05-19,58.5,60.95000076293945,58.5,59.04999923706055,528.0
2015-05-20,59.099998474121094,62.0,59.0,60.0,1771.0
2015-05-21,57.099998474121094,62.0,57.099998474121094,59.54999923706055,737.0
2015-05-22,59.54999923706055,59.54999923706055,59.54999923706055,59.54999923706055,0.0
2015-05-25,55.5,60.0,55.5,59.5,2887.0
2015-05-26,59.0,60.0,58.95000076293945,59.25,421.0
2015-05-27,60.900001525878906,64.80000305175781,58.0,61.150001525878906,7005.0
2015-05-28,62.5,62.650001525878906,61.0,62.29999923706055,3738.0
2015-05-29,62.0,62.0,59.400001525878906,59.54999923706055,945.0
2015-06-01,59.0,61.900001525878906,58.0,61.04999923706055,4841.0
2015-06-02,60.0,60.0,59.099998474121094,59.099998474121094,2050.0
2015-06-03,59.099998474121094,59.099998474121094,57.0,57.0,425.0
2015-06-04,55.099998474121094,56.0,55.099998474121094,56.0,361.0
2015-06-05,56.04999923706055,58.70000076293945,56.04999923706055,56.25,205.0
2015-06-08,61.0,61.650001525878906,58.70000076293945,61.29999923706055,5872.0
2015-06-09,58.29999923706055,61.599998474121094,58.29999923706055,61.5,5303.0
2015-06-10,59.25,61.25,59.20000076293945,61.0,827.0
2015-06-11,59.29999923706055,62.0,57.95000076293945,58.95000076293945,6777.0
2015-06-12,59.0,62.0,59.0,61.900001525878906,3378.0
2015-06-15,57.599998474121094,62.0,57.599998474121094,60.25,1705.0
2015-06-16,59.20000076293945,60.0,59.04999923706055,59.599998474121094,2705.0
2015-06-17,60.150001525878906,60.150001525878906,60.150001525878906,60.150001525878906,50.0
2015-06-18,60.599998474121094,60.650001525878906,60.599998474121094,60.599998474121094,404.0
2015-06-19,61.0,61.54999923706055,61.0,61.5,725.0
2015-06-22,61.5,65.5,61.5,63.5,3392.0
2015-06-23,76.19999694824219,76.19999694824219,76.19999694824219,76.19999694824219,8131.0
2015-06-24,84.69999694824219,87.0,78.0999984741211,80.0,64851.0
2015-06-25,81.8499984741211,86.94999694824219,81.5,83.44999694824219,43417.0
2015-06-26,81.80000305175781,84.30000305175781,81.0,81.0999984741211,26358.0
2015-06-29,76.05000305175781,78.94999694824219,74.0,75.5999984741211,2191.0
2015-06-30,74.1500015258789,79.9000015258789,74.1500015258789,77.5,2973.0
2015-07-01,77.0999984741211,78.0,74.75,75.0,1428.0
2015-07-02,76.19999694824219,77.0,72.5,75.25,5561.0
2015-07-03,75.25,80.0,74.5,76.0,335.0
2015-07-06,72.0999984741211,81.05000305175781,72.0999984741211,76.55000305175781,2105.0
2015-07-07,81.94999694824219,81.94999694824219,74.0,74.3499984741211,983.0
2015-07-08,62.04999923706055,76.6500015258789,62.0,73.8499984741211,1281.0
2015-07-09,73.5,74.80000305175781,72.0,72.0,365.0
2015-07-10,71.0,75.80000305175781,70.5999984741211,74.4000015258789,11091.0
2015-07-13,72.0,78.5,72.0,76.94999694824219,7636.0
2015-07-14,81.5999984741211,81.5999984741211,73.0999984741211,75.75,4010.0
2015-07-15,78.75,79.0,75.0999984741211,79.0,1948.0
2015-07-16,78.9000015258789,79.5,76.55000305175781,77.94999694824219,1527.0
2015-07-17,78.75,81.30000305175781,76.5999984741211,80.0999984741211,2396.0
2015-07-20,78.0999984741211,81.0,75.55000305175781,79.44999694824219,24199.0
2015-07-21,79.25,80.0,77.0,77.0,470.0
2015-07-22,85.0,85.0,79.05000305175781,82.5999984741211,16069.0
2015-07-23,82.94999694824219,83.0,76.5,77.0,1749.0
2015-07-24,77.0,79.0,71.0,71.0999984741211,4727.0
2015-07-27,70.0999984741211,75.5,70.0999984741211,75.0,2535.0
2015-07-28,73.6500015258789,75.5,73.25,73.5999984741211,3172.0
2015-07-29,73.25,74.5,73.25,74.3499984741211,4260.0
2015-07-30,72.19999694824219,79.9000015258789,72.19999694824219,74.5999984741211,5398.0
2015-07-31,73.05000305175781,76.4000015258789,73.05000305175781,76.4000015258789,508.0
2015-08-03,72.0,75.0,69.5999984741211,70.9000015258789,2530.0
2015-08-04,72.80000305175781,73.0,71.0,71.05000305175781,1297.0
2015-08-05,70.1500015258789,74.8499984741211,70.0999984741211,73.5,3319.0
2015-08-06,73.75,74.5,72.0999984741211,72.8499984741211,4890.0
2015-08-07,75.0,75.0,73.0,73.0,56.0
2015-08-10,74.0,75.0,73.0999984741211,73.0999984741211,262.0
2015-08-11,73.0999984741211,73.0999984741211,73.0999984741211,73.0999984741211,0.0
2015-08-12,71.9000015258789,74.0,69.6500015258789,72.5999984741211,1326.0
2015-08-13,69.5,75.5999984741211,69.0,72.9000015258789,2941.0
2015-08-14,67.5,72.0,67.5,69.1500015258789,820.0
2015-08-17,69.30000305175781,76.0,69.0,75.4000015258789,6124.0
2015-08-18,72.0,75.30000305175781,72.0,73.30000305175781,100.0
2015-08-19,71.19999694824219,72.4000015258789,69.55000305175781,70.1500015258789,6617.0
2015-08-20,69.0999984741211,69.0999984741211,64.94999694824219,67.5,667.0
2015-08-21,65.0,67.80000305175781,65.0,65.19999694824219,690.0
2015-08-24,65.19999694824219,66.0,57.599998474121094,65.0,1618.0
2015-08-25,64.9000015258789,67.0,64.9000015258789,66.55000305175781,2524.0
2015-08-26,66.5,66.5,63.400001525878906,65.0,330.0
2015-08-27,63.75,69.80000305175781,63.75,69.80000305175781,175.0
2015-08-28,66.0999984741211,70.0,65.5,67.0999984741211,1952.0
2015-08-31,68.0,68.0,68.0,68.0,100.0
2015-09-01,68.0,68.0,68.0,68.0,0.0
2015-09-02,70.0,70.0,65.0,65.05000305175781,277.0
2015-09-03,65.5999984741211,65.5999984741211,65.0,65.0999984741211,346.0
2015-09-04,65.0,65.0999984741211,65.0,65.0999984741211,456.0
2015-09-07,65.0999984741211,65.0999984741211,63.0,63.0,13410.0
2015-09-08,64.0999984741211,65.94999694824219,63.0,65.94999694824219,20083.0
2015-09-09,69.0,69.0,65.0,65.0,315.0
2015-09-10,65.0,65.0,65.0,65.0,404.0
2015-09-11,65.0,71.5,62.20000076293945,69.25,13209.0
2015-09-14,69.25,69.25,69.25,69.25,0.0
2015-09-15,63.29999923706055,65.05000305175781,63.29999923706055,65.05000305175781,74.0
2015-09-16,65.0,65.0,62.0,64.0,1052.0
2015-09-17,,,,,
2015-09-18,64.0,69.0,64.0,65.0,1641.0
2015-09-21,65.0,65.0,65.0,65.0,500.0
2015-09-22,62.20000076293945,64.5,62.150001525878906,64.0,1071.0
2015-09-23,62.45000076293945,65.25,62.45000076293945,65.05000305175781,1878.0
2015-09-24,65.3499984741211,68.44999694824219,64.94999694824219,65.3499984741211,4358.0
2015-09-25,,,,,
2015-09-28,64.25,65.5,64.25,65.5,1235.0
2015-09-29,64.0,65.05000305175781,64.0,65.05000305175781,658.0
2015-09-30,65.05000305175781,65.05000305175781,65.05000305175781,65.05000305175781,0.0
2015-10-01,64.5,65.1500015258789,64.5,65.1500015258789,2049.0
2015-10-02,,,,,
2015-10-05,64.0,64.9000015258789,62.0,64.6500015258789,2704.0
2015-10-06,64.0,64.0999984741211,63.25,63.95000076293945,1349.0
2015-10-07,63.75,67.0,63.0,65.25,2429.0
2015-10-08,65.25,65.25,64.0,64.5,840.0
2015-10-09,62.29999923706055,64.5,62.29999923706055,62.599998474121094,8539.0
2015-10-12,58.5,60.650001525878906,58.20000076293945,58.599998474121094,2668.0
2015-10-13,57.900001525878906,58.400001525878906,57.29999923706055,57.5,1445.0
2015-10-14,59.349998474121094,59.349998474121094,56.099998474121094,57.04999923706055,170.0
2015-10-15,57.0,57.0,56.0,56.04999923706055,678.0
2015-10-16,56.54999923706055,57.849998474121094,56.20000076293945,57.849998474121094,816.0
2015-10-19,59.79999923706055,59.95000076293945,53.5,57.75,681.0
2015-10-20,57.0,57.0,57.0,57.0,760.0
2015-10-21,56.0,57.25,56.0,57.25,407.0
2015-10-22,,,,,
2015-10-23,57.25,58.29999923706055,57.25,58.099998474121094,223.0
2015-10-26,57.099998474121094,58.150001525878906,57.099998474121094,58.099998474121094,368.0
2015-10-27,57.25,58.79999923706055,57.25,58.70000076293945,234.0
2015-10-28,58.849998474121094,58.900001525878906,56.95000076293945,58.900001525878906,5246.0
2015-10-29,57.25,58.849998474121094,57.25,57.5,221.0
2015-10-30,59.70000076293945,59.79999923706055,57.54999923706055,57.95000076293945,1300.0
2015-11-02,57.25,57.25,57.25,57.25,845.0
2015-11-03,57.25,57.25,57.0,57.099998474121094,1620.0
2015-11-04,56.0,59.0,55.099998474121094,59.0,1170.0
2015-11-05,59.79999923706055,59.79999923706055,55.0,56.900001525878906,9786.0
2015-11-06,60.150001525878906,68.25,60.150001525878906,63.04999923706055,21650.0
2015-11-09,63.0,65.0,56.150001525878906,62.150001525878906,5036.0
2015-11-10,58.900001525878906,59.45000076293945,57.0,57.5,2847.0
2015-11-11,,,,,
2015-11-12,,,,,
2015-11-13,59.0,60.5,58.5,58.54999923706055,1304.0
2015-11-16,58.54999923706055,63.54999923706055,58.54999923706055,59.349998474121094,277.0
2015-11-17,58.54999923706055,61.70000076293945,58.5,59.5,548.0
2015-11-18,59.099998474121094,63.5,58.95000076293945,59.20000076293945,2311.0
2015-11-19,60.0,61.75,60.0,61.04999923706055,85027.0
2015-11-20,60.04999923706055,62.79999923706055,60.04999923706055,60.20000076293945,5439.0
2015-11-23,59.54999923706055,61.900001525878906,59.54999923706055,61.29999923706055,202612.0
2015-11-24,61.04999923706055,70.19999694824219,60.09999847412109,69.4000015258789,908837.0
2015-11-25,,,,,
2015-11-26,70.0,75.94999694824219,69.0999984741211,73.94999694824219,835392.0
2015-11-27,74.5,76.75,68.0,71.94999694824219,12329.0
2015-11-30,70.05000305175781,70.80000305175781,68.0,68.0999984741211,1762.0
2015-12-01,71.0,71.0,65.0999984741211,67.9000015258789,2634.0
2015-12-02,68.0,68.25,68.0,68.0999984741211,1124.0
2015-12-03,66.0,75.0,66.0,74.1500015258789,5992.0
2015-12-04,72.0,77.0,71.5,71.5,3379.0
2015-12-07,71.05000305175781,71.44999694824219,68.0999984741211,70.94999694824219,445.0
2015-12-08,70.0,71.0,67.0999984741211,67.94999694824219,3944.0
2015-12-09,66.4000015258789,66.4000015258789,63.0,63.34999847412109,861.0
2015-12-10,63.20000076293945,65.9000015258789,63.20000076293945,65.0,334.0
2015-12-11,64.0,64.25,64.0,64.25,406.0
2015-12-14,61.0,61.0,61.0,61.0,100.0
2015-12-15,61.29999923706055,61.29999923706055,61.25,61.29999923706055,79.0
2015-12-16,54.95000076293945,63.400001525878906,54.95000076293945,62.5,157290.0
2015-12-17,61.54999923706055,63.0,61.54999923706055,62.25,5900.0
2015-12-18,68.0,74.69999694824219,67.5,74.69999694824219,230819.0
2015-12-21,82.80000305175781,84.9000015258789,80.0,82.3499984741211,93793.0
2015-12-22,82.9000015258789,82.9000015258789,73.5,75.0999984741211,53704.0
2015-12-23,74.0999984741211,76.94999694824219,71.0,72.75,84135.0
2015-12-24,70.55000305175781,74.0999984741211,70.55000305175781,72.55000305175781,74349.0
2015-12-28,68.0,72.5,67.0,69.80000305175781,15302.0
2015-12-29,69.5,71.94999694824219,68.5999984741211,69.1500015258789,7649.0
2015-12-30,67.0999984741211,70.0,67.0999984741211,69.25,3668.0
2015-12-31,68.9000015258789,69.5,68.0,68.0999984741211,1309.0
2016-01-01,69.0,70.19999694824219,68.19999694824219,69.05000305175781,1526.0
2016-01-04,69.4000015258789,70.0,66.30000305175781,67.05000305175781,5243.0
2016-01-05,66.4000015258789,67.94999694824219,66.3499984741211,67.0,2372.0
2016-01-06,66.55000305175781,68.5,66.55000305175781,67.0999984741211,2422.0
2016-01-07,65.3499984741211,66.75,65.3499984741211,66.05000305175781,4354.0
2016-01-08,65.6500015258789,68.6500015258789,65.25,67.6500015258789,3159.0
2016-01-11,67.0,67.94999694824219,63.0,66.6500015258789,1318.0
2016-01-12,66.4000015258789,67.4000015258789,63.25,64.1500015258789,2342.0
2016-01-13,62.70000076293945,66.0,62.0,63.0,4546.0
2016-01-14,63.0,65.0,60.25,61.75,21696.0
2016-01-15,64.4000015258789,64.4000015258789,60.5,61.25,87125.0
2016-01-18,59.20000076293945,61.0,58.0,58.34999847412109,45433.0
2016-01-19,55.0,60.95000076293945,53.34999847412109,56.75,93680.0
2016-01-20,55.400001525878906,57.70000076293945,53.20000076293945,55.54999923706055,28704.0
2016-01-21,54.04999923706055,56.45000076293945,54.04999923706055,55.650001525878906,435.0
2016-01-22,57.0,57.09999847412109,55.75,55.900001525878906,20437.0
2016-01-25,59.900001525878906,64.9000015258789,59.0,59.54999923706055,25747.0
2016-01-27,59.0,59.70000076293945,57.0,59.150001525878906,10638.0
2016-01-28,56.900001525878906,58.0,56.900001525878906,57.5,667.0
2016-01-29,59.75,59.75,57.04999923706055,59.29999923706055,3711.0
2016-02-01,58.0,58.0,57.5,57.75,14050.0
2016-02-02,55.0,60.0,55.0,57.70000076293945,23343.0
2016-02-03,57.0,58.5,56.0,56.5,26607.0
2016-02-04,56.5,56.900001525878906,54.04999923706055,54.04999923706055,4060.0
2016-02-05,56.34999847412109,57.0,51.79999923706055,53.900001525878906,7268.0
2016-02-08,54.04999923706055,54.09999847412109,54.04999923706055,54.04999923706055,800.0
2016-02-09,55.0,55.95000076293945,50.04999923706055,50.5,24524.0
2016-02-10,51.25,52.75,50.09999847412109,52.75,39050.0
2016-02-11,50.09999847412109,53.5,50.09999847412109,52.5,42468.0
2016-02-12,52.5,54.95000076293945,50.54999923706055,50.54999923706055,45595.0
2016-02-15,51.0,53.5,51.0,52.75,36798.0
2016-02-16,53.0,53.75,51.34999847412109,52.75,13076.0
2016-02-17,50.09999847412109,52.900001525878906,50.09999847412109,51.04999923706055,14492.0
2016-02-18,51.5,53.75,51.5,51.70000076293945,10747.0
2016-02-19,53.0,53.0,51.04999923706055,51.04999923706055,2089.0
2016-02-22,51.04999923706055,51.04999923706055,51.04999923706055,51.04999923706055,0.0
2016-02-23,51.04999923706055,51.04999923706055,51.04999923706055,51.04999923706055,0.0
2016-02-24,50.09999847412109,50.09999847412109,50.04999923706055,50.04999923706055,305.0
2016-02-25,50.150001525878906,50.20000076293945,50.150001525878906,50.20000076293945,25545.0
2016-02-26,50.150001525878906,51.0,49.04999923706055,51.0,25365.0
2016-02-29,49.09999847412109,49.95000076293945,46.150001525878906,47.150001525878906,410.0
2016-03-01,47.25,48.0,47.25,47.650001525878906,115.0
2016-03-02,48.25,49.75,45.25,48.5,864.0
2016-03-03,48.5,48.5,48.5,48.5,0.0
2016-03-04,50.0,50.0,50.0,50.0,450.0
2016-03-08,50.0,55.0,47.20000076293945,50.0,1002.0
2016-03-09,48.150001525878906,51.70000076293945,48.150001525878906,51.70000076293945,220.0
2016-03-10,51.0,51.900001525878906,47.75,50.0,485.0
2016-03-11,48.95000076293945,49.0,48.5,48.650001525878906,1686.0
2016-03-14,45.95000076293945,50.0,45.95000076293945,50.0,35187.0
2016-03-15,47.150001525878906,48.5,47.150001525878906,47.54999923706055,411.0
2016-03-16,48.900001525878906,48.900001525878906,48.900001525878906,48.900001525878906,100.0
2016-03-17,45.0,47.900001525878906,45.0,47.20000076293945,1598.0
2016-03-18,46.04999923706055,47.20000076293945,46.0,47.20000076293945,293.0
2016-03-21,42.650001525878906,48.84999847412109,42.650001525878906,46.95000076293945,520.0
2016-03-22,50.95000076293945,52.5,49.0,49.650001525878906,6944.0
2016-03-23,44.0,57.79999923706055,44.0,54.20000076293945,644942.0
2016-03-28,54.5,62.0,52.0,60.650001525878906,18969.0
2016-03-29,58.0,63.400001525878906,57.0,61.25,7834.0
2016-03-30,62.0,63.75,60.0,61.400001525878906,1423.0
2016-03-31,62.5,70.0,60.0,68.8499984741211,24061.0
2016-04-01,68.8499984741211,72.0,66.25,66.80000305175781,3756.0
2016-04-04,66.80000305175781,69.94999694824219,62.04999923706055,63.900001525878906,1973.0
2016-04-05,55.09999847412109,65.80000305175781,55.09999847412109,60.95000076293945,2508.0
2016-04-06,61.0,61.0,60.0,60.04999923706055,477.0
2016-04-07,58.29999923706055,58.29999923706055,58.09999847412109,58.09999847412109,104.0
2016-04-08,58.150001525878906,61.0,58.150001525878906,60.09999847412109,1865.0
2016-04-11,60.09999847412109,60.09999847412109,60.09999847412109,60.09999847412109,0.0
2016-04-12,59.0,59.5,56.59999847412109,59.5,536.0
2016-04-13,55.09999847412109,59.650001525878906,53.04999923706055,58.0,1821.0
2016-04-18,54.150001525878906,58.95000076293945,54.150001525878906,56.04999923706055,666.0
2016-04-20,58.0,58.0,58.0,58.0,108.0
2016-04-21,58.5,58.5,57.09999847412109,57.09999847412109,665.0
2016-04-22,56.59999847412109,56.59999847412109,56.59999847412109,56.59999847412109,130.0
2016-04-25,56.54999923706055,56.54999923706055,54.20000076293945,55.5,1502.0
2016-04-26,55.5,55.5,54.09999847412109,54.400001525878906,557.0
2016-04-27,54.5,54.5,54.0,54.0,2855.0
2016-04-28,55.59999847412109,55.59999847412109,54.25,55.34999847412109,408.0
2016-04-29,53.25,57.0,53.25,56.45000076293945,2266.0
2016-05-02,56.95000076293945,58.79999923706055,53.150001525878906,56.79999923706055,508.0
2016-05-03,57.75,67.94999694824219,56.0,56.0,2730.0
2016-05-04,57.95000076293945,59.5,56.0,56.0,453.0
2016-05-05,56.0,56.0,55.20000076293945,55.20000076293945,110.0
2016-05-06,55.20000076293945,55.20000076293945,55.20000076293945,55.20000076293945,0.0
2016-05-09,54.150001525878906,55.25,54.150001525878906,55.25,75.0
2016-05-10,55.54999923706055,55.54999923706055,55.54999923706055,55.54999923706055,10.0
2016-05-11,54.09999847412109,54.09999847412109,53.75,54.0,550.0
2016-05-12,53.0,54.650001525878906,52.79999923706055,54.650001525878906,172.0
2016-05-13,52.79999923706055,53.900001525878906,52.0,53.04999923706055,1088.0
2016-05-16,53.04999923706055,53.04999923706055,53.04999923706055,53.04999923706055,0.0
2016-05-17,53.900001525878906,53.900001525878906,51.34999847412109,52.20000076293945,30951.0
2016-05-18,53.95000076293945,53.95000076293945,51.5,51.5,24204.0
2016-05-19,52.0,52.0,51.54999923706055,51.54999923706055,676.0
2016-05-20,51.5,52.5,51.5,51.54999923706055,530.0
2016-05-23,50.0,50.0,47.0,47.0,5885.0
2016-05-24,48.95000076293945,48.95000076293945,47.0,48.20000076293945,1126.0
2016-05-25,44.54999923706055,48.70000076293945,44.54999923706055,48.59999847412109,996.0
2016-05-26,49.45000076293945,49.45000076293945,45.70000076293945,48.0,1349.0
2016-05-27,46.25,48.0,46.25,47.0,42105.0
2016-05-30,48.84999847412109,48.84999847412109,47.59999847412109,48.5,678.0
2016-05-31,47.0,47.0,45.20000076293945,46.34999847412109,442.0
2016-06-01,45.20000076293945,48.95000076293945,45.20000076293945,46.09999847412109,211.0
2016-06-02,45.09999847412109,49.79999923706055,45.0,47.84999847412109,393.0
2016-06-03,47.84999847412109,47.900001525878906,46.29999923706055,47.5,540.0
2016-06-06,46.0,46.0,46.0,46.0,200.0
2016-06-07,48.0,48.0,45.09999847412109,45.650001525878906,738.0
2016-06-08,45.5,47.70000076293945,45.5,47.5,801.0
2016-06-09,47.5,47.5,47.5,47.5,0.0
2016-06-10,46.0,48.0,45.650001525878906,46.900001525878906,1135.0
2016-06-13,46.0,50.0,45.25,50.0,478.0
2016-06-14,45.54999923706055,52.0,45.54999923706055,49.0,1452.0
2016-06-15,52.5,52.5,48.59999847412109,49.0,2644.0
2016-06-16,48.54999923706055,48.54999923706055,47.25,48.09999847412109,335.0
2016-06-17,47.04999923706055,48.0,47.04999923706055,48.0,437.0
2016-06-20,45.5,49.79999923706055,45.09999847412109,46.900001525878906,1308.0
2016-06-21,46.20000076293945,47.75,45.5,45.75,1790.0
2016-06-22,47.25,47.25,46.5,47.150001525878906,414.0
2016-06-23,48.0,48.0,44.0,45.0,3218.0
2016-06-24,44.04999923706055,47.0,39.09999847412109,43.09999847412109,6200.0
2016-06-27,41.0,46.45000076293945,41.0,44.0,1562.0
2016-06-28,46.45000076293945,46.5,44.0,45.0,367.0
2016-06-29,43.650001525878906,45.0,43.650001525878906,45.0,582.0
2016-06-30,43.59999847412109,45.0,43.54999923706055,45.0,1721.0
2016-07-01,45.95000076293945,46.0,44.0,44.09999847412109,1084.0
2016-07-04,43.20000076293945,47.95000076293945,43.20000076293945,45.29999923706055,1471.0
2016-07-05,44.70000076293945,48.59999847412109,44.59999847412109,47.650001525878906,1220.0
2016-07-07,47.400001525878906,47.5,45.0,46.75,4085.0
2016-07-08,45.650001525878906,49.75,45.59999847412109,47.25,2804.0
2016-07-11,47.5,49.75,47.0,47.5,346.0
2016-07-12,46.79999923706055,48.0,46.79999923706055,47.95000076293945,739.0
2016-07-13,46.0,46.95000076293945,44.95000076293945,46.09999847412109,1050.0
2016-07-14,45.650001525878906,47.0,45.59999847412109,46.650001525878906,751.0
2016-07-15,48.0,48.0,46.0,47.75,845.0
2016-07-18,46.0,47.900001525878906,45.900001525878906,46.95000076293945,2012.0
2016-07-19,45.400001525878906,47.0,44.650001525878906,46.45000076293945,828.0
2016-07-20,45.70000076293945,46.04999923706055,45.70000076293945,45.75,631.0
2016-07-21,47.79999923706055,47.79999923706055,45.0,47.34999847412109,1315.0
2016-07-22,43.59999847412109,46.70000076293945,43.59999847412109,46.650001525878906,337.0
2016-07-25,45.45000076293945,45.5,45.34999847412109,45.34999847412109,151.0
2016-07-26,47.900001525878906,47.900001525878906,45.0,45.45000076293945,1852.0
2016-07-27,44.150001525878906,45.95000076293945,44.0,45.95000076293945,2543.0
2016-07-28,46.0,48.0,45.09999847412109,47.54999923706055,261.0
2016-07-29,45.25,46.75,45.25,45.70000076293945,356.0
2016-08-01,46.09999847412109,46.09999847412109,45.0,45.04999923706055,280.0
2016-08-02,46.59999847412109,46.59999847412109,44.5,44.54999923706055,412.0
2016-08-03,46.59999847412109,47.0,44.0,44.54999923706055,1644.0
2016-08-04,44.04999923706055,44.20000076293945,43.29999923706055,43.75,228.0
2016-08-05,44.0,46.0,44.0,45.0,643.0
2016-08-08,43.650001525878906,43.70000076293945,43.650001525878906,43.70000076293945,718.0
2016-08-09,44.5,45.79999923706055,43.29999923706055,45.79999923706055,224.0
2016-08-10,45.400001525878906,45.5,43.5,45.400001525878906,74.0
2016-08-11,43.09999847412109,45.20000076293945,43.09999847412109,43.150001525878906,205.0
2016-08-12,44.5,44.5,43.150001525878906,44.20000076293945,351.0
2016-08-16,43.25,43.25,43.0,43.0,757.0
2016-08-17,49.0,49.0,41.0,44.95000076293945,300.0
2016-08-18,44.0,44.95000076293945,44.0,44.09999847412109,187.0
2016-08-19,43.04999923706055,44.0,43.04999923706055,43.09999847412109,230.0
2016-08-22,43.79999923706055,43.79999923706055,43.79999923706055,43.79999923706055,143.0
2016-08-23,44.150001525878906,44.20000076293945,44.04999923706055,44.09999847412109,636.0
2016-08-24,44.0,44.150001525878906,44.0,44.150001525878906,702.0
2016-08-25,43.25,52.0,43.25,48.09999847412109,2564.0
2016-08-26,45.0,49.0,45.0,46.29999923706055,1519.0
2016-08-29,45.04999923706055,47.95000076293945,45.04999923706055,46.0,15518.0
2016-08-30,45.84999847412109,50.400001525878906,45.75,49.400001525878906,2457.0
2016-08-31,48.0,49.900001525878906,47.54999923706055,49.5,1551.0
2016-09-01,51.0,51.0,48.09999847412109,48.09999847412109,881.0
2016-09-02,48.09999847412109,48.09999847412109,48.09999847412109,48.09999847412109,0.0
2016-09-06,45.04999923706055,47.150001525878906,45.04999923706055,47.09999847412109,1036.0
2016-09-07,46.20000076293945,48.20000076293945,45.70000076293945,48.20000076293945,17900.0
2016-09-08,45.54999923706055,45.54999923706055,45.5,45.54999923706055,414.0
2016-09-09,45.59999847412109,46.5,45.59999847412109,46.5,406.0
2016-09-12,46.900001525878906,46.900001525878906,45.59999847412109,45.59999847412109,151.0
2016-09-13,,,,,
2016-09-14,45.59999847412109,45.59999847412109,45.59999847412109,45.59999847412109,30.0
2016-09-15,45.59999847412109,45.75,45.150001525878906,45.150001525878906,5170.0
2016-09-16,45.09999847412109,46.75,45.09999847412109,46.75,228.0
2016-09-19,45.25,45.25,45.09999847412109,45.09999847412109,1801.0
2016-09-20,45.0,46.75,45.0,45.09999847412109,590.0
2016-09-21,45.04999923706055,46.900001525878906,45.04999923706055,45.5,1326.0
2016-09-22,45.0,46.84999847412109,44.54999923706055,46.0,803.0
2016-09-23,45.25,45.25,45.09999847412109,45.20000076293945,600.0
2016-09-26,47.5,47.70000076293945,45.0,46.0,1000.0
2016-09-27,45.09999847412109,45.20000076293945,45.09999847412109,45.150001525878906,575.0
2016-09-28,45.09999847412109,46.0,45.09999847412109,46.0,1833.0
2016-09-29,45.09999847412109,45.09999847412109,45.09999847412109,45.09999847412109,619.0
2016-09-30,45.0,45.0,44.0,44.0,350.0
2016-10-03,42.29999923706055,45.95000076293945,42.29999923706055,44.04999923706055,632.0
2016-10-04,44.95000076293945,45.70000076293945,44.0,44.0,251.0
2016-10-05,43.650001525878906,44.0,43.650001525878906,44.0,52.0
2016-10-06,44.04999923706055,44.04999923706055,43.5,43.54999923706055,820.0
2016-10-07,44.900001525878906,44.900001525878906,43.0,44.150001525878906,320.0
2016-10-10,43.09999847412109,43.70000076293945,42.400001525878906,43.70000076293945,4415.0
2016-10-11,,,,,
2016-10-12,,,,,
2016-10-13,43.20000076293945,44.0,43.09999847412109,44.0,180.0
2016-10-14,43.09999847412109,48.0,42.0,47.29999923706055,7806.0
2016-10-17,46.0,46.0,46.0,46.0,150.0
2016-10-18,45.04999923706055,45.45000076293945,44.0,44.04999923706055,1005.0
2016-10-19,45.0,45.0,43.0,43.0,6826.0
2016-10-20,43.150001525878906,43.400001525878906,42.04999923706055,43.0,6300.0
2016-10-21,43.04999923706055,43.5,42.400001525878906,42.400001525878906,29009.0
2016-10-24,43.25,44.0,42.25,43.09999847412109,17454.0
2016-10-25,44.0,44.400001525878906,41.650001525878906,44.400001525878906,14593.0
2016-10-26,43.79999923706055,44.0,42.04999923706055,42.34999847412109,7168.0
2016-10-27,44.0,44.0,42.650001525878906,42.650001525878906,878.0
2016-10-28,42.04999923706055,43.0,41.150001525878906,43.0,16515.0
2016-11-01,42.0,42.04999923706055,41.650001525878906,41.650001525878906,18915.0
2016-11-02,41.0,43.79999923706055,41.0,41.400001525878906,11843.0
2016-11-03,41.5,43.45000076293945,41.5,43.0,39928.0
2016-11-04,42.650001525878906,42.650001525878906,41.20000076293945,41.5,16432.0
2016-11-07,42.0,42.70000076293945,41.54999923706055,42.0,20518.0
2016-11-08,41.150001525878906,41.20000076293945,41.150001525878906,41.150001525878906,251.0
2016-11-09,40.0,41.0,36.25,40.0,19740.0
2016-11-10,41.0,41.04999923706055,40.150001525878906,41.0,515.0
2016-11-11,40.20000076293945,42.0,40.20000076293945,40.25,432.0
2016-11-15,40.09999847412109,40.09999847412109,39.0,39.04999923706055,600.0
2016-11-16,39.0,39.0,35.25,38.900001525878906,14570.0
2016-11-17,38.5,39.0,36.0,36.54999923706055,12848.0
2016-11-18,38.95000076293945,40.0,38.04999923706055,38.04999923706055,1115.0
2016-11-21,36.59999847412109,37.5,36.59999847412109,37.0,3322.0
2016-11-22,36.75,36.75,33.099998474121094,35.0,17019.0
2016-11-23,34.5,36.5,30.200000762939453,36.5,35714.0
2016-11-24,36.0,37.0,35.0,35.0,981.0
2016-11-25,35.5,35.54999923706055,33.650001525878906,33.70000076293945,8023.0
2016-11-28,35.349998474121094,35.5,32.25,35.20000076293945,30729.0
2016-11-29,35.0,38.0,34.0,38.0,10582.0
2016-11-30,35.5,39.0,35.5,38.54999923706055,3633.0
2016-12-01,39.84999847412109,39.84999847412109,36.29999923706055,36.34999847412109,6150.0
2016-12-02,36.0,38.0,35.29999923706055,36.5,6200.0
2016-12-05,35.599998474121094,37.95000076293945,34.25,35.20000076293945,13842.0
2016-12-06,35.099998474121094,37.84999847412109,35.099998474121094,36.5,252.0
2016-12-07,35.599998474121094,35.599998474121094,35.54999923706055,35.54999923706055,1302.0
2016-12-08,36.25,38.79999923706055,35.650001525878906,38.5,14420.0
2016-12-09,39.79999923706055,39.79999923706055,37.0,37.20000076293945,700.0
2016-12-12,37.0,37.04999923706055,36.04999923706055,36.79999923706055,23150.0
2016-12-13,37.0,37.0,37.0,37.0,25.0
2016-12-14,35.400001525878906,37.0,35.400001525878906,36.59999847412109,6074.0
2016-12-15,37.0,37.0,37.0,37.0,250.0
2016-12-16,37.0,38.0,37.0,38.0,114.0
2016-12-19,36.5,38.04999923706055,36.0,37.0,6797.0
2016-12-20,37.0,37.0,37.0,37.0,0.0
2016-12-21,36.650001525878906,36.650001525878906,36.650001525878906,36.650001525878906,10.0
2016-12-22,40.0,40.0,36.5,36.5,326.0
2016-12-23,36.54999923706055,38.0,36.54999923706055,37.04999923706055,7685.0
2016-12-26,37.04999923706055,38.75,37.04999923706055,38.75,353.0
2016-12-27,38.75,38.75,38.75,38.75,0.0
2016-12-28,37.04999923706055,37.09999847412109,35.599998474121094,36.34999847412109,10808.0
2016-12-29,40.0,40.0,36.20000076293945,36.34999847412109,281.0
2016-12-30,36.150001525878906,38.900001525878906,36.150001525878906,36.400001525878906,5637.0
2017-01-02,36.150001525878906,39.0,36.150001525878906,38.0,7404.0
2017-01-03,38.0,39.0,37.34999847412109,37.54999923706055,1084.0
2017-01-04,38.95000076293945,39.95000076293945,37.70000076293945,38.150001525878906,10672.0
2017-01-05,37.25,38.79999923706055,37.25,37.70000076293945,22888.0
2017-01-06,40.0,40.0,38.09999847412109,39.79999923706055,187.0
2017-01-09,39.79999923706055,40.0,37.29999923706055,39.59999847412109,18188.0
2017-01-10,39.25,41.900001525878906,37.25,39.95000076293945,14878.0
2017-01-11,38.5,38.95000076293945,38.5,38.95000076293945,300.0
2017-01-12,40.0,40.0,38.5,38.59999847412109,6521.0
2017-01-13,38.59999847412109,39.5,38.400001525878906,38.54999923706055,10695.0
2017-01-16,39.5,39.5,38.150001525878906,38.25,8190.0
2017-01-17,38.25,38.34999847412109,38.25,38.34999847412109,4850.0
2017-01-18,38.34999847412109,38.34999847412109,38.34999847412109,38.34999847412109,0.0
2017-01-19,44.0,44.0,38.400001525878906,38.650001525878906,16103.0
2017-01-20,39.0,39.0,37.09999847412109,38.650001525878906,28538.0
2017-01-23,38.09999847412109,38.5,38.09999847412109,38.5,8100.0
2017-01-24,38.25,38.29999923706055,38.0,38.0,10084.0
2017-01-25,38.09999847412109,38.09999847412109,38.04999923706055,38.04999923706055,389.0
2017-01-27,38.04999923706055,39.29999923706055,38.04999923706055,38.650001525878906,1214.0
2017-01-30,38.650001525878906,41.0,38.54999923706055,39.5,1485.0
2017-01-31,38.5,39.0,38.09999847412109,39.0,1081.0
2017-02-01,39.0,39.0,39.0,39.0,0.0
2017-02-02,38.150001525878906,40.0,38.150001525878906,39.5,465.0
2017-02-03,38.5,40.0,38.25,39.5,1894.0
2017-02-06,39.5,40.0,38.79999923706055,38.79999923706055,441.0
2017-02-07,45.95000076293945,45.95000076293945,39.09999847412109,39.09999847412109,742.0
2017-02-08,38.70000076293945,39.5,38.09999847412109,38.400001525878906,4542.0
2017-02-09,39.95000076293945,41.0,39.25,40.5,2937.0
2017-02-10,42.95000076293945,42.95000076293945,39.0,39.20000076293945,675.0
2017-02-13,39.0,39.70000076293945,38.150001525878906,39.70000076293945,1473.0
2017-02-14,40.0,42.0,39.0,39.0,2173.0
2017-02-15,39.0,39.0,39.0,39.0,0.0
2017-02-16,39.04999923706055,39.04999923706055,38.5,38.54999923706055,100.0
2017-02-17,39.150001525878906,39.900001525878906,39.150001525878906,39.20000076293945,393.0
2017-02-20,39.0,39.5,39.0,39.09999847412109,829.0
2017-02-21,39.900001525878906,41.0,39.650001525878906,40.04999923706055,2483.0
2017-02-22,42.0,42.0,41.29999923706055,41.29999923706055,8.0
2017-02-23,39.150001525878906,39.5,39.150001525878906,39.5,200.0
2017-02-27,39.20000076293945,41.0,39.20000076293945,39.84999847412109,458.0
2017-02-28,39.29999923706055,39.95000076293945,39.29999923706055,39.54999923706055,186.0
2017-03-01,40.400001525878906,40.400001525878906,39.150001525878906,39.900001525878906,789.0
2017-03-02,40.0,41.0,39.45000076293945,39.59999847412109,502.0
2017-03-03,38.150001525878906,41.75,38.150001525878906,41.0,49593.0
2017-03-06,41.0,49.0,39.650001525878906,48.75,47145.0
2017-03-07,49.09999847412109,52.20000076293945,46.09999847412109,49.0,110001.0
2017-03-08,51.0,54.900001525878906,48.09999847412109,52.25,57829.0
2017-03-09,50.0,52.0,48.09999847412109,48.45000076293945,8301.0
2017-03-10,51.900001525878906,51.900001525878906,48.34999847412109,48.900001525878906,4558.0
2017-03-14,48.5,48.5,45.0,45.79999923706055,1674.0
2017-03-15,48.20000076293945,48.20000076293945,44.0,44.150001525878906,1293.0
2017-03-16,45.0,45.0,42.09999847412109,44.59999847412109,1319.0
2017-03-17,44.0,45.84999847412109,43.400001525878906,43.400001525878906,73671.0
2017-03-20,43.09999847412109,47.0,42.54999923706055,45.0,224478.0
2017-03-21,45.0,46.09999847412109,43.75,44.25,25233.0
2017-03-22,46.0,46.900001525878906,43.84999847412109,44.0,150118.0
2017-03-23,45.95000076293945,49.70000076293945,44.95000076293945,48.0,22158.0
2017-03-24,50.0,55.400001525878906,45.150001525878906,52.900001525878906,27799.0
2017-03-27,55.400001525878906,58.5,50.34999847412109,57.79999923706055,10778.0
2017-03-28,60.59999847412109,63.0,57.70000076293945,60.650001525878906,265359.0
2017-03-29,62.5,62.5,54.0,55.150001525878906,209796.0
2017-03-30,58.0,58.900001525878906,51.0,56.29999923706055,47708.0
2017-03-31,59.20000076293945,59.20000076293945,50.5,50.900001525878906,20858.0
2017-04-03,52.25,52.900001525878906,48.45000076293945,50.79999923706055,2792.0
2017-04-05,50.0,50.5,48.09999847412109,50.34999847412109,2913.0
2017-04-06,49.59999847412109,49.59999847412109,48.20000076293945,49.04999923706055,2503.0
2017-04-07,52.95000076293945,52.95000076293945,48.29999923706055,48.34999847412109,1630.0
2017-04-10,51.45000076293945,51.5,48.54999923706055,50.0,676.0
2017-04-11,49.150001525878906,50.95000076293945,49.0,49.09999847412109,1582.0
2017-04-12,49.09999847412109,50.0,48.59999847412109,49.95000076293945,273.0
2017-04-13,50.0,50.900001525878906,49.95000076293945,50.54999923706055,1205.0
2017-04-17,53.0,53.0,48.150001525878906,48.70000076293945,375.0
2017-04-18,48.5,51.0,47.0,51.0,847.0
2017-04-19,48.29999923706055,48.29999923706055,48.29999923706055,48.29999923706055,28.0
2017-04-20,48.5,50.0,48.45000076293945,48.5,669.0
2017-04-21,48.09999847412109,49.0,48.0,48.75,751.0
2017-04-24,49.0,49.0,47.5,47.59999847412109,340.0
2017-04-25,48.5,49.900001525878906,48.5,48.54999923706055,1084.0
2017-04-26,48.79999923706055,48.79999923706055,48.0,48.0,238.0
2017-04-27,48.09999847412109,49.95000076293945,47.09999847412109,49.95000076293945,1980.0
2017-04-28,49.0,49.95000076293945,47.400001525878906,49.95000076293945,1721.0
2017-05-02,48.04999923706055,48.04999923706055,48.0,48.0,540.0
2017-05-03,46.59999847412109,46.59999847412109,46.59999847412109,46.59999847412109,218.0
2017-05-04,45.20000076293945,46.75,44.25,45.0,77989.0
2017-05-05,45.150001525878906,46.0,43.59999847412109,44.900001525878906,15864.0
2017-05-08,43.29999923706055,44.70000076293945,43.29999923706055,43.34999847412109,1049.0
2017-05-09,43.400001525878906,45.95000076293945,43.34999847412109,45.95000076293945,129306.0
2017-05-10,45.0,47.0,45.0,46.5,13650.0
2017-05-11,44.59999847412109,46.900001525878906,44.0,44.59999847412109,1426.0
2017-05-12,43.20000076293945,45.0,43.20000076293945,44.59999847412109,365.0
2017-05-15,44.0,46.0,44.0,45.20000076293945,817.0
2017-05-16,44.5,45.95000076293945,44.5,45.0,517.0
2017-05-17,45.5,46.900001525878906,45.04999923706055,46.0,2047.0
2017-05-18,45.09999847412109,46.900001525878906,44.09999847412109,46.0,136.0
2017-05-19,45.09999847412109,50.0,43.5,49.5,7508.0
2017-05-22,51.5,51.5,45.20000076293945,46.79999923706055,3170.0
2017-05-23,45.0,46.0,45.0,45.04999923706055,1313.0
2017-05-24,44.59999847412109,44.59999847412109,43.29999923706055,43.29999923706055,150.0
2017-05-25,44.0,45.79999923706055,43.0,43.20000076293945,65561.0
2017-05-26,44.0,44.0,43.79999923706055,43.79999923706055,218.0
2017-05-29,43.09999847412109,43.09999847412109,43.0,43.0,448.0
2017-05-30,43.0,43.0,42.04999923706055,42.20000076293945,338.0
2017-05-31,44.45000076293945,44.45000076293945,42.150001525878906,42.150001525878906,223.0
2017-06-01,42.150001525878906,42.150001525878906,42.150001525878906,42.150001525878906,217.0
2017-06-02,42.0,42.29999923706055,42.0,42.29999923706055,1129.0
2017-06-05,42.29999923706055,43.0,42.29999923706055,43.0,1325.0
2017-06-06,43.0,44.0,43.0,44.0,39.0
2017-06-07,42.0,43.04999923706055,42.0,43.0,1820.0
2017-06-08,42.650001525878906,42.70000076293945,42.59999847412109,42.70000076293945,1076.0
2017-06-09,43.5,43.95000076293945,42.5,42.54999923706055,433.0
2017-06-12,42.5,42.5,42.5,42.5,415.0
2017-06-13,42.5,43.900001525878906,42.5,43.900001525878906,64.0
2017-06-14,42.59999847412109,44.400001525878906,42.59999847412109,43.900001525878906,46223.0
2017-06-15,43.0,44.400001525878906,43.0,43.0,35609.0
2017-06-16,43.09999847412109,43.900001525878906,43.0,43.0,28147.0
2017-06-19,42.59999847412109,43.20000076293945,42.59999847412109,43.0,140.0
2017-06-20,43.0,44.400001525878906,42.5,43.400001525878906,20337.0
2017-06-21,44.79999923706055,44.900001525878906,43.0,43.25,9304.0
2017-06-22,44.75,45.5,43.20000076293945,44.59999847412109,22604.0
2017-06-23,45.0,45.95000076293945,44.04999923706055,44.150001525878906,4130.0
2017-06-27,43.59999847412109,44.5,43.59999847412109,44.04999923706055,565.0
2017-06-28,44.95000076293945,49.900001525878906,44.25,45.45000076293945,77441.0
2017-06-29,45.0,45.5,44.150001525878906,44.59999847412109,18923.0
2017-06-30,44.5,46.0,44.5,44.70000076293945,2488.0
2017-07-03,44.75,45.5,44.75,45.0,600.0
2017-07-04,44.09999847412109,45.0,44.09999847412109,44.09999847412109,908.0
2017-07-05,44.150001525878906,45.5,44.150001525878906,44.54999923706055,1218.0
2017-07-06,44.59999847412109,44.75,44.54999923706055,44.59999847412109,2070.0
2017-07-07,46.0,53.5,45.150001525878906,53.5,7439.0
2017-07-10,53.0,58.45000076293945,50.20000076293945,56.150001525878906,5189.0
2017-07-11,56.20000076293945,61.0,55.25,59.25,15347.0
2017-07-12,62.5,62.5,55.70000076293945,56.70000076293945,7048.0
2017-07-13,54.75,59.900001525878906,54.650001525878906,58.70000076293945,5989.0
2017-07-14,58.0,60.0,56.0,58.400001525878906,666.0
2017-07-17,60.0,63.70000076293945,53.0,54.400001525878906,1511.0
2017-07-18,57.0,57.0,55.25,55.25,300.0
2017-07-19,55.04999923706055,58.0,54.79999923706055,57.70000076293945,1163.0
2017-07-20,55.0,55.0,55.0,55.0,795.0
2017-07-21,52.29999923706055,52.54999923706055,52.29999923706055,52.54999923706055,150.0
2017-07-24,52.54999923706055,55.0,50.29999923706055,50.29999923706055,4704.0
2017-07-25,50.04999923706055,51.900001525878906,50.04999923706055,50.09999847412109,30522.0
2017-07-26,50.09999847412109,52.0,50.09999847412109,51.400001525878906,23581.0
2017-07-27,50.04999923706055,50.04999923706055,50.04999923706055,50.04999923706055,1190.0
2017-07-28,50.0,50.04999923706055,50.0,50.04999923706055,595.0
2017-07-31,52.0,52.54999923706055,50.09999847412109,52.54999923706055,1166.0
2017-08-01,50.150001525878906,51.09999847412109,50.150001525878906,51.09999847412109,771.0
2017-08-02,50.150001525878906,50.25,50.150001525878906,50.25,368.0
2017-08-03,51.04999923706055,51.04999923706055,51.04999923706055,51.04999923706055,99.0
2017-08-04,50.150001525878906,50.150001525878906,50.150001525878906,50.150001525878906,128.0
2017-08-07,50.0,50.0,50.0,50.0,573.0
2017-08-08,50.150001525878906,50.150001525878906,47.5,47.5,67320.0
2017-08-09,46.0,46.0,46.0,46.0,33.0
2017-08-10,48.29999923706055,48.29999923706055,46.79999923706055,47.59999847412109,490.0
2017-08-11,45.29999923706055,45.400001525878906,45.29999923706055,45.400001525878906,638.0
2017-08-14,45.0,45.34999847412109,45.0,45.34999847412109,32070.0
2017-08-15,,,,,
2017-08-16,45.04999923706055,45.150001525878906,45.04999923706055,45.150001525878906,77.0
2017-08-17,45.04999923706055,45.04999923706055,45.04999923706055,45.04999923706055,81.0
2017-08-18,45.04999923706055,45.04999923706055,45.04999923706055,45.04999923706055,0.0
2017-08-21,45.04999923706055,45.04999923706055,45.04999923706055,45.04999923706055,0.0
2017-08-22,45.04999923706055,45.04999923706055,42.79999923706055,43.0,269.0
2017-08-23,43.04999923706055,43.04999923706055,43.04999923706055,43.04999923706055,28.0
2017-08-24,45.04999923706055,45.04999923706055,45.04999923706055,45.04999923706055,700.0
2017-08-25,,,,,
2017-08-28,45.25,47.25,45.25,45.25,370.0
2017-08-29,45.04999923706055,45.04999923706055,45.0,45.0,2685.0
2017-08-30,44.09999847412109,44.09999847412109,44.09999847412109,44.09999847412109,10.0
2017-08-31,43.04999923706055,45.400001525878906,43.04999923706055,44.150001525878906,592.0
2017-09-01,45.04999923706055,46.29999923706055,45.0,45.20000076293945,863.0
2017-09-04,45.25,45.25,45.25,45.25,83.0
2017-09-05,46.0,46.0,46.0,46.0,42.0
2017-09-06,45.04999923706055,45.04999923706055,45.04999923706055,45.04999923706055,33.0
2017-09-07,45.04999923706055,45.04999923706055,45.04999923706055,45.04999923706055,0.0
2017-09-08,46.04999923706055,46.5,46.04999923706055,46.5,200.0
2017-09-11,46.04999923706055,46.04999923706055,46.04999923706055,46.04999923706055,10.0
2017-09-12,46.04999923706055,46.04999923706055,46.04999923706055,46.04999923706055,200.0
2017-09-13,45.150001525878906,45.29999923706055,45.150001525878906,45.29999923706055,282.0
2017-09-14,45.25,45.25,45.25,45.25,23.0
2017-09-15,47.5,47.5,47.0,47.04999923706055,7884.0
2017-09-18,46.650001525878906,46.650001525878906,45.0,46.04999923706055,3239.0
2017-09-19,45.04999923706055,46.650001525878906,45.0,45.650001525878906,6580.0
2017-09-20,46.900001525878906,46.900001525878906,45.09999847412109,45.09999847412109,665.0
2017-09-21,44.5,45.5,44.5,44.75,4233.0
2017-09-22,44.25,46.95000076293945,44.25,46.59999847412109,842.0
2017-09-25,45.04999923706055,48.79999923706055,45.04999923706055,45.59999847412109,3431.0
2017-09-26,45.09999847412109,47.84999847412109,45.09999847412109,47.84999847412109,297.0
2017-09-27,45.75,49.95000076293945,45.70000076293945,49.79999923706055,1165.0
2017-09-28,49.0,49.0,47.34999847412109,47.59999847412109,1225.0
2017-09-29,47.59999847412109,47.59999847412109,47.59999847412109,47.59999847412109,0.0
2017-10-02,,,,,
2017-10-03,45.54999923706055,48.5,45.5,48.34999847412109,5186.0
2017-10-04,46.75,50.75,46.75,48.150001525878906,1848.0
2017-10-05,47.20000076293945,47.20000076293945,47.0,47.0,1171.0
2017-10-06,45.09999847412109,49.5,45.04999923706055,47.20000076293945,1057.0
2017-10-09,47.0,47.0,47.0,47.0,775.0
2017-10-10,45.54999923706055,48.0,45.54999923706055,48.0,662.0
2017-10-11,46.25,48.5,46.25,46.54999923706055,3631.0
2017-10-12,45.34999847412109,45.34999847412109,45.34999847412109,45.34999847412109,65.0
2017-10-13,46.04999923706055,46.150001525878906,46.04999923706055,46.150001525878906,264.0
2017-10-16,44.25,48.45000076293945,44.25,47.0,1595.0
2017-10-17,46.150001525878906,46.20000076293945,46.150001525878906,46.20000076293945,365.0
2017-10-18,44.75,47.0,44.75,46.04999923706055,3479.0
2017-10-19,46.0,46.0,46.0,46.0,1.0
2017-10-20,,,,,
2017-10-23,46.04999923706055,46.04999923706055,46.04999923706055,46.04999923706055,18.0
2017-10-24,47.900001525878906,47.900001525878906,45.59999847412109,47.900001525878906,2194.0
2017-10-25,46.20000076293945,49.59999847412109,46.20000076293945,46.5,55666.0
2017-10-26,45.400001525878906,48.0,45.400001525878906,48.0,6338.0
2017-10-27,46.150001525878906,50.400001525878906,46.150001525878906,49.04999923706055,55401.0
2017-10-30,49.25,49.75,48.0,49.59999847412109,7629.0
2017-10-31,49.5,49.75,47.84999847412109,49.75,4006.0
2017-11-01,48.29999923706055,48.29999923706055,48.25,48.25,78.0
2017-11-02,48.0,50.5,47.54999923706055,48.54999923706055,1640.0
2017-11-03,48.150001525878906,50.0,47.79999923706055,47.79999923706055,536.0
2017-11-06,50.0,50.0,47.5,49.70000076293945,3242.0
2017-11-07,48.09999847412109,49.45000076293945,48.09999847412109,49.34999847412109,118.0
2017-11-08,48.0,49.34999847412109,47.5,48.150001525878906,928.0
2017-11-09,48.09999847412109,49.09999847412109,48.09999847412109,49.09999847412109,20.0
2017-11-10,48.29999923706055,48.29999923706055,48.29999923706055,48.29999923706055,18.0
2017-11-13,47.5,48.5,47.5,48.5,500.0
2017-11-14,48.09999847412109,50.0,48.09999847412109,49.0,801.0
2017-11-15,48.04999923706055,48.04999923706055,48.04999923706055,48.04999923706055,16.0
2017-11-16,48.09999847412109,49.0,48.09999847412109,48.59999847412109,80.0
2017-11-17,48.04999923706055,48.04999923706055,48.04999923706055,48.04999923706055,100.0
2017-11-20,48.04999923706055,48.04999923706055,48.04999923706055,48.04999923706055,0.0
2017-11-21,48.150001525878906,49.25,48.150001525878906,48.29999923706055,2417.0
2017-11-22,50.0,50.0,47.150001525878906,49.400001525878906,2750.0
2017-11-23,50.0,51.5,48.20000076293945,49.900001525878906,575.0
2017-11-24,49.04999923706055,49.04999923706055,49.0,49.0,1478.0
2017-11-27,49.0,50.0,47.75,49.84999847412109,2035.0
2017-11-28,48.5,49.5,48.25,49.5,153.0
2017-11-29,48.09999847412109,51.0,48.09999847412109,50.59999847412109,3746.0
2017-11-30,49.09999847412109,51.900001525878906,49.09999847412109,51.150001525878906,325.0
2017-12-01,51.0,52.0,51.0,52.0,595.0
2017-12-04,49.5,49.75,49.5,49.5,1916.0
2017-12-05,47.09999847412109,51.0,47.09999847412109,48.150001525878906,372.0
2017-12-06,48.09999847412109,49.900001525878906,48.09999847412109,49.900001525878906,238.0
2017-12-07,49.04999923706055,52.0,49.04999923706055,51.59999847412109,96.0
2017-12-08,50.04999923706055,52.0,50.04999923706055,51.95000076293945,3752.0
2017-12-11,50.04999923706055,51.79999923706055,49.5,51.0,7132.0
2017-12-12,50.0,50.0,49.54999923706055,49.54999923706055,781.0
2017-12-13,48.0,49.0,48.0,48.54999923706055,310.0
2017-12-14,48.0,49.75,48.0,49.75,100.0
2017-12-15,48.0,54.0,48.0,53.5,1698.0
2017-12-18,55.0,55.95000076293945,48.59999847412109,52.45000076293945,1092.0
2017-12-19,50.0,53.0,49.150001525878906,51.70000076293945,3305.0
2017-12-20,50.04999923706055,51.75,50.04999923706055,50.95000076293945,934.0
2017-12-21,50.04999923706055,51.75,50.04999923706055,51.70000076293945,1726.0
2017-12-22,52.0,52.0,50.09999847412109,51.70000076293945,2025.0
2017-12-26,50.09999847412109,51.0,49.20000076293945,50.04999923706055,631.0
2017-12-27,50.0,50.0,50.0,50.0,690.0
2017-12-28,50.0,51.0,49.0,51.0,539.0
2017-12-29,50.0,53.0,50.0,50.0,954.0
2018-01-01,48.5,50.0,48.5,50.0,244.0
2018-01-02,50.0,50.04999923706055,50.0,50.04999923706055,169.0
2018-01-03,49.25,52.0,49.25,52.0,660.0
2018-01-04,50.09999847412109,53.0,50.09999847412109,51.0,1008.0
2018-01-05,50.04999923706055,51.5,50.04999923706055,50.04999923706055,672.0
2018-01-08,50.04999923706055,52.900001525878906,50.04999923706055,52.45000076293945,390.0
2018-01-09,50.5,52.5,50.5,52.0,20528.0
2018-01-10,50.09999847412109,50.25,50.09999847412109,50.25,499.0
2018-01-11,50.34999847412109,54.0,50.34999847412109,53.84999847412109,1557.0
2018-01-12,51.150001525878906,52.900001525878906,51.150001525878906,52.84999847412109,579.0
2018-01-15,50.400001525878906,53.900001525878906,50.400001525878906,53.900001525878906,70.0
2018-01-16,50.04999923706055,52.75,50.04999923706055,52.5,83592.0
2018-01-17,53.54999923706055,55.5,52.54999923706055,55.150001525878906,1577.0
2018-01-18,54.0,60.0,51.150001525878906,58.34999847412109,7172.0
2018-01-19,58.0,60.0,54.09999847412109,58.150001525878906,5777.0
2018-01-22,60.0,63.5,56.0,61.79999923706055,18249.0
2018-01-23,67.0,67.94999694824219,63.0,67.75,52158.0
2018-01-24,66.0,68.4000015258789,64.4000015258789,64.4000015258789,8801.0
2018-01-25,64.0,64.0,61.20000076293945,61.29999923706055,6341.0
2018-01-26,,,,,
2018-01-29,59.0,61.75,58.25,58.34999847412109,5231.0
2018-01-30,57.5,57.5,55.5,55.54999923706055,965.0
2018-01-31,55.54999923706055,56.0,54.54999923706055,55.29999923706055,1355.0
2018-02-01,57.95000076293945,57.95000076293945,54.400001525878906,54.650001525878906,731.0
2018-02-02,54.45000076293945,55.45000076293945,54.400001525878906,55.45000076293945,746.0
2018-02-05,56.0,58.0,54.09999847412109,57.79999923706055,2106.0
2018-02-06,56.0,56.0,54.95000076293945,54.95000076293945,460.0
2018-02-07,53.04999923706055,53.900001525878906,53.04999923706055,53.34999847412109,1005.0
2018-02-08,53.25,55.0,51.04999923706055,54.70000076293945,4080.0
2018-02-09,52.04999923706055,54.5,52.0,54.34999847412109,1696.0
2018-02-12,52.5,53.04999923706055,51.650001525878906,52.45000076293945,7563.0
2018-02-13,,,,,
2018-02-14,54.400001525878906,54.400001525878906,51.04999923706055,51.04999923706055,1531.0
2018-02-15,50.0,50.0,49.04999923706055,49.04999923706055,3183.0
2018-02-16,49.09999847412109,49.150001525878906,48.0,48.04999923706055,2200.0
2018-02-19,48.0,48.0,48.0,48.0,923.0
2018-02-20,48.0,50.400001525878906,47.5,49.09999847412109,56705.0
2018-02-21,48.20000076293945,49.0,47.04999923706055,48.45000076293945,6803.0
2018-02-22,47.34999847412109,48.5,47.34999847412109,47.5,5010.0
2018-02-23,47.0,49.0,47.0,48.75,8930.0
2018-02-26,47.04999923706055,50.0,47.0,49.84999847412109,7011.0
2018-02-27,48.5,49.900001525878906,48.5,49.0,5468.0
2018-02-28,48.0,49.0,47.650001525878906,48.400001525878906,168420.0
2018-03-01,47.150001525878906,47.29999923706055,47.09999847412109,47.25,68594.0
2018-03-02,,,,,
2018-03-05,46.45000076293945,48.75,46.45000076293945,48.5,56805.0
2018-03-06,47.20000076293945,50.900001525878906,46.900001525878906,47.5,108004.0
2018-03-07,47.5,48.5,46.25,46.75,63282.0
2018-03-08,46.0,49.04999923706055,44.59999847412109,49.04999923706055,12283.0
2018-03-09,49.0,51.400001525878906,49.0,51.400001525878906,30352.0
2018-03-12,53.54999923706055,53.95000076293945,53.0,53.95000076293945,57175.0
2018-03-13,56.29999923706055,56.59999847412109,51.29999923706055,56.04999923706055,6855.0
2018-03-14,53.25,58.84999847412109,53.25,58.84999847412109,6779.0
2018-03-15,61.20000076293945,61.75,56.09999847412109,61.29999923706055,20340.0
2018-03-16,61.5,64.3499984741211,61.5,64.3499984741211,13807.0
2018-03-19,64.69999694824219,67.0,64.4000015258789,64.69999694824219,18476.0
2018-03-20,64.69999694824219,67.9000015258789,64.69999694824219,66.3499984741211,214115.0
2018-03-21,66.4000015258789,68.5,65.5999984741211,67.8499984741211,96426.0
2018-03-22,67.1500015258789,67.1500015258789,65.44999694824219,67.0,92352.0
2018-03-23,64.0999984741211,66.5,64.0999984741211,66.5,295418.0
2018-03-26,64.0999984741211,66.1500015258789,63.20000076293945,63.70000076293945,134343.0
2018-03-27,65.0,65.5,63.79999923706055,65.0,12946.0
2018-03-28,65.80000305175781,66.80000305175781,64.6500015258789,65.6500015258789,5039.0
2018-03-29,,,,,
2018-04-02,66.0,68.9000015258789,65.0,65.94999694824219,3804.0
2018-04-03,66.0,68.69999694824219,66.0,68.19999694824219,31684.0
2018-04-04,68.6500015258789,68.6500015258789,66.6500015258789,67.80000305175781,7232.0
2018-04-05,68.0,68.0999984741211,67.75,68.0999984741211,19726.0
2018-04-06,67.75,69.19999694824219,67.75,68.5,17378.0
2018-04-09,68.5,69.0,68.5,68.5999984741211,2512.0
2018-04-10,69.4000015258789,69.4000015258789,68.55000305175781,68.69999694824219,11515.0
2018-04-11,67.0999984741211,69.4000015258789,67.0999984741211,68.8499984741211,180197.0
2018-04-12,69.0,69.0,68.6500015258789,68.94999694824219,492784.0
2018-04-13,66.19999694824219,69.4000015258789,66.19999694824219,69.05000305175781,549462.0
2018-04-16,69.3499984741211,69.80000305175781,68.5,69.4000015258789,2632597.0
2018-04-17,70.0,71.8499984741211,68.55000305175781,69.3499984741211,525487.0
2018-04-18,66.0999984741211,69.5,66.05000305175781,66.5,2728.0
2018-04-19,64.05000305175781,68.4000015258789,64.05000305175781,68.3499984741211,925495.0
2018-04-20,65.0,71.0,65.0,69.30000305175781,1268.0
2018-04-23,69.44999694824219,71.0,69.44999694824219,69.44999694824219,2325.0
2018-04-24,67.5,71.5,67.5,67.5,199.0
2018-04-25,68.19999694824219,69.0,68.0,69.0,321.0
2018-04-26,70.0999984741211,70.0999984741211,66.55000305175781,66.6500015258789,699.0
2018-04-27,67.0,67.0,65.05000305175781,67.0,378.0
2018-04-30,65.30000305175781,65.30000305175781,65.19999694824219,65.19999694824219,165.0
2018-05-01,,,,,
2018-05-02,63.150001525878906,63.5,63.150001525878906,63.150001525878906,417.0
2018-05-03,62.09999847412109,62.09999847412109,60.0,60.04999923706055,465.0
2018-05-04,57.04999923706055,61.5,57.04999923706055,57.04999923706055,542.0
2018-05-07,57.04999923706055,57.04999923706055,54.25,54.29999923706055,70029.0
2018-05-08,53.900001525878906,57.0,51.59999847412109,57.0,67880.0
2018-05-09,54.5,57.0,54.5,56.95000076293945,63130.0
2018-05-10,59.45000076293945,59.45000076293945,55.0,55.54999923706055,654.0
2018-05-11,53.04999923706055,53.04999923706055,53.0,53.0,630.0
2018-05-14,51.70000076293945,53.95000076293945,50.34999847412109,53.95000076293945,266.0
2018-05-15,54.900001525878906,55.0,51.29999923706055,51.54999923706055,461.0
2018-05-16,53.95000076293945,53.95000076293945,50.0,52.95000076293945,551.0
2018-05-17,52.95000076293945,52.95000076293945,50.34999847412109,50.34999847412109,1006.0
2018-05-18,49.09999847412109,49.09999847412109,48.900001525878906,48.900001525878906,430.0
2018-05-21,48.900001525878906,48.900001525878906,48.900001525878906,48.900001525878906,0.0
2018-05-22,50.0,50.0,50.0,50.0,10.0
2018-05-23,49.0,50.5,48.900001525878906,49.09999847412109,1689.0
2018-05-24,49.09999847412109,49.09999847412109,49.09999847412109,49.09999847412109,0.0
2018-05-25,50.0,51.0,49.0,51.0,200.0
2018-05-28,49.0,49.0,49.0,49.0,25.0
2018-05-29,51.45000076293945,51.45000076293945,50.0,50.0,101.0
2018-05-30,50.0,50.0,50.0,50.0,0.0
2018-05-31,50.0,50.0,50.0,50.0,1.0
2018-06-01,50.0,50.0,50.0,50.0,2.0
2018-06-04,47.5,50.0,47.5,50.0,232.0
2018-06-05,47.54999923706055,49.95000076293945,47.54999923706055,47.54999923706055,200.0
2018-06-06,48.0,48.0,45.20000076293945,46.0,1815.0
2018-06-07,43.75,48.29999923706055,43.75,47.400001525878906,375.0
2018-06-08,45.09999847412109,47.5,45.04999923706055,45.04999923706055,766.0
2018-06-11,43.25,47.29999923706055,43.09999847412109,45.0,1815.0
2018-06-12,47.0,47.25,44.59999847412109,47.25,800.0
2018-06-13,49.5,49.5,45.25,48.95000076293945,246.0
2018-06-14,48.95000076293945,48.95000076293945,48.95000076293945,48.95000076293945,0.0
2018-06-15,46.650001525878906,46.650001525878906,46.59999847412109,46.650001525878906,620.0
2018-06-18,44.34999847412109,46.95000076293945,44.34999847412109,44.54999923706055,369.0
2018-06-19,46.45000076293945,46.54999923706055,44.0,44.09999847412109,266.0
2018-06-20,46.0,46.0,44.54999923706055,44.54999923706055,306.0
2018-06-21,44.0,46.20000076293945,42.59999847412109,43.0,1121.0
2018-06-22,43.0,43.0,41.0,41.25,255.0
2018-06-25,41.25,41.25,41.25,41.25,0.0
2018-06-26,40.0,41.0,39.79999923706055,40.0,801.0
2018-06-27,39.0,39.0,39.0,39.0,36.0
2018-06-28,39.0,39.0,37.09999847412109,37.09999847412109,1450.0
2018-06-29,37.09999847412109,37.09999847412109,35.29999923706055,36.95000076293945,800.0
2018-07-02,37.0,37.0,35.150001525878906,35.25,1124.0
2018-07-03,36.70000076293945,36.75,33.599998474121094,36.20000076293945,179.0
2018-07-04,34.54999923706055,36.900001525878906,34.400001525878906,36.84999847412109,201.0
2018-07-05,35.099998474121094,35.099998474121094,35.099998474121094,35.099998474121094,37.0
2018-07-06,35.0,35.0,33.5,33.5,132.0
2018-07-09,31.850000381469727,35.150001525878906,31.850000381469727,35.150001525878906,66.0
2018-07-10,33.5,36.79999923706055,33.5,36.75,790.0
2018-07-11,35.599998474121094,38.5,35.599998474121094,37.25,1600.0
2018-07-12,35.400001525878906,39.09999847412109,35.400001525878906,38.09999847412109,5465.0
2018-07-13,36.54999923706055,40.0,36.20000076293945,38.25,13477.0
2018-07-16,39.0,39.900001525878906,39.0,39.900001525878906,27.0
2018-07-17,38.29999923706055,38.34999847412109,38.0,38.29999923706055,210.0
2018-07-18,36.59999847412109,40.09999847412109,36.400001525878906,36.400001525878906,875.0
2018-07-19,35.54999923706055,35.54999923706055,34.599998474121094,34.599998474121094,400.0
2018-07-20,35.0,35.0,35.0,35.0,150.0
2018-07-23,35.0,35.0,35.0,35.0,150.0
2018-07-24,36.0,36.0,34.0,34.79999923706055,513.0
2018-07-25,34.79999923706055,36.0,33.20000076293945,35.20000076293945,1538.0
2018-07-26,35.0,35.0,34.0,34.900001525878906,5851.0
2018-07-27,35.0,35.0,35.0,35.0,150.0
2018-07-30,34.0,34.75,33.5,34.75,403.0
2018-07-31,35.0,35.0,33.5,33.5,306.0
2018-08-01,34.900001525878906,34.900001525878906,33.099998474121094,34.900001525878906,119.0
2018-08-02,34.900001525878906,34.900001525878906,34.0,34.0,238.0
2018-08-03,34.79999923706055,34.79999923706055,32.5,34.79999923706055,855.0
2018-08-06,33.20000076293945,34.75,33.20000076293945,34.75,31.0
2018-08-07,35.45000076293945,35.45000076293945,32.5,35.0,599.0
2018-08-08,33.0,34.95000076293945,32.0,33.0,551.0
2018-08-09,34.5,34.900001525878906,33.0,33.04999923706055,1947.0
2018-08-10,33.04999923706055,34.95000076293945,33.04999923706055,34.0,502.0
2018-08-13,35.79999923706055,36.0,33.400001525878906,35.75,2888.0
2018-08-14,35.0,35.0,34.0,35.0,116.0
2018-08-16,34.0,35.900001525878906,32.0,32.900001525878906,297.0
2018-08-17,35.0,35.0,32.25,35.0,576.0
2018-08-20,32.25,35.900001525878906,32.20000076293945,33.5,316.0
2018-08-21,32.5,36.0,32.5,35.79999923706055,452334.0
2018-08-23,34.04999923706055,39.34999847412109,34.04999923706055,36.0,2250.0
2018-08-24,39.45000076293945,39.59999847412109,35.900001525878906,39.54999923706055,2202.0
2018-08-27,39.650001525878906,43.29999923706055,35.599998474121094,35.79999923706055,971.0
2018-08-28,36.0,39.34999847412109,36.0,36.0,2777.0
2018-08-29,33.099998474121094,36.0,33.099998474121094,36.0,1836.0
2018-08-30,32.5,39.34999847412109,32.5,36.45000076293945,3726.0
2018-08-31,39.0,39.0,33.04999923706055,36.5,954.0
2018-09-03,36.0,36.0,34.25,34.599998474121094,341.0
2018-09-04,36.95000076293945,36.95000076293945,32.70000076293945,33.0,80.0
2018-09-05,33.04999923706055,34.5,32.5,34.5,2060.0
2018-09-06,37.45000076293945,37.45000076293945,32.599998474121094,32.70000076293945,719.0
2018-09-07,32.599998474121094,35.79999923706055,32.099998474121094,32.20000076293945,223.0
2018-09-10,31.5,35.400001525878906,31.5,35.25,3041.0
2018-09-11,37.45000076293945,37.5,32.70000076293945,36.400001525878906,244.0
2018-09-12,33.20000076293945,38.0,33.20000076293945,37.54999923706055,364.0
2018-09-14,33.849998474121094,37.95000076293945,33.849998474121094,35.5,138.0
2018-09-17,35.5,35.5,33.20000076293945,33.400001525878906,360.0
2018-09-18,33.150001525878906,36.70000076293945,31.5,31.549999237060547,6295.0
2018-09-19,34.349998474121094,34.349998474121094,32.099998474121094,34.20000076293945,539.0
2018-09-21,32.150001525878906,36.25,31.0,31.25,1602.0
2018-09-24,34.29999923706055,34.29999923706055,28.149999618530277,28.549999237060547,4455.0
2018-09-25,29.0,30.399999618530277,26.75,26.850000381469727,1256.0
2018-09-26,29.399999618530277,29.399999618530277,26.75,26.850000381469727,981.0
2018-09-27,29.149999618530277,29.149999618530277,26.549999237060547,27.299999237060547,2152.0
2018-09-28,28.5,29.899999618530277,28.5,29.200000762939453,203.0
2018-10-01,30.950000762939453,30.950000762939453,26.600000381469727,26.950000762939453,1991.0
2018-10-03,29.100000381469727,29.399999618530277,25.200000762939453,26.899999618530277,1274.0
2018-10-04,25.049999237060547,28.450000762939453,24.25,25.5,593.0
2018-10-05,25.0,27.899999618530277,25.0,25.200000762939453,327.0
2018-10-08,25.299999237060547,25.299999237060547,22.5,22.549999237060547,5718.0
2018-10-09,26.950000762939453,26.950000762939453,23.0,23.049999237060547,5523.0
2018-10-10,25.799999237060547,25.799999237060547,23.600000381469727,23.600000381469727,2524.0
2018-10-11,26.0,26.0,22.600000381469727,23.049999237060547,6880.0
2018-10-12,23.049999237060547,25.899999618530277,23.049999237060547,23.100000381469727,1202.0
2018-10-15,23.0,23.100000381469727,22.350000381469727,22.350000381469727,2797.0
2018-10-16,25.950000762939453,25.950000762939453,24.0,24.0,1259.0
2018-10-17,22.299999237060547,24.0,21.799999237060547,22.850000381469727,6547.0
2018-10-19,20.299999237060547,25.799999237060547,20.200000762939453,22.700000762939453,3021.0
2018-10-22,24.200000762939453,24.200000762939453,22.100000381469727,23.600000381469727,3981.0
2018-10-23,24.649999618530277,24.649999618530277,23.049999237060547,23.049999237060547,2007.0
2018-10-24,19.5,23.5,19.5,21.5,7092.0
2018-10-25,19.75,24.850000381469727,19.75,22.149999618530277,11773.0
2018-10-26,20.600000381469727,23.799999237060547,20.600000381469727,22.25,3434.0
2018-10-29,21.25,22.600000381469727,21.25,21.600000381469727,609.0
2018-10-30,23.0,24.75,23.0,24.200000762939453,11954.0
2018-10-31,23.950000762939453,23.950000762939453,23.950000762939453,23.950000762939453,10.0
2018-11-01,23.950000762939453,24.0,23.950000762939453,24.0,96.0
2018-11-02,23.350000381469727,27.5,23.049999237060547,23.399999618530277,1268.0
2018-11-05,26.75,26.75,22.100000381469727,22.75,1489.0
2018-11-06,24.0,24.5,23.049999237060547,23.549999237060547,3855.0
2018-11-07,23.5,23.5,22.100000381469727,22.149999618530277,200.0
2018-11-09,26.450000762939453,26.450000762939453,26.350000381469727,26.399999618530277,3.0
2018-11-12,28.0,28.0,23.0,24.450000762939453,3899.0
2018-11-13,24.0,26.950000762939453,24.0,24.149999618530277,146.0
2018-11-14,23.25,26.649999618530277,23.25,25.25,336.0
2018-11-15,25.149999618530277,25.149999618530277,23.0,23.049999237060547,2746.0
2018-11-16,22.799999237060547,24.0,21.049999237060547,22.100000381469727,5838.0
2018-11-19,24.799999237060547,24.799999237060547,22.100000381469727,23.0,690.0
2018-11-20,23.0,24.950000762939453,21.399999618530277,22.100000381469727,7816.0
2018-11-21,23.899999618530277,24.399999618530277,22.649999618530277,23.5,1573.0
2018-11-22,24.0,24.0,22.549999237060547,23.799999237060547,3761.0
2018-11-26,23.100000381469727,23.399999618530277,22.5,22.600000381469727,3525.0
2018-11-27,21.5,23.25,21.5,22.350000381469727,2969.0
2018-11-28,23.5,26.0,21.5,25.899999618530277,102640.0
2018-11-29,28.899999618530277,29.5,21.75,22.399999618530277,1426230.0
2018-11-30,22.399999618530277,22.899999618530277,21.299999237060547,22.450000762939453,3742.0
2018-12-03,22.049999237060547,22.700000762939453,20.350000381469727,22.450000762939453,2361.0
2018-12-04,21.5,22.450000762939453,20.5,20.600000381469727,10823.0
2018-12-05,21.0,21.0,19.149999618530277,19.25,9548.0
2018-12-06,19.0,19.0,18.25,18.75,213.0
2018-12-07,19.0,19.75,18.0,18.049999237060547,1355.0
2018-12-10,17.950000762939453,18.700000762939453,16.149999618530273,16.25,8443.0
2018-12-11,16.200000762939453,17.899999618530273,16.0,16.399999618530273,3341.0
2018-12-12,18.0,18.0,16.0,16.049999237060547,356.0
2018-12-13,16.25,17.0,16.0,16.850000381469727,2664.0
2018-12-14,18.950000762939453,18.950000762939453,16.450000762939453,17.350000381469727,1081.0
2018-12-17,17.950000762939453,18.0,16.25,17.200000762939453,2010.0
2018-12-18,17.0,17.75,16.049999237060547,16.399999618530273,3898.0
2018-12-19,17.5,17.5,16.5,16.5,464.0
2018-12-20,16.25,17.850000381469727,16.100000381469727,16.100000381469727,445.0
2018-12-21,16.0,17.5,16.0,17.5,3725.0
2018-12-24,16.25,17.899999618530273,16.25,17.899999618530273,139.0
2018-12-26,16.549999237060547,17.25,15.0,15.800000190734863,9816.0
2018-12-27,16.950000762939453,18.200000762939453,15.050000190734863,17.299999237060547,4764.0
2018-12-28,17.5,18.200000762939453,16.100000381469727,16.600000381469727,5845.0
2018-12-31,16.049999237060547,17.0,16.0,17.0,201.0
2019-01-01,17.799999237060547,17.899999618530273,16.5,17.799999237060547,2270.0
2019-01-02,19.100000381469727,19.100000381469727,17.0,17.850000381469727,2247.0
2019-01-03,17.200000762939453,17.549999237060547,16.799999237060547,16.850000381469727,135.0
2019-01-04,16.5,17.799999237060547,16.5,16.899999618530273,2182.0
2019-01-07,16.649999618530273,17.100000381469727,15.0,16.25,12514.0
2019-01-08,17.450000762939453,17.450000762939453,15.0,15.350000381469728,7729.0
2019-01-09,15.350000381469728,17.0,15.350000381469728,16.100000381469727,9413.0
2019-01-10,17.200000762939453,17.200000762939453,16.25,16.299999237060547,432.0
2019-01-11,16.299999237060547,16.299999237060547,15.199999809265137,15.25,1678.0
2019-01-14,16.850000381469727,16.850000381469727,15.050000190734863,15.350000381469728,6057.0
2019-01-15,16.799999237060547,16.950000762939453,15.100000381469728,16.200000762939453,1587.0
2019-01-16,16.25,16.299999237060547,14.75,15.100000381469728,8859.0
2019-01-17,14.0,15.350000381469728,14.0,14.75,1649.0
2019-01-18,15.699999809265137,15.75,14.25,14.399999618530272,1039.0
2019-01-21,14.399999618530272,14.5,12.699999809265137,12.949999809265137,5040.0
2019-01-22,13.699999809265137,14.300000190734863,12.350000381469728,13.600000381469728,8662.0
2019-01-23,13.100000381469728,13.899999618530272,12.949999809265137,13.399999618530272,2393.0
2019-01-24,12.75,13.399999618530272,12.699999809265137,13.399999618530272,23198.0
2019-01-25,13.0,13.649999618530272,12.75,12.899999618530272,1914.0
2019-01-28,12.0,12.75,12.0,12.100000381469728,744.0
2019-01-29,11.0,12.75,11.0,12.75,6297.0
2019-01-30,12.25,12.699999809265137,12.050000190734863,12.199999809265137,217.0
2019-01-31,12.699999809265137,12.75,12.100000381469728,12.449999809265137,440.0
2019-02-01,12.010000228881836,13.34000015258789,11.600000381469728,11.829999923706056,8575.0
2019-02-04,11.3100004196167,12.489999771118164,10.100000381469728,11.09000015258789,1876.0
2019-02-05,10.510000228881836,11.0,10.050000190734863,10.59000015258789,266.0
2019-02-06,11.350000381469728,11.899999618530272,10.0600004196167,11.890000343322754,6841.0
2019-02-07,12.0,12.670000076293944,10.760000228881836,11.510000228881836,6315.0
2019-02-08,11.260000228881836,11.260000228881836,11.0,11.0,338.0
2019-02-11,11.0,12.890000343322754,11.0,12.0,2916.0
2019-02-12,11.020000457763672,12.5,10.600000381469728,11.109999656677246,3099.0
2019-02-14,12.390000343322754,12.399999618530272,11.550000190734863,12.399999618530272,1343.0
2019-02-15,12.0,12.75,11.600000381469728,12.75,439.0
2019-02-18,11.149999618530272,12.489999771118164,11.149999618530272,11.199999809265137,1602.0
2019-02-19,11.149999618530272,11.84000015258789,10.649999618530272,10.649999618530272,3642.0
2019-02-20,11.0,11.25,10.0,10.75,1391.0
2019-02-21,10.5,11.1899995803833,10.5,11.15999984741211,633.0
2019-02-22,11.25,11.25,10.06999969482422,11.0,799.0
2019-02-25,11.350000381469728,11.350000381469728,11.050000190734863,11.0600004196167,938.0
2019-02-26,11.0600004196167,11.899999618530272,11.0600004196167,11.899999618530272,325.0
2019-02-27,11.770000457763672,11.770000457763672,10.550000190734863,10.609999656677246,600.0
2019-02-28,11.979999542236328,11.979999542236328,10.609999656677246,10.649999618530272,1630.0
2019-03-01,10.800000190734863,11.899999618530272,10.5,11.470000267028809,2403.0
2019-03-05,11.449999809265137,12.949999809265137,10.699999809265137,11.18000030517578,17011.0
2019-03-06,11.010000228881836,11.5,10.859999656677246,10.960000038146973,5255.0
2019-03-07,10.9399995803833,11.25,10.9399995803833,11.0,7646.0
2019-03-08,11.010000228881836,11.40999984741211,11.010000228881836,11.399999618530272,325.0
2019-03-11,11.5,11.5,11.06999969482422,11.399999618530272,3440.0
2019-03-12,11.399999618530272,12.5,11.3100004196167,11.989999771118164,4420.0
2019-03-13,11.899999618530272,11.899999618530272,10.979999542236328,10.989999771118164,17770.0
2019-03-14,11.0,11.449999809265137,10.800000190734863,11.0,2275.0
2019-03-15,11.5,11.5,11.0,11.020000457763672,4536.0
2019-03-18,11.4399995803833,11.600000381469728,11.4399995803833,11.449999809265137,8681.0
2019-03-19,11.489999771118164,11.5,11.0,11.06999969482422,5317.0
2019-03-20,11.4399995803833,11.489999771118164,11.100000381469728,11.479999542236328,2587.0
2019-03-22,11.0600004196167,12.0,11.0600004196167,11.25,4575.0
2019-03-25,11.100000381469728,11.100000381469728,10.6899995803833,10.9399995803833,1830.0
2019-03-26,10.5,11.0,10.399999618530272,11.0,1905.0
2019-03-27,10.5,11.0,10.449999809265137,10.449999809265137,1053.0
2019-03-28,9.93000030517578,10.949999809265137,9.93000030517578,10.479999542236328,1006.0
2019-04-01,10.399999618530272,10.949999809265137,10.399999618530272,10.949999809265137,2212.0
2019-04-02,10.449999809265137,11.0,10.449999809265137,11.0,1576.0
2019-04-03,10.5,11.0,10.5,11.0,34.0
2019-04-04,11.0,11.0,10.5,10.5,356.0
2019-04-05,11.020000457763672,11.020000457763672,9.979999542236328,10.600000381469728,1381.0
2019-04-08,10.5,11.0,10.109999656677246,10.600000381469728,5416.0
2019-04-09,10.989999771118164,10.989999771118164,10.149999618530272,10.15999984741211,1928.0
2019-04-10,10.100000381469728,10.5,10.100000381469728,10.449999809265137,1987.0
2019-04-11,10.5,10.6899995803833,10.100000381469728,10.6899995803833,1002.0
2019-04-12,11.1899995803833,11.1899995803833,10.18000030517578,10.390000343322754,9792.0
2019-04-15,10.43000030517578,10.649999618530272,10.149999618530272,10.149999618530272,2404.0
2019-04-16,10.5,10.5,10.0,10.260000228881836,2255.0
2019-04-18,9.800000190734863,10.449999809265137,9.800000190734863,10.300000190734863,1348.0
2019-04-22,10.0,10.5,10.0,10.229999542236328,401.0
2019-04-23,10.0,10.0,10.0,10.0,29.0
2019-04-24,10.0,10.449999809265137,9.699999809265137,10.43000030517578,327.0
2019-04-25,10.390000343322754,10.390000343322754,10.0,10.0,238.0
2019-04-26,10.399999618530272,10.399999618530272,9.899999618530272,10.0,497.0
2019-04-30,10.0,10.0,10.0,10.0,200.0
2019-05-02,10.34000015258789,10.34000015258789,9.5,9.640000343322754,559.0
2019-05-03,9.5600004196167,10.100000381469728,9.210000038146973,10.100000381469728,1452.0
2019-05-06,9.800000190734863,9.800000190734863,9.800000190734863,9.800000190734863,150.0
2019-05-07,10.0,10.25,9.449999809265137,9.470000267028809,6023.0
2019-05-08,9.0,9.6899995803833,9.0,9.6899995803833,400.0
2019-05-09,9.210000038146973,9.979999542236328,9.210000038146973,9.979999542236328,124.0
2019-05-10,9.5,9.5,9.5,9.5,67.0
2019-05-13,9.5,9.5,9.5,9.5,0.0
2019-05-14,9.5,9.5,9.5,9.5,0.0
2019-05-15,9.050000190734863,9.050000190734863,9.050000190734863,9.050000190734863,181.0
2019-05-16,8.600000381469727,9.449999809265137,8.600000381469727,9.449999809265137,1002.0
2019-05-17,8.989999771118164,8.989999771118164,8.989999771118164,8.989999771118164,1000.0
2019-05-20,8.649999618530273,9.199999809265137,8.649999618530273,9.0,227.0
2019-05-21,9.0,9.0,8.550000190734863,8.550000190734863,504.0
2019-05-22,8.130000114440918,8.130000114440918,8.130000114440918,8.130000114440918,1300.0
2019-05-23,8.100000381469727,8.100000381469727,8.100000381469727,8.100000381469727,501.0
2019-05-24,8.0,8.100000381469727,8.0,8.020000457763672,924.0
2019-05-27,8.020000457763672,8.020000457763672,8.020000457763672,8.020000457763672,0.0
2019-05-28,7.650000095367432,8.300000190734863,7.650000095367432,8.300000190734863,112.0
2019-05-29,8.600000381469727,8.699999809265137,8.109999656677246,8.109999656677246,3014.0
2019-05-30,7.900000095367432,8.449999809265137,7.900000095367432,8.449999809265137,1112.0
2019-05-31,8.800000190734863,8.800000190734863,8.119999885559082,8.800000190734863,336.0
2019-06-03,8.359999656677246,9.199999809265137,8.359999656677246,9.199999809265137,829.0
2019-06-04,9.199999809265137,9.199999809265137,9.199999809265137,9.199999809265137,11.0
2019-06-06,9.0,9.0,8.739999771118164,9.0,204.0
2019-06-07,9.0,9.0,9.0,9.0,0.0
2019-06-10,9.0,9.449999809265137,8.550000190734863,9.449999809265137,1020.0
2019-06-11,9.899999618530272,9.899999618530272,9.0,9.0,3479.0
2019-06-12,8.550000190734863,9.449999809265137,8.550000190734863,9.0,619.0
2019-06-13,8.550000190734863,9.350000381469728,8.550000190734863,9.0,511.0
2019-06-14,9.0,9.0,9.0,9.0,0.0
2019-06-17,9.0,9.0,9.0,9.0,0.0
2019-06-18,9.0,9.0,8.550000190734863,8.550000190734863,111.0
2019-06-19,8.550000190734863,8.550000190734863,8.550000190734863,8.550000190734863,0.0
2019-06-20,8.130000114440918,8.130000114440918,8.130000114440918,8.130000114440918,703.0
2019-06-21,7.75,7.75,7.75,7.75,1050.0
2019-06-24,7.75,7.75,7.75,7.75,0.0
2019-06-25,7.75,7.75,7.369999885559082,7.369999885559082,383.0
2019-06-26,7.369999885559082,7.690000057220459,7.019999980926514,7.690000057220459,860.0
2019-06-27,7.690000057220459,7.690000057220459,7.690000057220459,7.690000057220459,0.0
2019-06-28,7.650000095367432,7.650000095367432,7.650000095367432,7.650000095367432,250.0
2019-07-01,7.309999942779541,7.309999942779541,7.269999980926514,7.309999942779541,819.0
2019-07-02,7.0,7.0,6.949999809265137,6.949999809265137,1042.0
2019-07-03,6.610000133514404,6.949999809265137,6.610000133514404,6.949999809265137,59.0
2019-07-04,6.610000133514404,6.949999809265137,6.610000133514404,6.949999809265137,19.0
2019-07-05,7.289999961853027,7.289999961853027,6.960000038146973,6.960000038146973,1097.0
2019-07-08,6.960000038146973,7.0,6.960000038146973,7.0,83.0
2019-07-09,7.349999904632568,7.349999904632568,7.349999904632568,7.349999904632568,422.0
2019-07-10,7.0,7.710000038146973,7.0,7.710000038146973,1524.0
2019-07-11,8.09000015258789,8.09000015258789,8.09000015258789,8.09000015258789,800.0
2019-07-12,7.690000057220459,7.690000057220459,7.690000057220459,7.690000057220459,110.0
2019-07-15,7.309999942779541,7.309999942779541,7.309999942779541,7.309999942779541,28.0
2019-07-16,7.010000228881836,7.670000076293945,7.010000228881836,7.670000076293945,129.0
2019-07-17,7.289999961853027,7.289999961853027,7.289999961853027,7.289999961853027,10.0
2019-07-18,7.0,7.650000095367432,7.0,7.650000095367432,117.0
2019-07-19,7.650000095367432,8.029999732971191,7.559999942779541,8.029999732971191,2325.0
2019-07-22,8.430000305175781,8.430000305175781,8.0,8.0,475.0
2019-07-23,7.599999904632568,7.599999904632568,7.599999904632568,7.599999904632568,20.0
2019-07-24,7.25,7.25,7.25,7.25,1500.0
2019-07-25,7.25,7.25,7.25,7.25,0.0
2019-07-26,6.900000095367432,7.0,6.900000095367432,7.0,300.0
2019-07-29,7.0,7.0,7.0,7.0,0.0
2019-07-30,7.0,7.0,7.0,7.0,0.0
2019-07-31,7.0,7.199999809265137,7.0,7.150000095367432,2000.0
2019-08-01,7.150000095367432,7.150000095367432,7.150000095367432,7.150000095367432,0.0
2019-08-02,7.150000095367432,7.150000095367432,7.150000095367432,7.150000095367432,0.0
2019-08-05,7.150000095367432,7.150000095367432,7.150000095367432,7.150000095367432,0.0
2019-08-06,6.949999809265137,6.949999809265137,6.949999809265137,6.949999809265137,84.0
2019-08-07,7.25,7.25,6.699999809265137,6.699999809265137,450.0
2019-08-08,7.0,7.0,7.0,7.0,1.0
2019-08-09,6.699999809265137,6.699999809265137,6.699999809265137,6.699999809265137,109.0
2019-08-13,6.699999809265137,6.699999809265137,6.699999809265137,6.699999809265137,0.0
2019-08-14,6.699999809265137,6.699999809265137,6.699999809265137,6.699999809265137,0.0
2019-08-16,6.699999809265137,6.699999809265137,6.699999809265137,6.699999809265137,0.0
2019-08-19,6.400000095367432,7.03000020980835,6.400000095367432,7.03000020980835,3569.0
2019-08-20,6.699999809265137,6.699999809265137,6.699999809265137,6.699999809265137,55.0
2019-08-21,6.699999809265137,6.699999809265137,6.699999809265137,6.699999809265137,10.0
2019-08-22,6.369999885559082,6.369999885559082,6.369999885559082,6.369999885559082,1200.0
2019-08-23,6.369999885559082,6.369999885559082,6.369999885559082,6.369999885559082,0.0
2019-08-26,6.099999904632568,6.099999904632568,6.099999904632568,6.099999904632568,101.0
2019-08-27,6.099999904632568,6.360000133514404,5.800000190734863,6.360000133514404,1200.0
2019-08-28,6.369999885559082,6.369999885559082,6.050000190734863,6.050000190734863,153.0
2019-08-29,6.050000190734863,6.050000190734863,6.050000190734863,6.050000190734863,0.0
2019-08-30,6.0,6.0,6.0,6.0,28.0
2019-09-03,6.300000190734863,6.300000190734863,6.300000190734863,6.300000190734863,4.0
2019-09-04,6.5,6.5,6.5,6.5,1510.0
2019-09-05,6.210000038146973,6.210000038146973,6.210000038146973,6.210000038146973,1.0
2019-09-06,6.010000228881836,6.010000228881836,6.010000228881836,6.010000228881836,50.0
2019-09-09,6.199999809265137,6.199999809265137,6.199999809265137,6.199999809265137,10.0
2019-09-11,6.199999809265137,6.199999809265137,6.199999809265137,6.199999809265137,0.0
2019-09-12,6.199999809265137,6.199999809265137,6.199999809265137,6.199999809265137,1.0
2019-09-13,6.099999904632568,6.099999904632568,6.099999904632568,6.099999904632568,25.0
2019-09-16,6.099999904632568,6.099999904632568,6.099999904632568,6.099999904632568,400.0
2019-09-17,6.099999904632568,6.099999904632568,6.099999904632568,6.099999904632568,57.0
2019-09-18,6.099999904632568,6.099999904632568,6.099999904632568,6.099999904632568,291.0
2019-09-19,6.400000095367432,6.400000095367432,6.099999904632568,6.099999904632568,2030.0
2019-09-20,6.099999904632568,6.099999904632568,6.099999904632568,6.099999904632568,200.0
2019-09-23,6.159999847412109,6.159999847412109,6.159999847412109,6.159999847412109,178.0
2019-09-24,6.159999847412109,6.159999847412109,6.159999847412109,6.159999847412109,0.0
2019-09-25,6.159999847412109,6.159999847412109,6.159999847412109,6.159999847412109,0.0
2019-09-26,6.159999847412109,6.159999847412109,6.159999847412109,6.159999847412109,29.0
2019-09-27,6.159999847412109,6.159999847412109,6.159999847412109,6.159999847412109,0.0
2019-09-30,6.159999847412109,6.159999847412109,6.159999847412109,6.159999847412109,2.0
2019-10-01,6.099999904632568,6.099999904632568,6.099999904632568,6.099999904632568,165.0
2019-10-03,5.860000133514404,5.860000133514404,5.860000133514404,5.860000133514404,1.0
2019-10-04,5.860000133514404,6.0,5.860000133514404,6.0,265.0
2019-10-07,6.0,6.0,6.0,6.0,150.0
2019-10-09,6.0,6.0,6.0,6.0,0.0
2019-10-10,6.0,6.0,6.0,6.0,0.0
2019-10-11,6.0,6.0,5.71999979019165,5.71999979019165,287.0
2019-10-14,5.71999979019165,5.71999979019165,5.440000057220459,5.440000057220459,378.0
2019-10-15,5.710000038146973,5.710000038146973,5.710000038146973,5.710000038146973,1.0
2019-10-16,5.710000038146973,5.710000038146973,5.510000228881836,5.510000228881836,25.0
2019-10-17,5.510000228881836,5.510000228881836,5.510000228881836,5.510000228881836,0.0
2019-10-18,5.510000228881836,5.510000228881836,5.510000228881836,5.510000228881836,473.0
2019-10-22,5.78000020980835,5.78000020980835,5.78000020980835,5.78000020980835,10.0
2019-10-23,5.699999809265137,6.059999942779541,5.5,5.510000228881836,175.0
2019-10-24,5.510000228881836,5.510000228881836,5.510000228881836,5.510000228881836,0.0
2019-10-25,5.78000020980835,5.78000020980835,5.78000020980835,5.78000020980835,156.0
2019-10-27,,,,,
2019-10-29,6.050000190734863,6.059999942779541,5.510000228881836,6.059999942779541,1095.0
2019-10-30,6.360000133514404,6.360000133514404,6.360000133514404,6.360000133514404,12.0
2019-10-31,6.670000076293945,6.670000076293945,6.099999904632568,6.099999904632568,311.0
2019-11-01,6.400000095367432,6.400000095367432,5.800000190734863,6.0,627.0
2019-11-04,6.0,6.0,5.75,6.0,139.0
2019-11-05,6.300000190734863,6.300000190734863,5.710000038146973,5.710000038146973,2.0
2019-11-06,5.989999771118164,5.989999771118164,5.989999771118164,5.989999771118164,18.0
2019-11-07,6.28000020980835,6.28000020980835,5.75,6.28000020980835,895.0
2019-11-08,6.28000020980835,6.590000152587891,6.28000020980835,6.590000152587891,91.0
2019-11-11,6.909999847412109,6.909999847412109,6.269999980926514,6.269999980926514,153.0
2019-11-13,6.269999980926514,6.269999980926514,6.269999980926514,6.269999980926514,0.0
2019-11-14,6.269999980926514,6.269999980926514,6.269999980926514,6.269999980926514,0.0
2019-11-15,6.269999980926514,6.269999980926514,6.269999980926514,6.269999980926514,0.0
2019-11-18,6.0,6.0,6.0,6.0,51.0
2019-11-19,6.300000190734863,6.300000190734863,6.300000190734863,6.300000190734863,50.0
2019-11-20,5.989999771118164,5.989999771118164,5.989999771118164,5.989999771118164,46.0
2019-11-21,5.989999771118164,5.989999771118164,5.989999771118164,5.989999771118164,0.0
2019-11-22,5.699999809265137,5.699999809265137,5.699999809265137,5.699999809265137,13.0
2019-11-25,5.699999809265137,5.699999809265137,5.699999809265137,5.699999809265137,0.0
2019-11-26,5.699999809265137,5.699999809265137,5.699999809265137,5.699999809265137,0.0
2019-11-27,5.699999809265137,5.699999809265137,5.699999809265137,5.699999809265137,0.0
2019-11-28,5.699999809265137,5.699999809265137,5.699999809265137,5.699999809265137,0.0
2019-11-29,5.5,5.980000019073486,5.5,5.5,101.0
2019-12-02,5.230000019073486,5.769999980926514,5.230000019073486,5.769999980926514,611.0
2019-12-03,5.769999980926514,5.769999980926514,5.769999980926514,5.769999980926514,0.0
2019-12-04,5.769999980926514,5.769999980926514,5.769999980926514,5.769999980926514,0.0
2019-12-05,5.769999980926514,5.769999980926514,5.769999980926514,5.769999980926514,0.0
2019-12-06,5.769999980926514,5.769999980926514,5.769999980926514,5.769999980926514,0.0
2019-12-09,5.769999980926514,5.769999980926514,5.769999980926514,5.769999980926514,0.0
2019-12-10,5.769999980926514,5.769999980926514,5.769999980926514,5.769999980926514,0.0
2019-12-11,5.769999980926514,5.769999980926514,5.769999980926514,5.769999980926514,0.0
2019-12-12,5.769999980926514,5.769999980926514,5.769999980926514,5.769999980926514,0.0
2019-12-13,5.769999980926514,5.769999980926514,5.769999980926514,5.769999980926514,0.0
2019-12-16,5.769999980926514,5.769999980926514,5.769999980926514,5.769999980926514,0.0
2019-12-17,5.769999980926514,5.769999980926514,5.769999980926514,5.769999980926514,0.0
2019-12-18,5.769999980926514,5.769999980926514,5.769999980926514,5.769999980926514,0.0
2019-12-19,5.769999980926514,5.769999980926514,5.769999980926514,5.769999980926514,0.0
2019-12-20,5.769999980926514,5.769999980926514,5.769999980926514,5.769999980926514,0.0
2019-12-23,5.769999980926514,5.769999980926514,5.769999980926514,5.769999980926514,19.0
2019-12-24,5.769999980926514,5.769999980926514,5.769999980926514,5.769999980926514,0.0
2019-12-26,5.489999771118164,5.489999771118164,5.489999771118164,5.489999771118164,200.0
2019-12-27,5.489999771118164,5.489999771118164,5.21999979019165,5.21999979019165,201.0
2019-12-30,5.21999979019165,5.21999979019165,5.21999979019165,5.21999979019165,0.0
2019-12-31,5.21999979019165,5.21999979019165,5.21999979019165,5.21999979019165,0.0
2020-01-01,5.21999979019165,5.21999979019165,5.21999979019165,5.21999979019165,0.0
2020-01-02,5.21999979019165,5.21999979019165,5.21999979019165,5.21999979019165,0.0
2020-01-03,5.21999979019165,5.21999979019165,5.21999979019165,5.21999979019165,0.0
2020-01-06,4.960000038146973,5.0,4.960000038146973,5.0,95.0
2020-01-07,5.0,5.0,5.0,5.0,0.0
2020-01-08,4.75,5.0,4.75,4.75,319.0
2020-01-09,4.75,4.75,4.75,4.75,0.0
2020-01-10,4.519999980926514,4.519999980926514,4.519999980926514,4.519999980926514,143.0
2020-01-13,4.300000190734863,4.519999980926514,4.300000190734863,4.519999980926514,150.0
2020-01-14,4.519999980926514,4.519999980926514,4.519999980926514,4.519999980926514,0.0
2020-01-15,4.519999980926514,4.519999980926514,4.519999980926514,4.519999980926514,0.0
2020-01-16,4.300000190734863,4.300000190734863,4.300000190734863,4.300000190734863,400.0
2020-01-17,4.300000190734863,4.300000190734863,4.300000190734863,4.300000190734863,0.0
2020-01-20,4.300000190734863,4.300000190734863,4.300000190734863,4.300000190734863,0.0
2020-01-21,4.300000190734863,4.300000190734863,4.300000190734863,4.300000190734863,0.0
2020-01-22,4.300000190734863,4.300000190734863,4.300000190734863,4.300000190734863,0.0
2020-01-23,4.300000190734863,4.300000190734863,4.300000190734863,4.300000190734863,1.0
2020-01-24,4.300000190734863,4.300000190734863,4.300000190734863,4.300000190734863,13.0
2020-01-27,4.300000190734863,4.300000190734863,4.300000190734863,4.300000190734863,0.0
2020-01-28,4.300000190734863,4.300000190734863,4.300000190734863,4.300000190734863,0.0
2020-01-29,4.300000190734863,4.300000190734863,4.300000190734863,4.300000190734863,0.0
2020-01-30,4.300000190734863,4.300000190734863,4.300000190734863,4.300000190734863,0.0
2020-01-31,4.300000190734863,4.300000190734863,4.300000190734863,4.300000190734863,0.0
2020-02-03,4.300000190734863,4.300000190734863,4.300000190734863,4.300000190734863,0.0
2020-02-04,4.300000190734863,4.300000190734863,4.300000190734863,4.300000190734863,0.0
2020-02-05,4.300000190734863,4.300000190734863,4.300000190734863,4.300000190734863,0.0
2020-02-06,4.090000152587891,4.090000152587891,4.090000152587891,4.090000152587891,100.0
2020-02-07,4.090000152587891,4.090000152587891,4.090000152587891,4.090000152587891,0.0
2020-02-10,3.7200000286102295,3.7200000286102295,3.7200000286102295,3.7200000286102295,84.0
2020-02-11,3.539999961853028,3.5999999046325684,3.539999961853028,3.5999999046325684,1812.0
2020-02-12,3.5999999046325684,3.5999999046325684,3.5999999046325684,3.5999999046325684,57.0
2020-02-13,3.4200000762939453,3.5,3.4200000762939453,3.5,131.0
2020-02-14,3.5,3.5,3.3299999237060547,3.3299999237060547,150.0
2020-02-17,3.1700000762939453,3.1700000762939453,3.1700000762939453,3.1700000762939453,50.0
2020-02-18,3.1700000762939453,3.1700000762939453,3.1700000762939453,3.1700000762939453,0.0
2020-02-19,2.869999885559082,3.0199999809265137,2.869999885559082,2.869999885559082,97.0
2020-02-20,2.7300000190734863,2.7300000190734863,2.7300000190734863,2.7300000190734863,28.0
2020-02-24,2.7300000190734863,2.7300000190734863,2.7300000190734863,2.7300000190734863,0.0
2020-02-25,2.7300000190734863,2.7300000190734863,2.7300000190734863,2.7300000190734863,0.0
2020-02-26,2.7300000190734863,2.7300000190734863,2.7300000190734863,2.7300000190734863,0.0
2020-02-27,2.7300000190734863,2.7300000190734863,2.7300000190734863,2.7300000190734863,0.0
2020-02-28,2.7699999809265137,2.7699999809265137,2.7699999809265137,2.7699999809265137,47.0
2020-03-02,2.7699999809265137,2.7699999809265137,2.7699999809265137,2.7699999809265137,70.0
2020-03-03,2.7699999809265137,2.7699999809265137,2.7699999809265137,2.7699999809265137,0.0
2020-03-04,2.75,2.75,2.75,2.75,76.0
2020-03-05,2.75,2.75,2.75,2.75,0.0
2020-03-06,2.75,2.75,2.75,2.75,0.0
2020-03-09,2.75,2.75,2.75,2.75,0.0
2020-03-11,2.75,2.75,2.75,2.75,0.0
2020-03-12,2.75,2.75,2.75,2.75,0.0
2020-03-13,2.75,2.75,2.75,2.75,0.0
2020-03-16,2.75,2.75,2.75,2.75,0.0
2020-03-17,2.700000047683716,2.700000047683716,2.700000047683716,2.700000047683716,1000.0
2020-03-18,2.700000047683716,2.700000047683716,2.700000047683716,2.700000047683716,0.0
2020-03-19,2.700000047683716,2.700000047683716,2.700000047683716,2.700000047683716,0.0
2020-03-20,2.700000047683716,2.700000047683716,2.700000047683716,2.700000047683716,0.0
2020-03-23,2.700000047683716,2.700000047683716,2.700000047683716,2.700000047683716,0.0
2020-03-24,2.700000047683716,2.700000047683716,2.700000047683716,2.700000047683716,0.0
2020-03-25,2.700000047683716,2.700000047683716,2.700000047683716,2.700000047683716,0.0
2020-03-26,2.700000047683716,2.700000047683716,2.700000047683716,2.700000047683716,100.0
2020-03-27,2.700000047683716,2.700000047683716,2.700000047683716,2.700000047683716,50.0
2020-03-30,2.5999999046325684,2.5999999046325684,2.5999999046325684,2.5999999046325684,100.0
2020-03-31,2.5,2.5,2.5,2.5,1000.0
2020-04-01,2.380000114440918,2.5,2.380000114440918,2.5,440.0
2020-04-03,2.5,2.5,2.5,2.5,0.0
2020-04-07,2.549999952316284,2.549999952316284,2.549999952316284,2.549999952316284,10.0
2020-04-08,2.5999999046325684,2.5999999046325684,2.5,2.5,5852.0
2020-04-09,2.5,2.5,2.5,2.5,52.0
2020-04-13,2.5,2.5,2.5,2.5,40.0
2020-04-15,2.619999885559082,2.619999885559082,2.619999885559082,2.619999885559082,1200.0
2020-04-16,2.619999885559082,2.619999885559082,2.619999885559082,2.619999885559082,0.0
2020-04-17,2.75,2.75,2.75,2.75,300.0
2020-04-20,2.75,2.75,2.75,2.75,0.0
2020-04-21,2.75,2.75,2.75,2.75,2.0
2020-04-22,2.75,2.75,2.75,2.75,0.0
2020-04-23,2.75,2.75,2.75,2.75,0.0
2020-04-24,2.75,2.75,2.75,2.75,0.0
2020-04-27,2.880000114440918,2.880000114440918,2.880000114440918,2.880000114440918,418.0
2020-04-28,3.0199999809265137,3.0199999809265137,3.0199999809265137,3.0199999809265137,10.0
2020-04-29,3.0,3.1700000762939453,3.0,3.1700000762939453,210.0
2020-04-30,3.319999933242798,3.319999933242798,3.319999933242798,3.319999933242798,1895.0
2020-05-04,3.4800000190734863,3.4800000190734863,3.4800000190734863,3.4800000190734863,110.0
2020-05-05,3.650000095367432,3.650000095367432,3.650000095367432,3.650000095367432,10.0
2020-05-06,3.829999923706055,3.829999923706055,3.829999923706055,3.829999923706055,10.0
2020-05-07,4.019999980926514,4.019999980926514,4.019999980926514,4.019999980926514,21.0
2020-05-08,4.21999979019165,4.21999979019165,4.019999980926514,4.019999980926514,38.0
2020-05-11,4.019999980926514,4.019999980926514,4.019999980926514,4.019999980926514,17.0
2020-05-12,4.21999979019165,4.21999979019165,4.21999979019165,4.21999979019165,10.0
2020-05-13,4.429999828338623,4.429999828338623,4.400000095367432,4.400000095367432,20.0
2020-05-14,4.400000095367432,4.400000095367432,4.400000095367432,4.400000095367432,123.0
2020-05-15,4.619999885559082,4.619999885559082,4.619999885559082,4.619999885559082,10.0
2020-05-18,4.849999904632568,4.849999904632568,4.849999904632568,4.849999904632568,10.0
2020-05-19,5.090000152587891,5.090000152587891,5.090000152587891,5.090000152587891,150.0
2020-05-20,5.340000152587891,5.340000152587891,5.340000152587891,5.340000152587891,10.0
2020-05-21,5.599999904632568,5.599999904632568,5.599999904632568,5.599999904632568,110.0
2020-05-22,5.880000114440918,5.880000114440918,5.880000114440918,5.880000114440918,100.0
2020-05-26,6.170000076293945,6.170000076293945,6.170000076293945,6.170000076293945,566.0
2020-05-27,6.46999979019165,6.46999979019165,6.46999979019165,6.46999979019165,600.0
2020-05-28,6.590000152587891,6.590000152587891,6.590000152587891,6.590000152587891,211.0
2020-05-29,6.71999979019165,6.71999979019165,6.71999979019165,6.71999979019165,10.0
2020-06-01,6.71999979019165,6.849999904632568,6.71999979019165,6.849999904632568,31.0
2020-06-02,6.980000019073486,6.980000019073486,6.980000019073486,6.980000019073486,1.0
2020-06-03,7.110000133514404,7.110000133514404,6.980000019073486,7.110000133514404,521.0
2020-06-04,7.25,7.25,7.25,7.25,150.0
2020-06-05,7.389999866485596,7.389999866485596,7.389999866485596,7.389999866485596,1.0
2020-06-08,7.53000020980835,7.53000020980835,7.53000020980835,7.53000020980835,211.0
2020-06-09,7.53000020980835,7.53000020980835,7.53000020980835,7.53000020980835,1.0
2020-06-10,7.53000020980835,7.53000020980835,7.53000020980835,7.53000020980835,30.0
2020-06-11,7.679999828338623,7.679999828338623,7.53000020980835,7.53000020980835,90.0
2020-06-12,7.53000020980835,7.53000020980835,7.53000020980835,7.53000020980835,0.0
2020-06-15,7.679999828338623,7.679999828338623,7.679999828338623,7.679999828338623,634.0
2020-06-16,7.829999923706055,7.829999923706055,7.829999923706055,7.829999923706055,11.0
2020-06-17,7.980000019073486,7.980000019073486,7.980000019073486,7.980000019073486,49.0
2020-06-18,8.100000381469727,8.100000381469727,8.100000381469727,8.100000381469727,116.0
2020-06-19,8.260000228881836,8.260000228881836,8.260000228881836,8.260000228881836,1.0
2020-06-22,8.420000076293945,8.420000076293945,8.420000076293945,8.420000076293945,236.0
2020-06-23,8.579999923706055,8.579999923706055,8.579999923706055,8.579999923706055,54.0
2020-06-24,8.75,8.75,8.699999809265137,8.699999809265137,1402.0
2020-06-25,8.869999885559082,8.869999885559082,8.869999885559082,8.869999885559082,31.0
2020-06-26,8.869999885559082,9.039999961853027,8.869999885559082,9.039999961853027,100.0
2020-06-29,9.220000267028809,9.220000267028809,9.220000267028809,9.220000267028809,172.0
2020-06-30,9.399999618530272,9.399999618530272,9.220000267028809,9.399999618530272,178.0
2020-07-01,9.399999618530272,9.579999923706056,9.220000267028809,9.579999923706056,2479.0
2020-07-02,9.770000457763672,9.770000457763672,9.770000457763672,9.770000457763672,1006.0
2020-07-03,9.960000038146973,9.960000038146973,9.960000038146973,9.960000038146973,2050.0
2020-07-06,10.149999618530272,10.149999618530272,10.0,10.149999618530272,3343.0
2020-07-07,10.149999618530272,10.350000381469728,10.149999618530272,10.350000381469728,1623.0
2020-07-08,10.550000190734863,10.550000190734863,10.550000190734863,10.550000190734863,1946.0
2020-07-09,10.760000228881836,10.760000228881836,10.699999809265137,10.699999809265137,670.0
2020-07-10,10.699999809265137,10.699999809265137,10.489999771118164,10.489999771118164,195.0
2020-07-13,10.489999771118164,10.489999771118164,10.489999771118164,10.489999771118164,0.0
2020-07-14,10.489999771118164,10.489999771118164,10.289999961853027,10.289999961853027,60.0
2020-07-15,10.289999961853027,10.289999961853027,10.09000015258789,10.09000015258789,34.0
2020-07-16,9.890000343322754,9.890000343322754,9.890000343322754,9.890000343322754,101.0
2020-07-17,9.699999809265137,9.699999809265137,9.699999809265137,9.699999809265137,101.0
2020-07-20,9.510000228881836,9.510000228881836,9.510000228881836,9.510000228881836,20.0
2020-07-21,9.31999969482422,9.31999969482422,9.31999969482422,9.31999969482422,1160.0
2020-07-22,9.31999969482422,9.31999969482422,9.31999969482422,9.31999969482422,0.0
2020-07-23,9.140000343322754,9.140000343322754,9.140000343322754,9.140000343322754,700.0
2020-07-24,8.960000038146973,8.960000038146973,8.960000038146973,8.960000038146973,512.0
2020-07-27,8.789999961853027,8.789999961853027,8.789999961853027,8.789999961853027,500.0
2020-07-28,8.619999885559082,8.619999885559082,8.619999885559082,8.619999885559082,80.0
2020-07-29,8.449999809265137,8.449999809265137,8.449999809265137,8.449999809265137,25.0
2020-07-30,8.449999809265137,8.449999809265137,8.449999809265137,8.449999809265137,0.0
2020-07-31,8.449999809265137,8.449999809265137,8.449999809265137,8.449999809265137,0.0
2020-08-03,8.449999809265137,8.449999809265137,8.449999809265137,8.449999809265137,0.0
2020-08-04,8.449999809265137,8.449999809265137,8.449999809265137,8.449999809265137,0.0
2020-08-05,8.289999961853027,8.609999656677246,8.289999961853027,8.510000228881836,1098.0
2020-08-06,8.40999984741211,8.40999984741211,8.34000015258789,8.40999984741211,67182.0
2020-08-07,8.40999984741211,8.40999984741211,8.40999984741211,8.40999984741211,0.0
2020-08-10,8.40999984741211,8.40999984741211,8.40999984741211,8.40999984741211,0.0
2020-08-11,8.40999984741211,8.40999984741211,8.40999984741211,8.40999984741211,100.0
2020-08-12,8.40999984741211,8.40999984741211,7.989999771118164,7.989999771118164,975.0
2020-08-13,7.989999771118164,7.989999771118164,7.989999771118164,7.989999771118164,0.0
2020-08-14,7.989999771118164,7.989999771118164,7.599999904632568,7.989999771118164,1002.0
2020-08-17,7.599999904632568,7.599999904632568,7.599999904632568,7.599999904632568,2249.0
2020-08-18,7.599999904632568,7.599999904632568,7.21999979019165,7.21999979019165,278.0
2020-08-19,7.21999979019165,7.300000190734863,6.860000133514404,6.989999771118164,3238.0
2020-08-20,7.0,7.329999923706055,6.650000095367432,7.329999923706055,588.0
2020-08-21,7.329999923706055,7.690000057220459,7.329999923706055,7.690000057220459,214.0
2020-08-24,7.309999942779541,7.989999771118164,7.309999942779541,7.989999771118164,255.0
2020-08-25,7.989999771118164,7.989999771118164,7.989999771118164,7.989999771118164,300.0
2020-08-26,7.699999809265137,7.989999771118164,7.599999904632568,7.659999847412109,1653.0
2020-08-27,7.659999847412109,8.0,7.28000020980835,8.0,10113.0
2020-08-28,7.599999904632568,8.050000190734863,7.599999904632568,8.050000190734863,160.0
2020-08-31,8.050000190734863,8.050000190734863,7.650000095367432,7.650000095367432,1204.0
2020-09-01,7.75,7.75,7.75,7.75,78.0
2020-09-02,7.369999885559082,7.369999885559082,7.369999885559082,7.369999885559082,183.0
2020-09-03,7.369999885559082,7.400000095367432,7.369999885559082,7.400000095367432,16.0
2020-09-04,7.050000190734863,7.050000190734863,7.050000190734863,7.050000190734863,100.0
2020-09-07,7.0,7.400000095367432,7.0,7.400000095367432,120.0
2020-09-08,7.699999809265137,7.699999809265137,7.699999809265137,7.699999809265137,180.0
2020-09-09,7.360000133514404,7.989999771118164,7.360000133514404,7.989999771118164,541.0
2020-09-10,7.989999771118164,7.989999771118164,7.989999771118164,7.989999771118164,0.0
2020-09-11,7.989999771118164,7.989999771118164,7.989999771118164,7.989999771118164,143.0
2020-09-14,7.989999771118164,7.989999771118164,7.989999771118164,7.989999771118164,104.0
2020-09-15,7.989999771118164,7.989999771118164,7.989999771118164,7.989999771118164,130.0
2020-09-16,7.599999904632568,7.599999904632568,7.599999904632568,7.599999904632568,242.0
2020-09-17,7.5,7.53000020980835,7.5,7.53000020980835,333.0
2020-09-18,7.199999809265137,7.900000095367432,7.199999809265137,7.900000095367432,502.0
2020-09-21,7.900000095367432,7.900000095367432,7.900000095367432,7.900000095367432,0.0
2020-09-22,7.900000095367432,7.900000095367432,7.900000095367432,7.900000095367432,0.0
2020-09-23,7.519999980926514,7.519999980926514,7.519999980926514,7.519999980926514,48.0
2020-09-24,7.519999980926514,7.519999980926514,7.519999980926514,7.519999980926514,0.0
2020-09-25,7.889999866485596,7.889999866485596,7.210000038146973,7.210000038146973,1020.0
2020-09-28,7.25,7.25,7.25,7.25,411.0
2020-09-29,7.25,7.25,7.25,7.25,2651.0
2020-09-30,7.25,7.25,7.25,7.25,10.0
2020-10-01,7.300000190734863,7.300000190734863,7.25,7.300000190734863,316.0
2020-10-05,7.300000190734863,7.599999904632568,7.0,7.599999904632568,2934.0
2020-10-06,7.25,7.949999809265137,7.25,7.949999809265137,167.0
2020-10-07,8.34000015258789,8.34000015258789,8.34000015258789,8.34000015258789,7161.0
2020-10-08,8.0,8.0,7.929999828338623,7.929999828338623,211.0
2020-10-09,7.650000095367432,7.650000095367432,7.650000095367432,7.650000095367432,195.0
2020-10-12,7.650000095367432,7.650000095367432,7.650000095367432,7.650000095367432,0.0
2020-10-13,7.349999904632568,7.349999904632568,7.349999904632568,7.349999904632568,139.0
2020-10-14,7.300000190734863,7.5,7.300000190734863,7.5,138.0
2020-10-15,7.5,7.5,7.5,7.5,0.0
2020-10-16,7.159999847412109,7.869999885559082,7.159999847412109,7.869999885559082,1007.0
2020-10-19,7.480000019073486,7.869999885559082,7.480000019073486,7.869999885559082,1036.0
2020-10-20,7.480000019073486,7.480000019073486,7.480000019073486,7.480000019073486,2000.0
2020-10-21,7.130000114440918,7.199999809265137,7.130000114440918,7.199999809265137,101.0
2020-10-22,7.199999809265137,7.199999809265137,7.199999809265137,7.199999809265137,93.0
2020-10-23,7.050000190734863,7.050000190734863,7.050000190734863,7.050000190734863,2739.0
2020-10-26,7.050000190734863,7.050000190734863,7.050000190734863,7.050000190734863,0.0
2020-10-27,7.050000190734863,7.050000190734863,7.050000190734863,7.050000190734863,28.0
2020-10-28,7.050000190734863,7.050000190734863,7.050000190734863,7.050000190734863,0.0
2020-10-29,6.760000228881836,7.400000095367432,6.760000228881836,7.400000095367432,300.0
2020-10-30,7.099999904632568,7.110000133514404,7.099999904632568,7.110000133514404,34.0
2020-11-02,7.110000133514404,7.110000133514404,7.110000133514404,7.110000133514404,229.0
2020-11-03,6.760000228881836,7.460000038146973,6.760000228881836,7.460000038146973,921.0
2020-11-04,7.829999923706055,7.829999923706055,7.25,7.829999923706055,3000.0
2020-11-05,8.220000267028809,8.220000267028809,8.220000267028809,8.220000267028809,1000.0
2020-11-06,7.809999942779541,8.630000114440918,7.809999942779541,8.630000114440918,6238.0
2020-11-09,8.199999809265137,9.0600004196167,8.199999809265137,9.0600004196167,701.0
2020-11-10,9.5,9.5,9.5,9.5,163.0
2020-11-11,9.5,9.970000267028809,9.5,9.970000267028809,1366.0
2020-11-12,10.449999809265137,10.449999809265137,10.0,10.0,2808.0
2020-11-13,10.0,10.0,10.0,10.0,0.0
2020-11-14,10.5,10.5,10.5,10.5,228.0
2020-11-17,10.0,11.0,10.0,11.0,882.0
2020-11-18,11.0,11.0,11.0,11.0,0.0
2020-11-19,11.550000190734863,11.550000190734863,10.510000228881836,11.550000190734863,1995.0
2020-11-20,12.119999885559082,12.119999885559082,10.979999542236328,12.119999885559082,810.0
2020-11-23,12.720000267028809,12.720000267028809,12.720000267028809,12.720000267028809,655.0
2020-11-24,13.350000381469728,13.350000381469728,12.720000267028809,13.350000381469728,2200.0
2020-11-25,14.010000228881836,14.010000228881836,13.5,13.9399995803833,6340.0
2020-11-26,14.630000114440918,14.630000114440918,13.25,14.56999969482422,5159.0
2020-11-27,15.289999961853027,15.289999961853027,14.989999771118164,15.279999732971191,31557.0
2020-12-01,16.040000915527344,16.040000915527344,15.600000381469728,16.040000915527344,26148.0
2020-12-02,16.040000915527344,16.84000015258789,16.040000915527344,16.84000015258789,15932.0
2020-12-03,17.649999618530273,17.68000030517578,17.0,17.68000030517578,5354.0
2020-12-04,17.68000030517578,17.68000030517578,16.799999237060547,16.799999237060547,1232.0
2020-12-07,15.960000038146973,15.960000038146973,15.960000038146973,15.960000038146973,38.0
2020-12-08,15.170000076293944,16.649999618530273,15.170000076293944,15.170000076293944,53528.0
2020-12-09,15.170000076293944,15.170000076293944,15.170000076293944,15.170000076293944,0.0
2020-12-10,14.420000076293944,14.420000076293944,14.420000076293944,14.420000076293944,28.0
2020-12-11,13.699999809265137,13.699999809265137,13.699999809265137,13.699999809265137,45.0
2020-12-14,13.020000457763672,13.020000457763672,13.020000457763672,13.020000457763672,82.0
2020-12-15,12.369999885559082,12.369999885559082,12.369999885559082,12.369999885559082,11.0
2020-12-16,12.979999542236328,12.979999542236328,11.760000228881836,11.760000228881836,4970.0
2020-12-17,11.18000030517578,11.18000030517578,11.18000030517578,11.18000030517578,2230.0
2020-12-18,10.630000114440918,10.630000114440918,10.630000114440918,10.630000114440918,29.0
2020-12-21,10.100000381469728,10.630000114440918,10.100000381469728,10.100000381469728,131718.0
2020-12-22,9.600000381469728,10.600000381469728,9.600000381469728,10.600000381469728,912.0
2020-12-23,11.130000114440918,11.130000114440918,11.130000114440918,11.130000114440918,4510.0
2020-12-24,10.579999923706056,11.68000030517578,10.579999923706056,11.68000030517578,2236.0
2020-12-28,12.260000228881836,12.260000228881836,12.260000228881836,12.260000228881836,26146.0
2020-12-29,12.869999885559082,12.869999885559082,12.869999885559082,12.869999885559082,31965.0
2020-12-30,13.510000228881836,13.510000228881836,13.510000228881836,13.510000228881836,8565.0
2020-12-31,14.18000030517578,14.18000030517578,14.18000030517578,14.18000030517578,3162.0
2021-01-01,14.880000114440918,14.880000114440918,13.479999542236328,14.869999885559082,326.0
2021-01-04,15.600000381469728,15.600000381469728,14.130000114440918,14.829999923706056,6513.0
2021-01-05,14.8100004196167,14.81999969482422,14.8100004196167,14.81999969482422,500.0
2021-01-06,14.800000190734863,14.800000190734863,14.5,14.5,2.0
2021-01-07,14.399999618530272,15.199999809265137,13.779999732971191,14.390000343322754,1430.0
2021-01-08,13.68000030517578,14.369999885559082,13.68000030517578,13.68000030517578,3225.0
2021-01-11,13.670000076293944,14.359999656677246,13.0,13.0,5219.0
2021-01-12,12.350000381469728,13.649999618530272,12.350000381469728,12.760000228881836,10933.0
2021-01-13,12.75,12.75,12.75,12.75,878.0
2021-01-14,12.75,12.75,12.119999885559082,12.119999885559082,140.0
2021-01-15,12.119999885559082,12.699999809265137,12.0,12.5,530.0
2021-01-18,12.399999618530272,12.399999618530272,12.0,12.0,1897.0
2021-01-19,12.0,12.0,12.0,12.0,8019.0
2021-01-20,11.399999618530272,12.59000015258789,11.399999618530272,12.5,1209.0
2021-01-21,12.0,12.949999809265137,12.0,12.010000228881836,609.0
2021-01-22,11.40999984741211,12.609999656677246,11.40999984741211,11.449999809265137,400.0
2021-01-25,11.449999809265137,11.449999809265137,11.449999809265137,11.449999809265137,576.0
2021-01-27,11.449999809265137,11.449999809265137,11.449999809265137,11.449999809265137,0.0
2021-01-28,10.880000114440918,10.880000114440918,10.880000114440918,10.880000114440918,1015.0
2021-01-29,10.880000114440918,10.880000114440918,10.880000114440918,10.880000114440918,30.0
2021-02-01,10.880000114440918,10.880000114440918,10.880000114440918,10.880000114440918,68.0
2021-02-02,11.420000076293944,11.420000076293944,10.34000015258789,10.34000015258789,711.0
2021-02-03,10.34000015258789,10.34000015258789,10.34000015258789,10.34000015258789,0.0
2021-02-04,10.300000190734863,10.300000190734863,9.829999923706056,9.829999923706056,1343.0
2021-02-05,9.829999923706056,9.829999923706056,9.800000190734863,9.800000190734863,233.0
2021-02-08,9.800000190734863,9.800000190734863,9.800000190734863,9.800000190734863,0.0
2021-02-09,9.800000190734863,9.800000190734863,9.800000190734863,9.800000190734863,0.0
2021-02-10,9.5,9.510000228881836,9.5,9.510000228881836,1345.0
2021-02-11,9.039999961853027,9.5,9.039999961853027,9.5,200.0
2021-02-12,9.5,9.5,9.029999732971191,9.5,150.0
2021-02-15,9.5,9.5,9.5,9.5,312.0
2021-02-16,9.5,9.970000267028809,9.029999732971191,9.970000267028809,1785.0
2021-02-17,10.460000038146973,10.460000038146973,9.989999771118164,10.460000038146973,21339.0
2021-02-18,10.460000038146973,10.979999542236328,10.130000114440918,10.899999618530272,37737.0
2021-02-19,11.399999618530272,11.4399995803833,11.100000381469728,11.4399995803833,4776.0
2021-02-22,11.4399995803833,12.010000228881836,11.079999923706056,12.0,953.0
2021-02-23,11.510000228881836,12.0,11.399999618530272,11.949999809265137,1293.0
2021-02-24,11.5,12.5,11.40999984741211,11.989999771118164,1117.0
2021-02-25,11.989999771118164,11.989999771118164,11.399999618530272,11.43000030517578,1588.0
2021-02-26,11.989999771118164,11.989999771118164,10.859999656677246,11.979999542236328,8939.0
2021-03-01,11.949999809265137,11.949999809265137,11.390000343322754,11.600000381469728,423.0
2021-03-02,11.5,11.5,11.020000457763672,11.020000457763672,525.0
2021-03-03,10.5,10.989999771118164,10.470000267028809,10.989999771118164,484.0
2021-03-04,10.989999771118164,10.989999771118164,10.449999809265137,10.449999809265137,3338.0
2021-03-05,9.949999809265137,10.010000228881836,9.93000030517578,9.93000030517578,9396.0
2021-03-08,9.800000190734863,10.420000076293944,9.449999809265137,9.460000038146973,5600.0
2021-03-09,9.0,9.920000076293944,8.989999771118164,8.989999771118164,5632.0
2021-03-10,8.880000114440918,9.300000190734863,8.550000190734863,9.300000190734863,4686.0
2021-03-12,9.0,9.010000228881836,9.0,9.010000228881836,3353.0
2021-03-15,9.010000228881836,9.010000228881836,8.5600004196167,8.75,981.0
2021-03-16,8.75,8.850000381469727,8.319999694824219,8.729999542236328,85318.0
2021-03-17,9.100000381469728,9.15999984741211,8.300000190734863,8.300000190734863,77899.0
2021-03-18,8.25,8.710000038146973,7.900000095367432,8.710000038146973,107630.0
2021-03-19,8.510000228881836,9.140000343322754,8.510000228881836,8.880000114440918,75082.0
2021-03-22,9.25,9.25,8.4399995803833,8.449999809265137,96952.0
2021-03-23,8.869999885559082,8.869999885559082,8.350000381469727,8.350000381469727,51934.0
2021-03-24,8.760000228881836,8.760000228881836,8.760000228881836,8.760000228881836,7089.0
2021-03-25,8.760000228881836,9.1899995803833,8.75,9.1899995803833,82597.0
2021-03-26,9.449999809265137,9.449999809265137,9.449999809265137,9.449999809265137,2665.0
2021-03-30,9.899999618530272,9.920000076293944,9.899999618530272,9.920000076293944,2455.0
2021-03-31,9.4399995803833,10.40999984741211,9.4399995803833,10.40999984741211,1045.0
2021-04-01,10.93000030517578,10.93000030517578,10.149999618530272,10.90999984741211,21123.0
2021-04-05,11.0,11.449999809265137,10.899999618530272,11.449999809265137,9861.0
2021-04-06,11.56999969482422,12.020000457763672,11.56999969482422,11.800000190734863,7713.0
2021-04-07,11.8100004196167,12.390000343322754,11.800000190734863,12.3100004196167,6491.0
2021-04-08,12.920000076293944,12.920000076293944,11.8100004196167,12.920000076293944,2829.0
2021-04-09,12.949999809265137,13.5600004196167,12.949999809265137,13.5600004196167,6414.0
2021-04-12,13.5600004196167,14.229999542236328,12.890000343322754,12.899999618530272,5064.0
2021-04-13,13.539999961853027,13.539999961853027,12.270000457763672,13.539999961853027,2287.0
2021-04-15,12.899999618530272,14.199999809265137,12.869999885559082,14.06999969482422,2630.0
2021-04-16,13.369999885559082,14.18000030517578,13.369999885559082,13.989999771118164,5246.0
2021-04-19,13.300000190734863,13.300000190734863,13.300000190734863,13.300000190734863,182.0
2021-04-20,12.649999618530272,12.65999984741211,12.640000343322754,12.640000343322754,336.0
2021-04-22,12.199999809265137,12.199999809265137,12.010000228881836,12.010000228881836,242.0
2021-04-23,12.010000228881836,12.010000228881836,11.40999984741211,11.40999984741211,1667.0
2021-04-26,11.420000076293944,11.420000076293944,10.859999656677246,11.300000190734863,2905.0
2021-04-27,11.300000190734863,11.300000190734863,10.739999771118164,11.0,322.0
2021-04-28,11.5,11.5,10.5,11.399999618530272,6499.0
2021-04-29,11.970000267028809,11.970000267028809,10.829999923706056,11.75,5451.0
2021-04-30,12.25,12.25,11.199999809265137,11.630000114440918,2761.0
2021-05-03,11.09000015258789,11.989999771118164,11.0600004196167,11.25,2860.0
2021-05-04,11.739999771118164,11.75,10.6899995803833,10.720000267028809,5069.0
2021-05-05,11.1899995803833,11.199999809265137,10.5,10.899999618530272,5363.0
2021-05-06,11.0,11.390000343322754,10.399999618530272,11.0,2148.0
2021-05-07,10.5,11.25,10.5,11.0,878.0
2021-05-10,11.0,11.5,10.449999809265137,10.619999885559082,8388.0
2021-05-11,10.619999885559082,10.949999809265137,10.199999809265137,10.75,3198.0
2021-05-12,10.989999771118164,11.279999732971191,10.5,11.279999732971191,8703.0
2021-05-14,11.279999732971191,11.84000015258789,10.850000381469728,11.6899995803833,3096.0
2021-05-17,12.270000457763672,12.270000457763672,11.199999809265137,11.710000038146973,7081.0
2021-05-18,12.25,12.289999961853027,11.75,12.289999961853027,14335.0
2021-05-19,12.899999618530272,12.899999618530272,11.710000038146973,12.899999618530272,16096.0
2021-05-20,13.539999961853027,13.539999961853027,12.510000228881836,13.539999961853027,12866.0
2021-05-21,14.210000038146973,14.210000038146973,13.109999656677246,13.479999542236328,4943.0
2021-05-24,14.0,14.109999656677246,12.850000381469728,13.619999885559082,5362.0
2021-05-25,13.619999885559082,13.9399995803833,12.9399995803833,12.9399995803833,6470.0
2021-05-26,12.359999656677246,12.949999809265137,12.300000190734863,12.300000190734863,6936.0
2021-05-27,12.25,12.890000343322754,11.720000267028809,12.81999969482422,1603.0
2021-05-28,12.850000381469728,12.850000381469728,12.18000030517578,12.18000030517578,8323.0
2021-05-31,12.18000030517578,12.739999771118164,12.18000030517578,12.1899995803833,1701.0
2021-06-01,12.729999542236328,12.729999542236328,11.720000267028809,11.81999969482422,2870.0
2021-06-02,12.350000381469728,12.350000381469728,11.229999542236328,11.989999771118164,7454.0
2021-06-03,12.020000457763672,12.020000457763672,11.399999618530272,11.869999885559082,7026.0
2021-06-04,11.850000381469728,12.460000038146973,11.520000457763672,12.460000038146973,84467.0
2021-06-07,13.600000381469728,13.600000381469728,12.649999618530272,13.029999732971191,34782.0
2021-06-08,13.039999961853027,13.050000190734863,12.31999969482422,12.699999809265137,6679.0
2021-06-09,12.199999809265137,13.09000015258789,11.710000038146973,12.520000457763672,13215.0
2021-06-10,13.199999809265137,13.199999809265137,12.279999732971191,12.5600004196167,6347.0
2021-06-11,13.8100004196167,13.8100004196167,12.579999923706056,12.869999885559082,5793.0
2021-06-14,12.869999885559082,13.390000343322754,12.010000228881836,12.899999618530272,13707.0
2021-06-15,12.850000381469728,13.489999771118164,12.520000457763672,12.989999771118164,4353.0
2021-06-16,13.0,13.0,12.100000381469728,12.59000015258789,5518.0
2021-06-17,11.520000457763672,13.84000015258789,11.520000457763672,13.84000015258789,98400.0
2021-06-18,15.1899995803833,15.220000267028809,13.5,14.020000457763672,59714.0
2021-06-21,14.0,14.0,12.8100004196167,13.420000076293944,13023.0
2021-06-22,13.989999771118164,14.0,13.029999732971191,13.5,4879.0
2021-06-23,13.029999732971191,13.989999771118164,13.029999732971191,13.81999969482422,11474.0
2021-06-24,13.5,14.449999809265137,13.5,14.100000381469728,16717.0
2021-06-25,14.5,14.5,13.520000457763672,14.1899995803833,10701.0
2021-06-28,13.600000381469728,14.5,13.199999809265137,14.3100004196167,34775.0
2021-06-29,14.479999542236328,14.869999885559082,13.56999969482422,14.020000457763672,23736.0
2021-06-30,13.399999618530272,14.699999809265137,13.300000190734863,13.539999961853027,14347.0
2021-07-01,13.979999542236328,13.979999542236328,13.0,13.34000015258789,5265.0
2021-07-02,12.550000190734863,13.68000030517578,12.550000190734863,12.729999542236328,5319.0
2021-07-05,12.510000228881836,13.5,12.510000228881836,13.489999771118164,24240.0
2021-07-06,13.970000267028809,14.0,13.109999656677246,13.710000038146973,12680.0
2021-07-07,13.729999542236328,13.729999542236328,13.010000228881836,13.380000114440918,5183.0
2021-07-08,13.010000228881836,13.739999771118164,13.010000228881836,13.210000038146973,4757.0
2021-07-09,13.989999771118164,13.989999771118164,13.050000190734863,13.15999984741211,2762.0
2021-07-12,13.109999656677246,13.539999961853027,13.109999656677246,13.380000114440918,6239.0
2021-07-13,12.699999809265137,13.239999771118164,12.699999809265137,13.100000381469728,11029.0
2021-07-14,13.489999771118164,13.489999771118164,12.5,12.720000267028809,22234.0
2021-07-15,13.25,13.25,12.529999732971191,12.75,1230.0
2021-07-16,12.5,12.979999542236328,12.5,12.699999809265137,1733.0
2021-07-19,13.420000076293944,13.5,12.850000381469728,13.25,9667.0
2021-07-20,12.770000457763672,13.5,12.760000228881836,12.850000381469728,14011.0
2021-07-22,13.4399995803833,13.4399995803833,12.520000457763672,12.779999732971191,2039.0
2021-07-23,12.960000038146973,13.399999618530272,12.079999923706056,12.760000228881836,8668.0
2021-07-26,12.289999961853027,12.949999809265137,12.289999961853027,12.5,4472.0
2021-07-27,12.960000038146973,12.960000038146973,12.520000457763672,12.949999809265137,1222.0
2021-07-28,13.25,13.25,12.699999809265137,12.699999809265137,2196.0
2021-07-29,12.25,12.9399995803833,12.25,12.859999656677246,1456.0
2021-07-30,12.859999656677246,13.06999969482422,12.3100004196167,12.880000114440918,11038.0
2021-08-02,12.880000114440918,13.199999809265137,12.399999618530272,12.960000038146973,10392.0
2021-08-03,12.960000038146973,12.960000038146973,12.510000228881836,12.880000114440918,1568.0
2021-08-04,13.300000190734863,13.300000190734863,11.770000457763672,12.260000228881836,11558.0
2021-08-05,12.760000228881836,12.760000228881836,12.149999618530272,12.369999885559082,1219.0
2021-08-06,12.1899995803833,12.6899995803833,12.020000457763672,12.5,2914.0
2021-08-09,12.350000381469728,14.5,11.520000457763672,12.4399995803833,7671.0
2021-08-10,12.869999885559082,12.899999618530272,11.75,11.920000076293944,12106.0
2021-08-11,12.600000381469728,12.600000381469728,9.539999961853027,10.359999656677246,25495.0
2021-08-12,10.550000190734863,11.199999809265137,10.5,10.539999961853027,10617.0
2021-08-13,10.5,10.989999771118164,10.5,10.619999885559082,6394.0
2021-08-16,10.619999885559082,10.989999771118164,10.420000076293944,10.43000030517578,3724.0
2021-08-17,10.43000030517578,10.920000076293944,9.609999656677246,10.399999618530272,4732.0
2021-08-18,10.399999618530272,10.989999771118164,10.399999618530272,10.399999618530272,9224.0
2021-08-20,9.899999618530272,10.390000343322754,9.0,9.890000343322754,6464.0
2021-08-23,9.890000343322754,11.850000381469728,8.350000381469727,11.100000381469728,54437.0
2021-08-24,12.25,12.25,9.550000190734863,10.630000114440918,17953.0
2021-08-25,11.789999961853027,11.789999961853027,9.600000381469728,10.119999885559082,5666.0
2021-08-26,10.15999984741211,10.989999771118164,10.15999984741211,10.5,13708.0
2021-08-27,10.90999984741211,10.90999984741211,9.25,10.199999809265137,5783.0
2021-08-30,10.390000343322754,10.979999542236328,9.399999618530272,10.09000015258789,12493.0
2021-08-31,10.09000015258789,10.380000114440918,9.75,10.199999809265137,7779.0
2021-09-01,10.199999809265137,10.619999885559082,9.300000190734863,9.970000267028809,7905.0
2021-09-02,10.640000343322754,10.640000343322754,9.270000457763672,10.0,5518.0
2021-09-03,10.640000343322754,10.640000343322754,9.75,9.979999542236328,23071.0
2021-09-06,10.199999809265137,10.199999809265137,9.5,9.84000015258789,3805.0
2021-09-07,9.75,10.5,9.5,10.0,23214.0
2021-09-08,10.40999984741211,10.40999984741211,9.75,9.859999656677246,18998.0
2021-09-09,10.100000381469728,10.25,9.5,9.670000076293944,6678.0
2021-09-13,9.5,9.989999771118164,9.5,9.760000228881836,10029.0
2021-09-14,9.619999885559082,11.300000190734863,9.619999885559082,9.760000228881836,49770.0
2021-09-15,9.989999771118164,10.079999923706056,9.779999732971191,9.93000030517578,7423.0
2021-09-16,10.210000038146973,11.0,9.779999732971191,10.789999961853027,74627.0
2021-09-17,10.899999618530272,11.0,10.020000457763672,10.5,23505.0
2021-09-20,10.5,10.5,10.0,10.18000030517578,8213.0
2021-09-21,9.699999809265137,10.479999542236328,9.699999809265137,10.140000343322754,8686.0
2021-09-22,10.68000030517578,10.6899995803833,10.0,10.3100004196167,11881.0
2021-09-23,10.550000190734863,10.75,9.720000267028809,10.289999961853027,8955.0
2021-09-24,10.029999732971191,10.300000190734863,9.779999732971191,9.989999771118164,7843.0
2021-09-27,10.699999809265137,10.699999809265137,9.760000228881836,10.0600004196167,58692.0
2021-09-28,10.869999885559082,10.880000114440918,9.779999732971191,10.5,8779.0
2021-09-29,10.949999809265137,10.949999809265137,9.279999732971191,10.4399995803833,16495.0
2021-09-30,10.970000267028809,10.970000267028809,8.510000228881836,9.890000343322754,42351.0
2021-10-01,10.600000381469728,10.600000381469728,9.93000030517578,10.0600004196167,14677.0
2021-10-04,10.789999961853027,10.789999961853027,9.399999618530272,9.729999542236328,27120.0
2021-10-05,10.399999618530272,10.4399995803833,9.779999732971191,10.010000228881836,39038.0
2021-10-06,10.020000457763672,10.460000038146973,9.510000228881836,9.829999923706056,15778.0
2021-10-07,10.390000343322754,10.390000343322754,9.420000076293944,10.010000228881836,6688.0
2021-10-08,10.350000381469728,10.350000381469728,9.75,10.170000076293944,12875.0
2021-10-11,10.399999618530272,10.399999618530272,9.800000190734863,10.010000228881836,18458.0
2021-10-12,10.359999656677246,10.359999656677246,9.399999618530272,9.979999542236328,19956.0
2021-10-13,9.760000228881836,10.270000457763672,9.760000228881836,10.0,5732.0
2021-10-14,10.789999961853027,10.789999961853027,9.850000381469728,10.0600004196167,13470.0
2021-10-18,10.300000190734863,10.729999542236328,9.800000190734863,9.859999656677246,26685.0
2021-10-19,9.760000228881836,10.59000015258789,9.75,9.970000267028809,8985.0
2021-10-20,10.5,10.5,8.550000190734863,9.90999984741211,6634.0
2021-10-21,9.5,10.0,9.020000457763672,9.640000343322754,6367.0
2021-10-22,10.0,10.079999923706056,9.59000015258789,9.890000343322754,15315.0
2021-10-25,9.149999618530272,10.0,9.149999618530272,9.56999969482422,10497.0
2021-10-26,9.800000190734863,9.970000267028809,9.5,9.829999923706056,6507.0
2021-10-27,9.989999771118164,9.989999771118164,9.510000228881836,9.800000190734863,7625.0
2021-10-28,9.520000457763672,9.970000267028809,9.5,9.529999732971191,4506.0
2021-10-29,9.529999732971191,9.899999618530272,9.529999732971191,9.56999969482422,2843.0
2021-11-01,9.800000190734863,9.970000267028809,9.550000190734863,9.65999984741211,3334.0
2021-11-02,9.9399995803833,9.960000038146973,9.510000228881836,9.699999809265137,5442.0
2021-11-03,9.899999618530272,9.949999809265137,9.520000457763672,9.829999923706056,1901.0
2021-11-04,9.979999542236328,9.979999542236328,9.550000190734863,9.899999618530272,2526.0
2021-11-08,9.899999618530272,10.489999771118164,9.529999732971191,9.949999809265137,22360.0
2021-11-09,9.600000381469728,10.0,9.510000228881836,9.84000015258789,9231.0
2021-11-10,9.84000015258789,10.399999618530272,9.739999771118164,10.09000015258789,12682.0
2021-11-11,10.09000015258789,10.09000015258789,9.760000228881836,9.989999771118164,4106.0
2021-11-12,9.520000457763672,10.0,9.520000457763672,9.600000381469728,5193.0
2021-11-15,9.800000190734863,10.4399995803833,9.510000228881836,9.739999771118164,15171.0
2021-11-16,9.739999771118164,9.9399995803833,9.5,9.859999656677246,5123.0
2021-11-17,9.93000030517578,9.93000030517578,9.40999984741211,9.710000038146973,2182.0
2021-11-18,10.449999809265137,10.449999809265137,9.5,9.579999923706056,13434.0
2021-11-22,9.59000015258789,9.970000267028809,8.109999656677246,9.039999961853027,13872.0
2021-11-23,9.050000190734863,9.449999809265137,9.039999961853027,9.149999618530272,2356.0
2021-11-24,9.470000267028809,9.5,9.199999809265137,9.4399995803833,10214.0
2021-11-25,9.4399995803833,9.859999656677246,9.3100004196167,9.5600004196167,7080.0
2021-11-26,9.75,9.75,9.399999618530272,9.489999771118164,12582.0
2021-11-29,9.489999771118164,9.640000343322754,9.109999656677246,9.15999984741211,2774.0
2021-11-30,9.350000381469728,9.789999961853027,9.100000381469728,9.609999656677246,14359.0
2021-12-01,9.9399995803833,9.9399995803833,9.199999809265137,9.520000457763672,6146.0
2021-12-02,9.81999969482422,9.81999969482422,9.020000457763672,9.489999771118164,457.0
2021-12-03,9.9399995803833,9.9399995803833,9.199999809265137,9.350000381469728,5700.0
2021-12-06,9.199999809265137,10.489999771118164,9.199999809265137,9.529999732971191,16101.0
2021-12-07,9.75,9.789999961853027,9.380000114440918,9.579999923706056,9610.0
2021-12-08,9.949999809265137,9.949999809265137,9.34000015258789,9.800000190734863,4891.0
2021-12-09,9.800000190734863,9.989999771118164,9.020000457763672,9.529999732971191,24174.0
2021-12-10,9.6899995803833,9.699999809265137,9.420000076293944,9.520000457763672,20409.0
2021-12-13,9.989999771118164,9.989999771118164,9.40999984741211,9.720000267028809,21467.0
2021-12-14,9.739999771118164,10.25,9.40999984741211,9.6899995803833,8575.0
2021-12-15,9.6899995803833,9.6899995803833,9.399999618530272,9.5600004196167,3989.0
2021-12-16,9.739999771118164,9.739999771118164,9.300000190734863,9.68000030517578,3558.0
2021-12-17,9.68000030517578,9.710000038146973,9.420000076293944,9.539999961853027,5822.0
2021-12-20,9.029999732971191,9.670000076293944,8.880000114440918,9.010000228881836,24727.0
2021-12-21,9.039999961853027,9.630000114440918,8.850000381469727,9.260000228881836,29195.0
2021-12-22,9.979999542236328,10.8100004196167,9.270000457763672,9.6899995803833,19740.0
2021-12-23,9.890000343322754,9.890000343322754,9.270000457763672,9.760000228881836,14370.0
2021-12-24,9.760000228881836,9.760000228881836,9.170000076293944,9.420000076293944,1397.0
2021-12-27,9.960000038146973,9.960000038146973,9.539999961853027,9.760000228881836,2831.0
2021-12-28,9.970000267028809,10.890000343322754,9.649999618530272,10.260000228881836,109187.0
2021-12-29,10.960000038146973,10.960000038146973,10.029999732971191,10.279999732971191,41415.0
2021-12-30,10.489999771118164,11.600000381469728,9.770000457763672,11.079999923706056,73010.0
2021-12-31,12.210000038146973,13.289999961853027,11.100000381469728,13.289999961853027,440102.0
2022-01-03,13.800000190734863,14.609999656677246,12.220000267028809,14.609999656677246,492755.0
2022-01-04,14.949999809265137,15.380000114440918,13.5,13.949999809265137,182006.0
2022-01-05,13.270000457763672,13.979999542236328,13.050000190734863,13.31999969482422,47440.0
2022-01-06,13.1899995803833,13.880000114440918,12.300000190734863,13.239999771118164,84173.0
2022-01-07,13.239999771118164,14.5600004196167,12.649999618530272,14.470000267028809,232789.0
2022-01-10,15.779999732971191,15.90999984741211,15.100000381469728,15.90999984741211,194868.0
2022-01-11,16.770000457763672,16.770000457763672,14.31999969482422,14.31999969482422,237122.0
2022-01-12,14.18000030517578,14.18000030517578,12.899999618530272,13.130000114440918,106658.0
2022-01-13,12.949999809265137,13.699999809265137,12.520000457763672,13.619999885559082,65292.0
2022-01-14,12.960000038146973,13.979999542236328,12.949999809265137,13.640000343322754,26160.0
2022-01-17,14.0,14.0,13.0,13.279999732971191,33780.0
2022-01-18,13.579999923706056,13.670000076293944,12.619999885559082,12.68000030517578,39985.0
2022-01-19,12.68000030517578,12.989999771118164,12.050000190734863,12.510000228881836,35293.0
2022-01-20,11.90999984741211,12.300000190734863,11.890000343322754,11.890000343322754,32718.0
2022-01-21,12.149999618530272,12.479999542236328,11.3100004196167,12.369999885559082,36610.0
2022-01-24,12.479999542236328,12.479999542236328,11.760000228881836,12.229999542236328,63318.0
2022-01-25,12.399999618530272,12.670000076293944,11.619999885559082,12.18000030517578,37155.0
2022-01-27,12.449999809265137,12.449999809265137,11.75,12.0600004196167,21563.0
2022-01-28,12.279999732971191,12.34000015258789,11.6899995803833,12.0,16618.0
2022-01-31,12.25,12.25,11.529999732971191,11.960000038146973,39977.0
2022-02-01,11.970000267028809,12.300000190734863,11.399999618530272,12.0,22787.0
2022-02-02,11.979999542236328,12.300000190734863,11.800000190734863,11.989999771118164,22490.0
2022-02-03,11.649999618530272,11.989999771118164,11.510000228881836,11.739999771118164,11950.0
2022-02-04,12.0,12.100000381469728,11.550000190734863,12.0,6525.0
2022-02-07,12.399999618530272,12.399999618530272,11.550000190734863,11.5600004196167,8541.0
2022-02-08,11.5600004196167,12.130000114440918,11.020000457763672,11.710000038146973,42013.0
2022-02-09,11.979999542236328,11.979999542236328,11.220000267028809,11.630000114440918,25746.0
2022-02-10,11.579999923706056,11.579999923706056,11.149999618530272,11.18000030517578,6357.0
2022-02-11,11.68000030517578,11.68000030517578,10.949999809265137,11.220000267028809,21089.0
2022-02-14,11.390000343322754,11.390000343322754,10.65999984741211,10.890000343322754,13643.0
2022-02-15,10.890000343322754,11.149999618530272,10.350000381469728,10.420000076293944,8693.0
2022-02-16,10.420000076293944,10.84000015258789,10.420000076293944,10.630000114440918,4998.0
2022-02-17,10.300000190734863,10.850000381469728,10.100000381469728,10.579999923706056,61379.0
2022-02-18,10.350000381469728,10.869999885559082,10.0600004196167,10.770000457763672,15605.0
2022-02-21,11.0,11.0,10.239999771118164,10.260000228881836,21006.0
2022-02-22,10.0,10.6899995803833,9.75,10.119999885559082,22806.0
2022-02-23,10.579999923706056,10.579999923706056,9.770000457763672,9.789999961853027,1499.0
2022-02-24,10.1899995803833,10.1899995803833,9.3100004196167,9.3100004196167,6720.0
2022-02-25,9.5,9.729999542236328,9.5,9.5600004196167,7643.0
2022-02-28,9.109999656677246,9.93000030517578,9.09000015258789,9.15999984741211,14443.0
2022-03-02,9.550000190734863,9.550000190734863,9.15999984741211,9.399999618530272,6914.0
2022-03-03,9.779999732971191,9.779999732971191,9.399999618530272,9.5,3702.0
2022-03-04,9.5,9.829999923706056,9.06999969482422,9.130000114440918,3431.0
2022-03-07,9.350000381469728,9.350000381469728,8.800000190734863,9.25,6934.0
2022-03-08,9.0,9.43000030517578,8.8100004196167,9.0,4841.0
2022-03-09,9.449999809265137,9.449999809265137,8.899999618530273,9.279999732971191,3810.0
2022-03-10,9.6899995803833,9.6899995803833,9.06999969482422,9.40999984741211,20561.0
2022-03-11,9.4399995803833,9.4399995803833,9.029999732971191,9.260000228881836,12995.0
2022-03-14,9.6899995803833,9.6899995803833,9.0,9.350000381469728,6702.0
2022-03-15,9.399999618530272,9.489999771118164,9.029999732971191,9.369999885559082,2507.0
2022-03-16,9.489999771118164,9.489999771118164,9.050000190734863,9.239999771118164,7057.0
2022-03-17,9.239999771118164,9.489999771118164,9.050000190734863,9.149999618530272,12015.0
2022-03-21,9.5,9.5,8.90999984741211,9.09000015258789,23838.0
2022-03-22,9.390000343322754,9.390000343322754,8.829999923706055,8.930000305175781,70378.0
2022-03-23,8.899999618530273,9.199999809265137,8.899999618530273,9.0,5389.0
2022-03-24,9.0,9.289999961853027,8.779999732971191,8.850000381469727,15467.0
2022-03-25,9.09000015258789,9.09000015258789,8.75,8.850000381469727,4416.0
2022-03-28,9.050000190734863,9.289999961853027,8.40999984741211,8.449999809265137,19425.0
2022-03-29,8.850000381469727,8.869999885559082,8.0600004196167,8.170000076293945,57880.0
2022-03-30,8.5,8.569999694824219,8.170000076293945,8.569999694824219,62294.0
2022-03-31,8.890000343322754,8.989999771118164,8.3100004196167,8.989999771118164,48217.0
2022-04-01,9.399999618530272,9.43000030517578,9.300000190734863,9.43000030517578,19126.0
2022-04-04,9.899999618530272,9.899999618530272,9.899999618530272,9.899999618530272,10858.0
2022-04-05,10.390000343322754,10.390000343322754,10.390000343322754,10.390000343322754,19288.0
2022-04-06,10.899999618530272,10.899999618530272,10.899999618530272,10.899999618530272,11625.0
2022-04-07,11.4399995803833,11.4399995803833,11.149999618530272,11.4399995803833,139895.0
2022-04-08,12.0,12.0,11.100000381469728,11.739999771118164,62311.0
2022-04-11,12.010000228881836,12.31999969482422,11.5,11.609999656677246,61499.0
2022-04-12,11.949999809265137,11.949999809265137,11.029999732971191,11.029999732971191,48043.0
2022-04-13,11.029999732971191,11.329999923706056,10.479999542236328,10.479999542236328,12471.0
2022-04-18,10.479999542236328,10.970000267028809,9.960000038146973,10.15999984741211,21777.0
2022-04-19,10.15999984741211,10.420000076293944,9.800000190734863,10.020000457763672,7977.0
2022-04-20,9.760000228881836,9.899999618530272,9.520000457763672,9.520000457763672,37144.0
2022-04-21,9.75,9.890000343322754,9.18000030517578,9.3100004196167,16111.0
2022-04-22,9.75,9.770000457763672,9.15999984741211,9.760000228881836,24842.0
2022-04-25,10.0,10.0,9.329999923706056,9.630000114440918,9359.0
2022-04-26,9.649999618530272,9.770000457763672,9.270000457763672,9.3100004196167,19767.0
2022-04-27,9.720000267028809,9.720000267028809,9.119999885559082,9.520000457763672,9611.0
2022-04-28,9.520000457763672,9.670000076293944,9.300000190734863,9.4399995803833,3182.0
2022-04-29,9.18000030517578,9.579999923706056,9.18000030517578,9.56999969482422,9724.0
2022-05-02,9.5600004196167,9.56999969482422,9.300000190734863,9.520000457763672,7356.0
2022-05-04,9.5,9.5,9.079999923706056,9.210000038146973,5917.0
2022-05-05,9.399999618530272,9.630000114440918,9.170000076293944,9.210000038146973,9594.0
2022-05-06,9.390000343322754,9.399999618530272,8.770000457763672,9.020000457763672,10526.0
2022-05-09,9.25,9.25,8.579999923706055,8.699999809265137,8701.0
2022-05-10,8.989999771118164,9.119999885559082,8.989999771118164,9.0,4248.0
2022-05-11,9.199999809265137,9.199999809265137,8.569999694824219,8.960000038146973,1872.0
2022-05-12,8.520000457763672,8.989999771118164,8.520000457763672,8.649999618530273,9316.0
2022-05-13,8.649999618530273,8.859999656677246,8.300000190734863,8.729999542236328,9961.0
2022-05-16,8.600000381469727,8.890000343322754,8.40999984741211,8.600000381469727,1405.0
2022-05-17,8.800000190734863,8.800000190734863,8.220000267028809,8.710000038146973,7941.0
2022-05-18,8.989999771118164,8.989999771118164,8.510000228881836,8.640000343322754,5851.0
2022-05-19,8.920000076293945,8.949999809265137,8.210000038146973,8.210000038146973,7988.0
2022-05-20,8.210000038146973,8.619999885559082,8.210000038146973,8.619999885559082,28220.0
2022-05-23,8.619999885559082,8.989999771118164,8.319999694824219,8.4399995803833,6275.0
2022-05-24,8.859999656677246,8.859999656677246,8.319999694824219,8.350000381469727,3570.0
2022-05-25,8.75,8.760000228881836,8.25,8.34000015258789,5724.0
2022-05-26,8.75,8.75,8.020000457763672,8.5,2716.0
2022-05-27,8.90999984741211,8.90999984741211,8.130000114440918,8.319999694824219,10916.0
2022-05-30,8.319999694824219,8.65999984741211,8.300000190734863,8.399999618530273,6211.0
2022-05-31,8.819999694824219,8.819999694824219,8.819999694824219,8.819999694824219,2260.0
2022-06-01,9.260000228881836,9.260000228881836,9.260000228881836,9.260000228881836,2144.0
2022-06-02,9.720000267028809,9.720000267028809,9.300000190734863,9.470000267028809,104734.0
2022-06-03,9.350000381469728,9.399999618530272,9.0,9.010000228881836,21485.0
2022-06-06,8.850000381469727,9.25,8.649999618530273,9.0600004196167,8531.0
2022-06-07,9.390000343322754,9.390000343322754,8.899999618530273,9.1899995803833,2725.0
2022-06-08,9.1899995803833,9.1899995803833,8.739999771118164,8.739999771118164,14383.0
2022-06-09,8.949999809265137,8.949999809265137,8.510000228881836,8.859999656677246,3000.0
2022-06-10,8.989999771118164,8.989999771118164,8.420000076293945,8.569999694824219,16663.0
2022-06-13,8.319999694824219,8.5,8.170000076293945,8.300000190734863,7680.0
2022-06-14,8.520000457763672,8.520000457763672,8.15999984741211,8.380000114440918,2489.0
2022-06-15,8.789999961853027,8.789999961853027,8.449999809265137,8.789999961853027,38944.0
2022-06-16,9.220000267028809,9.220000267028809,8.369999885559082,8.479999542236328,5867.0
2022-06-17,8.479999542236328,8.75,8.149999618530273,8.739999771118164,12826.0
2022-06-20,8.989999771118164,8.989999771118164,8.3100004196167,8.3100004196167,2550.0
2022-06-21,8.149999618530273,8.720000267028809,8.020000457763672,8.720000267028809,8053.0
2022-06-22,9.140000343322754,9.149999618530272,9.130000114440918,9.149999618530272,21329.0
2022-06-23,9.600000381469728,9.600000381469728,9.4399995803833,9.600000381469728,31543.0
2022-06-24,10.079999923706056,10.079999923706056,9.25,10.079999923706056,50820.0
2022-06-27,10.579999923706056,10.579999923706056,10.579999923706056,10.579999923706056,6502.0
2022-06-28,11.100000381469728,11.100000381469728,11.100000381469728,11.100000381469728,64134.0
2022-06-29,11.649999618530272,11.649999618530272,11.649999618530272,11.649999618530272,63345.0
2022-06-30,12.0,12.229999542236328,11.06999969482422,12.229999542236328,171245.0
2022-07-01,12.84000015258789,12.84000015258789,11.619999885559082,11.65999984741211,69648.0
2022-07-04,11.149999618530272,12.170000076293944,11.100000381469728,11.31999969482422,21786.0
2022-07-05,11.079999923706056,11.800000190734863,11.010000228881836,11.630000114440918,17832.0
2022-07-06,11.640000343322754,11.640000343322754,11.15999984741211,11.220000267028809,7121.0
2022-07-07,11.5,11.5,11.149999618530272,11.1899995803833,5417.0
2022-07-08,11.470000267028809,11.470000267028809,10.649999618530272,10.65999984741211,6074.0
2022-07-11,10.899999618530272,11.170000076293944,10.5,10.779999732971191,28920.0
2022-07-12,11.0,11.0,10.270000457763672,10.399999618530272,5395.0
2022-07-13,10.890000343322754,10.890000343322754,9.920000076293944,10.550000190734863,5576.0
2022-07-14,11.0600004196167,11.0600004196167,10.029999732971191,10.029999732971191,11095.0
2022-07-15,10.199999809265137,10.199999809265137,9.850000381469728,10.029999732971191,2285.0
2022-07-18,10.489999771118164,10.5,10.029999732971191,10.479999542236328,11443.0
2022-07-19,10.699999809265137,10.699999809265137,10.109999656677246,10.109999656677246,6024.0
2022-07-20,10.3100004196167,10.609999656677246,10.300000190734863,10.609999656677246,7650.0
2022-07-21,11.140000343322754,11.140000343322754,10.609999656677246,10.920000076293944,26580.0
2022-07-22,10.989999771118164,11.460000038146973,10.380000114440918,11.300000190734863,82912.0
2022-07-25,11.300000190734863,11.75,10.899999618530272,11.4399995803833,27268.0
2022-07-26,11.489999771118164,11.489999771118164,11.109999656677246,11.170000076293944,8494.0
2022-07-27,11.550000190734863,11.59000015258789,10.800000190734863,11.199999809265137,7050.0
2022-07-28,11.4399995803833,11.449999809265137,10.899999618530272,11.149999618530272,11555.0
2022-07-29,11.699999809265137,11.699999809265137,10.890000343322754,11.520000457763672,16829.0
2022-08-01,11.050000190734863,12.0,11.050000190734863,11.960000038146973,11428.0
2022-08-02,11.960000038146973,11.960000038146973,11.369999885559082,11.369999885559082,8248.0
2022-08-03,11.6899995803833,11.6899995803833,10.899999618530272,11.0,29794.0
2022-08-04,10.899999618530272,11.289999961853027,10.550000190734863,10.59000015258789,25465.0
2022-08-05,10.130000114440918,10.649999618530272,10.109999656677246,10.649999618530272,24311.0
2022-08-08,10.5,11.68000030517578,10.5,11.619999885559082,30259.0
2022-08-10,12.199999809265137,12.199999809265137,10.460000038146973,10.529999732971191,75798.0
2022-08-11,11.579999923706056,11.579999923706056,10.029999732971191,10.489999771118164,54964.0
2022-08-12,10.0600004196167,10.84000015258789,10.0600004196167,10.239999771118164,22190.0
2022-08-16,10.960000038146973,10.960000038146973,10.550000190734863,10.800000190734863,6500.0
2022-08-17,10.800000190734863,11.170000076293944,10.600000381469728,10.989999771118164,11194.0
2022-08-18,11.359999656677246,11.359999656677246,10.65999984741211,10.800000190734863,8398.0
2022-08-19,10.649999618530272,10.800000190734863,9.93000030517578,10.630000114440918,14213.0
2022-08-22,10.979999542236328,10.979999542236328,10.289999961853027,10.479999542236328,11256.0
2022-08-23,10.640000343322754,11.25,10.25,10.6899995803833,62609.0
2022-08-24,10.300000190734863,10.68000030517578,10.130000114440918,10.359999656677246,16314.0
2022-08-25,10.649999618530272,10.989999771118164,10.350000381469728,10.420000076293944,55366.0
2022-08-26,10.899999618530272,11.279999732971191,10.100000381469728,10.920000076293944,50733.0
2022-08-29,11.149999618530272,11.149999618530272,10.359999656677246,10.789999961853027,1835.0
2022-08-30,10.789999961853027,11.609999656677246,10.550000190734863,10.899999618530272,10318.0
2022-09-01,11.0,11.0,10.199999809265137,10.520000457763672,22175.0
2022-09-02,10.9399995803833,10.9399995803833,10.0,10.300000190734863,59152.0
2022-09-05,10.359999656677246,10.739999771118164,10.010000228881836,10.5,17418.0
2022-09-06,10.75,10.75,10.359999656677246,10.630000114440918,9753.0
2022-09-07,10.640000343322754,10.640000343322754,10.3100004196167,10.59000015258789,11584.0
2022-09-08,10.25,10.84000015258789,10.25,10.699999809265137,17344.0
2022-09-09,10.960000038146973,11.0,10.5,10.920000076293944,14641.0
2022-09-12,11.0,11.4399995803833,11.0,11.109999656677246,23391.0
2022-09-13,11.119999885559082,11.390000343322754,10.5,11.0,18472.0
2022-09-14,11.399999618530272,12.100000381469728,10.989999771118164,12.100000381469728,51827.0
2022-09-15,13.3100004196167,13.3100004196167,12.510000228881836,13.3100004196167,143947.0
2022-09-16,13.899999618530272,14.4399995803833,12.75,12.859999656677246,111150.0
2022-09-19,13.970000267028809,13.970000267028809,13.050000190734863,13.800000190734863,72730.0
2022-09-20,14.75,14.850000381469728,14.109999656677246,14.630000114440918,160342.0
2022-09-21,14.899999618530272,15.0,14.100000381469728,14.850000381469728,100126.0
2022-09-22,14.979999542236328,15.0,14.359999656677246,14.970000267028809,59921.0
2022-09-23,15.0,15.239999771118164,14.510000228881836,14.850000381469728,48039.0
2022-09-26,14.119999885559082,15.109999656677246,14.109999656677246,14.109999656677246,21843.0
2022-09-27,13.899999618530272,14.800000190734863,13.40999984741211,14.119999885559082,62649.0
2022-09-28,14.229999542236328,14.600000381469728,14.020000457763672,14.399999618530272,18494.0
2022-09-29,15.0,15.0,14.100000381469728,14.390000343322754,35609.0
2022-09-30,13.84000015258789,14.65999984741211,13.84000015258789,14.06999969482422,5324.0
2022-10-03,14.479999542236328,14.479999542236328,13.5,13.989999771118164,10004.0
2022-10-04,13.460000038146973,14.539999961853027,13.460000038146973,14.489999771118164,86948.0
2022-10-06,14.199999809265137,15.210000038146973,14.199999809265137,15.079999923706056,47063.0
2022-10-07,14.899999618530272,15.380000114440918,14.510000228881836,14.68000030517578,22517.0
2022-10-10,14.010000228881836,14.59000015258789,14.010000228881836,14.18000030517578,13882.0
2022-10-11,15.279999732971191,15.289999961853027,14.100000381469728,14.6899995803833,32667.0
2022-10-12,15.050000190734863,15.050000190734863,14.609999656677246,14.789999961853027,42501.0
2022-10-13,14.260000228881836,14.979999542236328,14.260000228881836,14.529999732971191,8130.0
2022-10-14,15.789999961853027,15.789999961853027,14.5,14.850000381469728,18451.0
2022-10-17,13.850000381469728,14.890000343322754,13.850000381469728,14.25,8259.0
2022-10-18,14.539999961853027,14.770000457763672,14.25,14.59000015258789,12352.0
2022-10-19,14.899999618530272,14.899999618530272,14.020000457763672,14.239999771118164,10520.0
2022-10-20,14.239999771118164,14.789999961853027,13.539999961853027,14.550000190734863,14567.0
2022-10-21,13.829999923706056,14.800000190734863,13.829999923706056,14.239999771118164,4888.0
2022-10-24,14.75,14.75,14.210000038146973,14.420000076293944,6962.0
2022-10-25,14.25,14.25,13.699999809265137,13.699999809265137,17546.0
2022-10-27,13.699999809265137,14.380000114440918,13.020000457763672,14.0,17815.0
2022-10-28,14.68000030517578,14.68000030517578,13.380000114440918,14.140000343322754,18992.0
2022-10-31,14.739999771118164,14.739999771118164,13.5600004196167,13.899999618530272,10269.0
2022-11-01,13.5600004196167,13.979999542236328,13.220000267028809,13.399999618530272,56087.0
2022-11-02,13.850000381469728,13.850000381469728,13.220000267028809,13.43000030517578,8698.0
2022-11-03,13.979999542236328,13.979999542236328,13.050000190734863,13.670000076293944,7941.0
2022-11-04,13.199999809265137,14.25,13.199999809265137,13.739999771118164,3824.0
2022-11-07,13.760000228881836,13.760000228881836,13.199999809265137,13.760000228881836,2785.0
2022-11-09,13.760000228881836,14.329999923706056,13.25,13.489999771118164,9512.0
2022-11-10,13.100000381469728,13.979999542236328,13.100000381469728,13.40999984741211,11612.0
2022-11-11,13.960000038146973,13.960000038146973,12.899999618530272,13.220000267028809,7916.0
2022-11-14,13.199999809265137,13.880000114440918,13.199999809265137,13.880000114440918,64184.0
2022-11-15,13.800000190734863,13.800000190734863,13.199999809265137,13.760000228881836,5411.0
2022-11-16,13.760000228881836,14.0,13.079999923706056,13.6899995803833,14514.0
2022-11-17,13.68000030517578,13.880000114440918,13.010000228881836,13.699999809265137,31348.0
2022-11-18,13.699999809265137,14.329999923706056,13.020000457763672,13.050000190734863,27206.0
2022-11-21,13.020000457763672,13.6899995803833,12.420000076293944,13.119999885559082,13396.0
2022-11-22,13.449999809265137,13.449999809265137,13.0,13.239999771118164,13386.0
2022-11-23,13.869999885559082,13.869999885559082,12.949999809265137,13.25,8113.0
2022-11-24,13.899999618530272,13.899999618530272,13.0,13.300000190734863,10803.0
2022-11-25,13.829999923706056,13.829999923706056,12.649999618530272,13.229999542236328,20856.0
2022-11-28,13.220000267028809,13.789999961853027,12.609999656677246,12.68000030517578,11222.0
2022-11-29,12.68000030517578,12.869999885559082,12.119999885559082,12.5,16762.0
2022-11-30,12.529999732971191,12.800000190734863,12.300000190734863,12.5,5444.0
2022-12-01,12.529999732971191,12.93000030517578,12.0600004196167,12.5,18427.0
2022-12-02,12.31999969482422,12.800000190734863,12.31999969482422,12.779999732971191,9280.0
2022-12-05,13.390000343322754,13.40999984741211,12.8100004196167,13.40999984741211,77566.0
2022-12-06,14.079999923706056,14.079999923706056,13.0600004196167,13.489999771118164,35024.0
2022-12-07,13.949999809265137,13.949999809265137,13.1899995803833,13.479999542236328,12219.0
2022-12-08,13.68000030517578,13.68000030517578,13.050000190734863,13.489999771118164,6083.0
2022-12-09,14.149999618530272,14.829999923706056,14.010000228881836,14.829999923706056,132803.0
2022-12-12,15.399999618530272,16.309999465942383,14.850000381469728,16.309999465942383,180683.0
2022-12-13,17.940000534057617,17.940000534057617,17.790000915527344,17.940000534057617,159387.0
2022-12-14,18.82999992370605,18.82999992370605,18.82999992370605,18.82999992370605,31147.0
2022-12-15,19.770000457763672,19.770000457763672,19.770000457763672,19.770000457763672,31745.0
2022-12-16,20.75,20.75,18.799999237060547,20.530000686645508,533822.0
2022-12-19,20.450000762939453,21.549999237060547,19.51000022888184,21.450000762939453,466213.0
2022-12-20,22.0,22.38999938964844,20.3799991607666,20.3799991607666,180156.0
2022-12-21,19.479999542236328,19.530000686645508,19.3700008392334,19.3700008392334,38422.0
2022-12-22,18.5,18.61000061035156,18.40999984741211,18.40999984741211,41814.0
2022-12-23,17.489999771118164,17.489999771118164,17.489999771118164,17.489999771118164,8403.0
2022-12-26,16.6200008392334,18.36000061035156,16.6200008392334,18.350000381469727,148576.0
2022-12-27,19.26000022888184,19.26000022888184,17.75,18.34000015258789,79376.0
2022-12-28,18.799999237060547,18.989999771118164,17.520000457763672,17.799999237060547,56536.0
2022-12-29,18.0,18.649999618530277,17.989999771118164,18.190000534057617,50946.0
2022-12-30,18.25,18.8799991607666,18.25,18.649999618530277,21137.0
2023-01-02,18.850000381469727,18.850000381469727,17.950000762939453,18.25,27411.0
2023-01-03,18.299999237060547,18.950000762939453,17.350000381469727,17.399999618530273,47619.0
2023-01-04,17.5,17.5,16.799999237060547,17.200000762939453,14283.0
2023-01-05,17.0,18.049999237060547,17.0,18.0,28459.0
2023-01-06,18.899999618530277,18.899999618530277,18.899999618530277,18.899999618530277,37412.0
2023-01-09,19.399999618530277,19.399999618530277,18.0,18.049999237060547,16686.0
2023-01-10,17.25,18.950000762939453,17.25,18.899999618530277,18171.0
2023-01-11,19.600000381469727,19.600000381469727,18.0,18.549999237060547,31698.0
2023-01-12,19.149999618530277,19.149999618530277,18.0,18.450000762939453,10459.0
2023-01-13,18.049999237060547,19.350000381469727,18.049999237060547,19.200000762939453,12133.0
2023-01-16,19.200000762939453,20.0,19.049999237060547,19.600000381469727,17112.0
2023-01-17,20.5,20.5,18.700000762939453,19.450000762939453,12272.0
2023-01-18,18.75,20.149999618530277,18.75,19.149999618530277,7652.0
2023-01-19,20.0,20.0,18.549999237060547,18.700000762939453,14903.0
2023-01-20,19.5,19.5,18.049999237060547,18.799999237060547,13210.0
2023-01-23,19.649999618530277,19.700000762939453,18.5,19.700000762939453,46895.0
2023-01-24,20.649999618530277,20.649999618530277,19.75,20.649999618530277,53114.0
2023-01-25,21.5,21.649999618530277,20.350000381469727,21.649999618530277,90115.0
2023-01-27,22.700000762939453,22.700000762939453,20.600000381469727,20.799999237060547,278126.0
2023-01-30,20.0,21.700000762939453,19.799999237060547,19.899999618530277,65754.0
2023-01-31,19.100000381469727,20.5,19.100000381469727,19.5,16708.0
2023-02-01,18.850000381469727,20.450000762939453,18.850000381469727,20.25,58330.0
2023-02-02,21.25,21.25,19.299999237060547,20.149999618530277,28013.0
2023-02-03,19.450000762939453,20.899999618530277,19.149999618530277,19.149999618530277,28769.0
2023-02-06,18.25,19.399999618530277,18.200000762939453,18.200000762939453,60625.0
2023-02-07,18.200000762939453,19.350000381469727,17.100000381469727,18.049999237060547,30828.0
2023-02-08,19.850000381469727,19.850000381469727,18.200000762939453,19.25,16653.0
2023-02-09,21.149999618530277,21.149999618530277,17.850000381469727,18.200000762939453,72013.0
2023-02-10,18.200000762939453,19.5,17.799999237060547,18.100000381469727,8905.0
2023-02-13,19.899999618530277,19.899999618530277,16.799999237060547,17.549999237060547,32491.0
2023-02-14,17.549999237060547,18.399999618530277,17.450000762939453,17.649999618530273,2077.0
2023-02-15,18.75,18.950000762939453,18.049999237060547,18.649999618530277,21262.0
2023-02-16,18.649999618530277,19.950000762939453,18.049999237060547,19.700000762939453,25613.0
2023-02-17,20.100000381469727,20.899999618530277,18.600000381469727,20.25,20564.0
2023-02-20,20.700000762939453,21.850000381469727,19.100000381469727,19.399999618530277,18967.0
2023-02-21,21.0,21.0,18.5,18.5,12033.0
2023-02-22,18.5,19.149999618530277,18.0,18.399999618530277,30511.0
2023-02-23,18.399999618530277,18.950000762939453,18.0,18.100000381469727,13611.0
2023-02-24,18.700000762939453,18.700000762939453,17.5,17.600000381469727,7980.0
2023-02-27,17.950000762939453,17.950000762939453,16.25,16.450000762939453,23813.0
2023-02-28,17.549999237060547,17.549999237060547,16.049999237060547,16.850000381469727,12882.0
2023-03-01,16.600000381469727,17.75,16.600000381469727,16.760000228881836,8676.0
2023-03-02,16.299999237060547,17.450000762939453,16.299999237060547,17.389999389648438,4035.0
2023-03-03,17.399999618530273,17.899999618530273,16.299999237060547,17.100000381469727,6175.0
2023-03-06,17.950000762939453,18.479999542236328,16.299999237060547,16.6200008392334,28909.0
2023-03-08,16.260000228881836,17.530000686645508,16.260000228881836,17.010000228881836,5083.0
2023-03-09,16.5,17.5,16.149999618530273,16.81999969482422,9082.0
2023-03-10,17.649999618530273,17.649999618530273,16.309999465942383,16.399999618530273,15975.0
2023-03-13,16.989999771118164,17.399999618530273,16.399999618530273,16.469999313354492,6960.0
2023-03-14,16.700000762939453,17.0,15.800000190734863,16.729999542236328,4016.0
2023-03-15,16.75,17.399999618530273,15.5,15.720000267028809,13333.0
2023-03-16,16.0,16.459999084472656,15.140000343322754,15.979999542236328,8864.0
2023-03-17,15.979999542236328,16.25,15.300000190734863,15.84000015258789,7181.0
2023-03-20,15.300000190734863,16.290000915527344,15.25,16.059999465942383,6845.0
2023-03-21,16.190000534057617,16.899999618530273,15.710000038146973,15.90999984741211,5288.0
2023-03-22,15.75,15.989999771118164,15.199999809265137,15.510000228881836,8686.0
2023-03-23,15.510000228881836,15.890000343322754,15.050000190734863,15.850000381469728,3870.0
2023-03-24,15.800000190734863,16.5,15.609999656677246,15.75,6078.0
2023-03-27,15.75,15.75,14.899999618530272,14.93000030517578,5562.0
2023-03-28,15.109999656677246,15.600000381469728,14.949999809265137,15.31999969482422,5324.0
2023-03-29,15.5,15.989999771118164,14.40999984741211,15.119999885559082,7141.0
2023-03-31,15.449999809265137,16.440000534057617,15.25,15.460000038146973,26691.0
2023-04-03,15.890000343322754,16.100000381469727,15.449999809265137,15.880000114440918,6630.0
2023-04-05,16.100000381469727,16.600000381469727,15.350000381469728,15.579999923706056,45619.0
2023-04-06,15.579999923706056,16.799999237060547,15.579999923706056,16.229999542236328,12610.0
2023-04-10,16.450000762939453,16.950000762939453,16.280000686645508,16.899999618530273,5161.0
2023-04-11,16.899999618530273,18.239999771118164,16.899999618530273,17.780000686645508,21467.0
2023-04-12,18.0,18.0,17.100000381469727,17.559999465942383,17574.0
2023-04-13,17.989999771118164,18.0,16.950000762939453,17.829999923706055,14348.0
2023-04-17,18.0,18.5,17.399999618530273,18.149999618530277,8776.0
2023-04-18,18.149999618530277,18.88999938964844,17.75,17.989999771118164,7206.0
2023-04-19,18.5,18.5,17.6200008392334,17.690000534057617,3301.0
2023-04-20,17.690000534057617,17.690000534057617,17.049999237060547,17.459999084472656,6449.0
2023-04-21,17.399999618530273,18.290000915527344,17.030000686645508,17.170000076293945,12333.0
2023-04-24,17.170000076293945,17.989999771118164,17.010000228881836,17.229999542236328,3956.0
2023-04-25,17.0,17.989999771118164,16.0,16.579999923706055,26457.0
2023-04-26,16.989999771118164,17.350000381469727,16.5,16.760000228881836,10400.0
2023-04-27,17.389999389648438,17.75,16.600000381469727,17.450000762939453,5315.0
2023-04-28,17.299999237060547,18.200000762939453,15.619999885559082,16.510000228881836,38070.0
2023-05-02,17.100000381469727,17.100000381469727,16.260000228881836,16.360000610351562,21458.0
2023-05-03,16.059999465942383,17.700000762939453,16.010000228881836,16.729999542236328,23905.0
2023-05-04,16.209999084472656,16.989999771118164,16.010000228881836,16.139999389648438,25810.0
2023-05-05,16.770000457763672,16.950000762939453,16.299999237060547,16.68000030517578,9923.0
2023-05-08,17.489999771118164,17.489999771118164,16.270000457763672,16.610000610351562,21811.0
2023-05-09,16.399999618530273,16.989999771118164,16.18000030517578,16.309999465942383,9324.0
2023-05-10,16.709999084472656,16.979999542236328,16.170000076293945,16.309999465942383,7704.0
2023-05-11,16.299999237060547,16.950000762939453,13.93000030517578,15.130000114440918,137588.0
2023-05-12,15.350000381469728,16.489999771118164,15.31999969482422,16.15999984741211,39656.0
2023-05-15,16.489999771118164,17.790000915527344,15.899999618530272,17.639999389648438,62093.0
2023-05-16,17.780000686645508,18.0,17.049999237060547,17.780000686645508,23171.0
2023-05-17,18.450000762939453,20.5,17.110000610351562,20.07999992370605,108899.0
2023-05-18,20.07999992370605,23.100000381469727,19.51000022888184,22.559999465942383,224655.0
2023-05-19,22.71999931335449,23.75,21.5,22.6299991607666,83726.0
2023-05-22,23.100000381469727,24.850000381469727,22.5,24.040000915527344,144991.0
2023-05-23,24.549999237060547,25.0,23.5,23.670000076293945,74159.0
2023-05-24,23.850000381469727,24.25,21.309999465942383,21.5,81186.0
2023-05-25,20.020000457763672,22.88999938964844,20.0,22.100000381469727,27638.0
2023-05-26,23.100000381469727,23.399999618530277,20.809999465942383,21.450000762939453,24697.0
2023-05-29,21.850000381469727,22.709999084472656,21.100000381469727,22.51000022888184,35214.0
2023-05-30,22.549999237060547,23.649999618530277,22.0,22.21999931335449,31256.0
2023-05-31,22.0,24.440000534057617,21.51000022888184,24.13999938964844,224145.0
2023-06-01,25.0,26.549999237060547,24.739999771118164,26.549999237060547,163442.0
2023-06-02,28.5,29.200000762939453,27.5,28.63999938964844,320431.0
2023-06-05,28.489999771118164,29.450000762939453,27.520000457763672,28.440000534057617,99804.0
2023-06-06,28.75,28.75,27.1299991607666,27.65999984741211,36402.0
2023-06-07,28.0,28.57999992370605,26.61000061035156,26.90999984741211,71705.0
2023-06-08,27.38999938964844,28.25,26.520000457763672,27.809999465942383,96513.0
2023-06-09,28.71999931335449,29.200000762939453,28.049999237060547,29.200000762939453,79240.0
2023-06-12,30.65999984741211,30.65999984741211,30.65999984741211,30.65999984741211,80861.0
2023-06-13,32.189998626708984,32.189998626708984,32.189998626708984,32.189998626708984,16794.0
2023-06-14,33.790000915527344,33.790000915527344,33.790000915527344,33.790000915527344,14771.0
2023-06-15,35.470001220703125,35.470001220703125,35.470001220703125,35.470001220703125,54295.0
2023-06-16,37.2400016784668,37.2400016784668,33.70000076293945,37.22999954223633,318387.0
2023-06-19,39.09000015258789,39.09000015258789,38.79999923706055,39.09000015258789,130099.0
2023-06-20,41.040000915527344,41.040000915527344,37.13999938964844,37.77000045776367,166986.0
2023-06-21,38.59999847412109,39.5,37.5,37.83000183105469,63239.0
2023-06-22,36.75,39.720001220703125,36.75,39.720001220703125,44584.0
2023-06-23,41.70000076293945,41.70000076293945,37.7400016784668,37.7400016784668,122118.0
2023-06-26,38.0,38.0,35.86000061035156,35.86000061035156,23691.0
2023-06-27,34.06999969482422,36.0,34.06999969482422,34.06999969482422,79456.0
2023-06-28,34.06999969482422,34.06999969482422,34.06999969482422,34.06999969482422,0.0
2023-06-30,36.9900016784668,37.54999923706055,36.5,37.54999923706055,55217.0
2023-07-03,38.900001525878906,39.41999816894531,38.150001525878906,39.41999816894531,50673.0
2023-07-04,41.380001068115234,41.38999938964844,40.0,41.38999938964844,67031.0
2023-07-05,42.25,43.400001525878906,39.34999847412109,42.06999969482422,75428.0
2023-07-06,42.06999969482422,42.06999969482422,42.06999969482422,42.06999969482422,0.0
2023-07-07,42.06999969482422,42.06999969482422,42.06999969482422,42.06999969482422,0.0
2023-07-10,41.22999954223633,41.22999954223633,41.22999954223633,41.22999954223633,12877.0
2023-07-11,41.22999954223633,41.22999954223633,41.22999954223633,41.22999954223633,0.0
2023-07-12,41.22999954223633,41.22999954223633,41.22999954223633,41.22999954223633,0.0
2023-07-13,41.22999954223633,41.22999954223633,41.22999954223633,41.22999954223633,0.0
2023-07-14,41.22999954223633,41.22999954223633,41.22999954223633,41.22999954223633,0.0
2023-07-17,40.40999984741211,40.40999984741211,40.40999984741211,40.40999984741211,2914.0
2023-07-18,40.40999984741211,40.40999984741211,40.40999984741211,40.40999984741211,0.0
2023-07-19,40.40999984741211,40.40999984741211,40.40999984741211,40.40999984741211,0.0
2023-07-20,40.40999984741211,40.40999984741211,40.40999984741211,40.40999984741211,0.0
2023-07-21,40.40999984741211,40.40999984741211,40.40999984741211,40.40999984741211,0.0
2023-07-24,39.61000061035156,39.61000061035156,39.61000061035156,39.61000061035156,7350.0
2023-07-25,38.81999969482422,38.81999969482422,38.81999969482422,38.81999969482422,1580.0
2023-07-26,38.04999923706055,38.04999923706055,38.04999923706055,38.04999923706055,2964.0
2023-07-27,37.290000915527344,37.290000915527344,37.290000915527344,37.290000915527344,5494.0
2023-07-28,36.54999923706055,36.54999923706055,36.54999923706055,36.54999923706055,3111.0
2023-07-31,35.81999969482422,35.81999969482422,35.81999969482422,35.81999969482422,4686.0
2023-08-01,35.11000061035156,36.52999877929688,35.11000061035156,36.52999877929688,99564.0
2023-08-02,37.2599983215332,37.2599983215332,37.2599983215332,37.2599983215332,45908.0
2023-08-03,38.0,38.0,38.0,38.0,5679.0
2023-08-04,38.7599983215332,38.7599983215332,38.7599983215332,38.7599983215332,8537.0
2023-08-07,39.52999877929688,39.52999877929688,39.52999877929688,39.52999877929688,8588.0
2023-08-08,40.31999969482422,40.31999969482422,40.18999862670898,40.31999969482422,52478.0
2023-08-09,41.119998931884766,41.119998931884766,41.119998931884766,41.119998931884766,15647.0
2023-08-10,41.93999862670898,41.93999862670898,41.93999862670898,41.93999862670898,30569.0
2023-08-11,41.11000061035156,41.11000061035156,41.11000061035156,41.11000061035156,12707.0
2023-08-14,39.060001373291016,42.93999862670898,39.060001373291016,39.95000076293945,128911.0
2023-08-16,41.93999862670898,41.93999862670898,38.09999847412109,39.0,49487.0
2023-08-17,37.150001525878906,39.84999847412109,37.04999923706055,38.36000061035156,100309.0
2023-08-18,39.75,40.20000076293945,36.5,39.86000061035156,53457.0
2023-08-21,39.86000061035156,39.86000061035156,38.0,39.0,40946.0
2023-08-22,39.0,39.0,37.5,38.400001525878906,22660.0
2023-08-23,38.79999923706055,38.79999923706055,36.47999954223633,36.59000015258789,45370.0
2023-08-24,37.900001525878906,37.900001525878906,35.0,35.72999954223633,23110.0
2023-08-25,36.70000076293945,36.970001220703125,35.25,35.93000030517578,15756.0
2023-08-28,37.720001220703125,37.720001220703125,37.0,37.720001220703125,63949.0
2023-08-29,39.45000076293945,39.59999847412109,38.0,39.0,57194.0
2023-08-30,39.95000076293945,40.900001525878906,37.25,37.86000061035156,55094.0
2023-08-31,39.470001220703125,39.470001220703125,36.5,38.02000045776367,54004.0
2023-09-01,39.18000030517578,39.91999816894531,37.0,39.91999816894531,97359.0
2023-09-04,41.90999984741211,41.90999984741211,41.90999984741211,41.90999984741211,25345.0
2023-09-05,44.0,44.0,44.0,44.0,9324.0
2023-09-06,46.20000076293945,46.20000076293945,42.5,46.20000076293945,265001.0
2023-09-07,46.79999923706055,48.5099983215332,44.0,48.09000015258789,168918.0
2023-09-08,47.150001525878906,48.09999847412109,47.130001068115234,48.09999847412109,31707.0
2023-09-11,49.060001373291016,49.060001373291016,49.060001373291016,49.060001373291016,43894.0
2023-09-12,50.040000915527344,50.040000915527344,50.040000915527344,50.040000915527344,80337.0
2023-09-13,51.040000915527344,51.040000915527344,51.040000915527344,51.040000915527344,20168.0
2023-09-14,52.060001373291016,52.060001373291016,52.060001373291016,52.060001373291016,19036.0
2023-09-15,53.09999847412109,53.09999847412109,53.09999847412109,53.09999847412109,13964.0
2023-09-18,54.15999984741211,54.15999984741211,54.15999984741211,54.15999984741211,25884.0
2023-09-20,55.2400016784668,55.2400016784668,55.2400016784668,55.2400016784668,14785.0
2023-09-21,56.34000015258789,56.34000015258789,56.34000015258789,56.34000015258789,4362.0
2023-09-22,57.459999084472656,57.459999084472656,57.459999084472656,57.459999084472656,10562.0
2023-09-25,58.59999847412109,58.59999847412109,58.59999847412109,58.59999847412109,16035.0
2023-09-26,59.77000045776367,59.77000045776367,59.77000045776367,59.77000045776367,53892.0
2023-09-27,60.959999084472656,60.959999084472656,60.959999084472656,60.959999084472656,34253.0
2023-09-28,62.16999816894531,62.16999816894531,62.16999816894531,62.16999816894531,22231.0
2023-09-29,63.40999984741211,63.40999984741211,63.40999984741211,63.40999984741211,3430.0
2023-10-03,64.66999816894531,64.66999816894531,64.66999816894531,64.66999816894531,22892.0
2023-10-04,65.95999908447266,65.95999908447266,63.380001068115234,63.380001068115234,258452.0
2023-10-05,62.119998931884766,62.119998931884766,62.119998931884766,62.119998931884766,8316.0
2023-10-06,60.880001068115234,60.880001068115234,60.880001068115234,60.880001068115234,2753.0
2023-10-09,59.66999816894531,59.66999816894531,59.66999816894531,59.66999816894531,2327.0
2023-10-10,58.47999954223633,58.47999954223633,58.47999954223633,58.47999954223633,9133.0
2023-10-11,57.31999969482422,57.31999969482422,57.31999969482422,57.31999969482422,14098.0
2023-10-12,56.18000030517578,58.459999084472656,56.18000030517578,58.459999084472656,171702.0
2023-10-13,59.29999923706055,59.29999923706055,57.84999847412109,58.45000076293945,54805.0
2023-10-16,59.0,59.61000061035156,59.0,59.61000061035156,40845.0
2023-10-17,59.61000061035156,59.61000061035156,58.41999816894531,58.41999816894531,7786.0
2023-10-18,57.2599983215332,57.2599983215332,57.2599983215332,57.2599983215332,4363.0
2023-10-19,56.119998931884766,56.119998931884766,56.119998931884766,56.119998931884766,4429.0
2023-10-20,55.0,55.0,55.0,55.0,5884.0
2023-10-23,54.04999923706055,55.0,52.25,52.25,102348.0
2023-10-25,49.63999938964844,49.63999938964844,49.63999938964844,49.63999938964844,7529.0
2023-10-26,47.15999984741211,47.15999984741211,47.15999984741211,47.15999984741211,12545.0
2023-10-27,44.810001373291016,49.5099983215332,44.810001373291016,48.7400016784668,103472.0
2023-10-30,48.720001220703125,48.720001220703125,46.310001373291016,46.310001373291016,32140.0
2023-10-31,45.70000076293945,48.619998931884766,44.11000061035156,48.619998931884766,109221.0
2023-11-01,48.9900016784668,49.900001525878906,46.22999954223633,47.040000915527344,24988.0
2023-11-02,47.970001220703125,47.970001220703125,45.70000076293945,46.9900016784668,23394.0
2023-11-03,46.04999923706055,47.97999954223633,45.0,45.06999969482422,28632.0
2023-11-06,44.20000076293945,46.4900016784668,44.20000076293945,45.95000076293945,22346.0
2023-11-07,45.70000076293945,48.2400016784668,45.70000076293945,48.150001525878906,32055.0
2023-11-08,49.77999877929688,50.54999923706055,48.93999862670898,50.470001220703125,27332.0
2023-11-09,52.88999938964844,52.97999954223633,49.5,49.790000915527344,12709.0
2023-11-10,51.400001525878906,52.2599983215332,47.56999969482422,51.31999969482422,20122.0
2023-11-13,51.5,53.4900016784668,49.59999847412109,51.34000015258789,29428.0
2023-11-15,51.29999923706055,53.43999862670898,51.0,52.619998931884766,10293.0
2023-11-16,53.4900016784668,53.4900016784668,50.5,50.59999847412109,20132.0
2023-11-17,52.61000061035156,53.130001068115234,52.4900016784668,53.130001068115234,36411.0
2023-11-20,55.77000045776367,55.77999877929688,55.75,55.77999877929688,5280.0
2023-11-21,58.560001373291016,58.560001373291016,54.09999847412109,55.56999969482422,39851.0
2023-11-22,57.97999954223633,57.97999954223633,52.79999923706055,53.310001373291016,32417.0
2023-11-23,53.290000915527344,55.81999969482422,50.650001525878906,54.709999084472656,14918.0
2023-11-24,53.0,55.79999923706055,53.0,54.59999847412109,7477.0
2023-11-28,56.9900016784668,56.9900016784668,52.16999816894531,53.5099983215332,7944.0
2023-11-29,55.4900016784668,55.4900016784668,51.119998931884766,51.68999862670898,12351.0
2023-11-30,51.68999862670898,53.0,50.20000076293945,51.560001373291016,20794.0
2023-12-01,51.5,52.0,49.52000045776367,51.02999877929688,23579.0
