Date,Open,High,Low,Close,Volume
2013-12-02,7.800000190734863,7.800000190734863,7.800000190734863,7.800000190734863,0.0
2013-12-03,7.800000190734863,7.800000190734863,7.800000190734863,7.800000190734863,0.0
2013-12-04,7.800000190734863,7.800000190734863,7.800000190734863,7.800000190734863,0.0
2013-12-05,7.449999809265137,7.449999809265137,7.449999809265137,7.449999809265137,700.0
2013-12-06,7.75,7.75,7.75,7.75,5.0
2013-12-09,7.75,7.75,7.75,7.75,0.0
2013-12-10,7.949999809265137,7.949999809265137,7.949999809265137,7.949999809265137,100.0
2013-12-11,7.949999809265137,7.949999809265137,7.949999809265137,7.949999809265137,0.0
2013-12-12,7.949999809265137,7.949999809265137,7.949999809265137,7.949999809265137,0.0
2013-12-13,8.199999809265137,8.199999809265137,8.199999809265137,8.199999809265137,5.0
2013-12-16,8.449999809265137,8.5,8.449999809265137,8.449999809265137,30.0
2013-12-17,8.850000381469727,8.75,8.75,8.75,5.0
2013-12-18,8.350000381469727,8.350000381469727,8.350000381469727,8.350000381469727,2510.0
2013-12-19,8.350000381469727,8.350000381469727,8.350000381469727,8.350000381469727,0.0
2013-12-20,8.350000381469727,8.350000381469727,8.350000381469727,8.350000381469727,0.0
2013-12-23,7.949999809265137,8.649999618530273,7.949999809265137,7.949999809265137,605.0
2013-12-24,8.300000190734863,8.300000190734863,8.300000190734863,8.300000190734863,3840.0
2013-12-26,8.600000381469727,8.649999618530273,8.600000381469727,8.600000381469727,440.0
2013-12-27,8.600000381469727,8.600000381469727,8.600000381469727,8.600000381469727,0.0
2013-12-30,8.899999618530273,8.949999809265137,8.800000190734863,8.899999618530273,565.0
2013-12-31,9.25,9.25,9.25,9.25,10.0
2014-01-01,9.699999809265137,9.699999809265137,9.699999809265137,9.699999809265137,14.0
2014-01-02,9.699999809265137,9.699999809265137,9.699999809265137,9.699999809265137,0.0
2014-01-03,9.25,10.149999618530273,9.25,9.25,16.0
2014-01-06,9.25,9.25,9.25,9.25,0.0
2014-01-07,9.25,9.25,9.25,9.25,0.0
2014-01-08,9.699999809265137,9.699999809265137,9.699999809265137,9.699999809265137,5.0
2014-01-09,9.699999809265137,9.699999809265137,9.699999809265137,9.699999809265137,0.0
2014-01-10,9.699999809265137,9.699999809265137,9.699999809265137,9.699999809265137,0.0
2014-01-13,9.699999809265137,9.699999809265137,9.699999809265137,9.699999809265137,0.0
2014-01-14,9.699999809265137,9.699999809265137,9.699999809265137,9.699999809265137,0.0
2014-01-15,9.699999809265137,9.699999809265137,9.699999809265137,9.699999809265137,0.0
2014-01-16,9.25,9.25,9.25,9.25,450.0
2014-01-17,8.800000190734863,8.800000190734863,8.800000190734863,8.800000190734863,11.0
2014-01-20,8.800000190734863,8.800000190734863,8.800000190734863,8.800000190734863,0.0
2014-01-21,8.800000190734863,8.800000190734863,8.800000190734863,8.800000190734863,0.0
2014-01-22,8.399999618530273,8.399999618530273,8.399999618530273,8.399999618530273,2.0
2014-01-23,8.0,8.0,8.0,8.0,300.0
2014-01-24,8.0,8.0,8.0,8.0,0.0
2014-01-27,8.0,8.0,8.0,8.0,0.0
2014-01-28,8.0,8.0,8.0,8.0,0.0
2014-01-29,7.599999904632568,7.599999904632568,7.599999904632568,7.599999904632568,50.0
2014-01-30,7.599999904632568,7.599999904632568,7.599999904632568,7.599999904632568,500.0
2014-01-31,7.25,7.25,7.25,7.25,10.0
2014-02-03,7.0,7.0,7.0,7.0,29.0
2014-02-04,7.0,7.0,7.0,7.0,400.0
2014-02-05,7.0,7.0,7.0,7.0,0.0
2014-02-06,7.0,7.0,7.0,7.0,0.0
2014-02-07,7.0,7.0,7.0,7.0,175.0
2014-02-10,7.0,7.0,7.0,7.0,0.0
2014-02-11,7.0,7.0,7.0,7.0,0.0
2014-02-12,7.0,7.0,7.0,7.0,0.0
2014-02-13,7.0,7.0,7.0,7.0,0.0
2014-02-14,7.0,7.0,6.650000095367432,6.650000095367432,27.0
2014-02-17,6.349999904632568,6.949999809265137,6.349999904632568,6.349999904632568,2909.0
2014-02-18,6.349999904632568,6.349999904632568,6.349999904632568,6.349999904632568,0.0
2014-02-19,6.349999904632568,6.349999904632568,6.349999904632568,6.349999904632568,0.0
2014-02-20,6.349999904632568,6.349999904632568,6.349999904632568,6.349999904632568,0.0
2014-02-21,6.050000190734863,6.050000190734863,6.050000190734863,6.050000190734863,100.0
2014-02-24,5.75,5.75,5.75,5.75,1250.0
2014-02-25,5.5,5.5,5.5,5.5,1010.0
2014-02-26,5.25,5.25,5.25,5.25,100.0
2014-02-27,,,,,
2014-02-28,5.5,5.5,5.25,5.25,589.0
2014-03-03,5.0,5.0,5.0,5.0,354.0
2014-03-04,5.25,5.25,4.75,4.75,80.0
2014-03-05,4.949999809265137,4.949999809265137,4.949999809265137,4.949999809265137,714.0
2014-03-06,5.150000095367432,5.150000095367432,5.150000095367432,5.150000095367432,714.0
2014-03-07,5.400000095367432,5.400000095367432,5.400000095367432,5.400000095367432,523.0
2014-03-10,5.650000095367432,5.650000095367432,5.650000095367432,5.650000095367432,501.0
2014-03-11,5.900000095367432,5.900000095367432,5.5,5.900000095367432,861.0
2014-03-12,6.0,6.050000190734863,6.0,6.050000190734863,540.0
2014-03-13,6.199999809265137,6.199999809265137,6.199999809265137,6.199999809265137,1120.0
2014-03-14,6.199999809265137,6.199999809265137,6.199999809265137,6.199999809265137,0.0
2014-03-17,,,,,
2014-03-18,6.199999809265137,6.199999809265137,5.900000095367432,6.0,25116.0
2014-03-19,6.050000190734863,6.300000190734863,6.050000190734863,6.300000190734863,4872.0
2014-03-20,6.099999904632568,6.099999904632568,6.099999904632568,6.099999904632568,230.0
2014-03-21,5.800000190734863,5.849999904632568,5.800000190734863,5.849999904632568,2050.0
2014-03-22,,,,,
2014-03-24,6.0,6.0,6.0,6.0,195.0
2014-03-25,6.300000190734863,6.300000190734863,6.0,6.300000190734863,150.0
2014-03-26,6.0,6.599999904632568,6.0,6.599999904632568,201.0
2014-03-27,6.599999904632568,6.599999904632568,6.300000190734863,6.300000190734863,1000.0
2014-03-28,6.300000190734863,6.300000190734863,6.300000190734863,6.300000190734863,0.0
2014-03-31,6.300000190734863,6.599999904632568,6.050000190734863,6.550000190734863,3818.0
2014-04-01,6.300000190734863,6.599999904632568,6.300000190734863,6.599999904632568,185.0
2014-04-02,6.5,6.900000095367432,6.5,6.75,3671.0
2014-04-03,7.0,7.0,6.900000095367432,6.900000095367432,2691.0
2014-04-04,6.599999904632568,6.900000095367432,6.599999904632568,6.900000095367432,585.0
2014-04-07,7.150000095367432,7.150000095367432,6.699999809265137,6.699999809265137,30.0
2014-04-08,,,,,
2014-04-09,6.699999809265137,7.0,6.400000095367432,6.449999809265137,97.0
2014-04-10,6.150000095367432,6.75,6.150000095367432,6.150000095367432,726.0
2014-04-11,6.449999809265137,6.449999809265137,6.449999809265137,6.449999809265137,2.0
2014-04-14,,,,,
2014-04-15,6.75,6.75,6.75,6.75,400.0
2014-04-16,7.050000190734863,7.050000190734863,7.050000190734863,7.050000190734863,450.0
2014-04-17,7.099999904632568,7.400000095367432,7.099999904632568,7.400000095367432,275.0
2014-04-21,7.75,7.75,7.75,7.75,236.0
2014-04-22,8.100000381469727,8.100000381469727,8.100000381469727,8.100000381469727,1295.0
2014-04-23,8.5,8.5,8.5,8.5,125.0
2014-04-24,8.5,8.5,8.5,8.5,0.0
2014-04-25,8.899999618530273,8.899999618530273,8.899999618530273,8.899999618530273,2000.0
2014-04-28,9.300000190734863,9.300000190734863,9.300000190734863,9.300000190734863,516.0
2014-04-29,9.75,9.75,9.75,9.75,1672.0
2014-04-30,9.75,10.199999809265137,9.350000381469727,10.199999809265137,4959.0
2014-05-01,,,,,
2014-05-02,10.5,10.5,9.800000190734863,10.0,4125.0
2014-05-05,10.449999809265137,10.449999809265137,9.5,9.550000190734863,965.0
2014-05-06,9.550000190734863,9.899999618530273,9.550000190734863,9.899999618530273,502.0
2014-05-07,9.449999809265137,9.449999809265137,9.449999809265137,9.449999809265137,400.0
2014-05-08,9.0,9.0,9.0,9.0,1.0
2014-05-09,8.800000190734863,8.800000190734863,8.800000190734863,8.800000190734863,6.0
2014-05-12,8.800000190734863,8.800000190734863,8.800000190734863,8.800000190734863,0.0
2014-05-13,8.600000381469727,8.600000381469727,8.600000381469727,8.600000381469727,100.0
2014-05-14,8.600000381469727,9.0,8.199999809265137,8.199999809265137,5655.0
2014-05-15,8.199999809265137,8.199999809265137,8.199999809265137,8.199999809265137,0.0
2014-05-16,8.199999809265137,8.199999809265137,8.0,8.0,2195.0
2014-05-19,8.0,8.399999618530273,8.0,8.0,2006.0
2014-05-20,8.399999618530273,8.399999618530273,8.399999618530273,8.399999618530273,599.0
2014-05-21,8.800000190734863,8.800000190734863,8.800000190734863,8.800000190734863,114.0
2014-05-22,9.199999809265137,9.199999809265137,9.199999809265137,9.199999809265137,9952.0
2014-05-23,9.649999618530273,9.649999618530273,9.649999618530273,9.649999618530273,605.0
2014-05-26,10.100000381469727,10.100000381469727,10.100000381469727,10.100000381469727,3301.0
2014-05-27,10.600000381469727,10.600000381469727,10.600000381469727,10.600000381469727,5723.0
2014-05-28,11.100000381469727,11.100000381469727,11.100000381469727,11.100000381469727,2015.0
2014-05-29,11.649999618530273,11.649999618530273,11.649999618530273,11.649999618530273,2708.0
2014-05-30,12.199999809265137,12.199999809265137,12.199999809265137,12.199999809265137,910.0
2014-06-02,12.800000190734863,12.800000190734863,12.800000190734863,12.800000190734863,1286.0
2014-06-03,13.399999618530273,13.399999618530273,13.399999618530273,13.399999618530273,2110.0
2014-06-04,14.050000190734863,14.050000190734863,14.050000190734863,14.050000190734863,1192.0
2014-06-05,14.75,14.75,14.75,14.75,1977.0
2014-06-06,15.449999809265137,15.449999809265137,15.449999809265137,15.449999809265137,1776.0
2014-06-09,16.200000762939453,16.200000762939453,16.200000762939453,16.200000762939453,1451.0
2014-06-10,17.0,17.0,17.0,17.0,1849.0
2014-06-11,17.850000381469727,17.850000381469727,17.850000381469727,17.850000381469727,3000.0
2014-06-12,18.700000762939453,18.700000762939453,18.700000762939453,18.700000762939453,2550.0
2014-06-13,19.600000381469727,19.600000381469727,19.600000381469727,19.600000381469727,14988.0
2014-06-16,20.100000381469727,20.549999237060547,20.0,20.549999237060547,13069.0
2014-06-17,21.549999237060547,21.549999237060547,21.549999237060547,21.549999237060547,783.0
2014-06-18,22.600000381469727,22.600000381469727,22.600000381469727,22.600000381469727,18186.0
2014-06-19,23.700000762939453,23.700000762939453,23.700000762939453,23.700000762939453,1626.0
2014-06-20,24.850000381469727,24.850000381469727,24.850000381469727,24.850000381469727,9366.0
2014-06-23,26.049999237060547,26.049999237060547,26.049999237060547,26.049999237060547,15810.0
2014-06-24,27.350000381469727,27.350000381469727,27.350000381469727,27.350000381469727,6140.0
2014-06-25,28.700000762939453,28.700000762939453,28.700000762939453,28.700000762939453,6490.0
2014-06-26,30.100000381469727,30.100000381469727,30.100000381469727,30.100000381469727,7514.0
2014-06-27,31.600000381469727,31.600000381469727,31.600000381469727,31.600000381469727,8817.0
2014-06-30,33.150001525878906,33.150001525878906,33.150001525878906,33.150001525878906,2190.0
2014-07-01,34.79999923706055,34.79999923706055,34.79999923706055,34.79999923706055,1464.0
2014-07-02,36.5,36.5,33.099998474121094,34.45000076293945,69311.0
2014-07-03,32.75,34.45000076293945,32.75,32.75,62668.0
2014-07-04,31.149999618530273,32.0,31.149999618530273,31.149999618530273,27848.0
2014-07-07,29.600000381469727,32.70000076293945,29.600000381469727,32.25,36286.0
2014-07-08,33.849998474121094,33.849998474121094,30.75,32.29999923706055,32539.0
2014-07-09,31.200000762939453,32.5,30.700000762939453,30.700000762939453,13629.0
2014-07-10,29.25,32.20000076293945,29.200000762939453,31.549999237060547,29569.0
2014-07-11,31.0,31.0,30.0,30.0,1273.0
2014-07-14,28.5,28.5,28.5,28.5,690.0
2014-07-15,27.100000381469727,27.399999618530273,27.100000381469727,27.100000381469727,17362.0
2014-07-16,28.399999618530273,28.399999618530273,25.75,26.25,16265.0
2014-07-17,25.0,26.950000762939453,24.950000762939453,24.950000762939453,9212.0
2014-07-18,24.100000381469727,26.100000381469727,23.75,25.700000762939453,22421.0
2014-07-21,26.0,26.899999618530273,25.399999618530273,26.100000381469727,4865.0
2014-07-22,26.950000762939453,26.950000762939453,24.799999237060547,25.25,6286.0
2014-07-23,24.0,24.5,24.0,24.0,520.0
2014-07-24,23.100000381469727,25.200000762939453,23.100000381469727,24.5,6894.0
2014-07-25,25.600000381469727,25.600000381469727,23.549999237060547,24.5,2152.0
2014-07-28,23.299999237060547,23.299999237060547,23.299999237060547,23.299999237060547,1962.0
2014-07-29,,,,,
2014-07-30,22.25,23.299999237060547,22.149999618530273,22.149999618530273,10379.0
2014-07-31,21.049999237060547,21.100000381469727,21.049999237060547,21.100000381469727,2597.0
2014-08-01,21.100000381469727,21.100000381469727,20.049999237060547,20.200000762939453,5917.0
2014-08-04,21.200000762939453,21.200000762939453,20.549999237060547,21.200000762939453,2479.0
2014-08-05,21.600000381469727,22.25,21.600000381469727,22.25,1575.0
2014-08-06,21.700000762939453,23.350000381469727,21.700000762939453,23.350000381469727,1660.0
2014-08-07,24.0,24.5,22.75,23.399999618530273,10125.0
2014-08-08,22.25,22.950000762939453,22.25,22.25,3928.0
2014-08-11,21.299999237060547,23.299999237060547,21.299999237060547,21.299999237060547,2908.0
2014-08-12,21.0,22.350000381469727,21.0,22.350000381469727,8750.0
2014-08-13,21.75,21.75,21.25,21.25,3515.0
2014-08-14,21.0,21.450000762939453,20.25,20.25,2341.0
2014-08-15,,,,,
2014-08-18,19.25,19.25,19.25,19.25,1088.0
2014-08-19,19.25,19.75,18.299999237060547,18.700000762939453,6461.0
2014-08-20,18.850000381469727,19.600000381469727,17.899999618530273,19.600000381469727,4889.0
2014-08-21,19.899999618530273,20.549999237060547,19.899999618530273,20.5,4900.0
2014-08-22,20.0,21.5,19.5,21.200000762939453,14426.0
2014-08-25,20.149999618530273,20.399999618530273,20.149999618530273,20.149999618530273,1374.0
2014-08-26,20.0,20.0,19.149999618530273,19.450000762939453,1450.0
2014-08-27,18.549999237060547,19.299999237060547,18.5,18.5,3937.0
2014-08-28,18.950000762939453,18.950000762939453,17.649999618530273,17.700000762939453,6347.0
2014-08-29,,,,,
2014-09-01,17.0,17.950000762939453,17.0,17.450000762939453,3363.0
2014-09-02,17.600000381469727,18.299999237060547,17.5,18.299999237060547,4348.0
2014-09-03,18.0,19.200000762939453,18.0,18.600000381469727,6157.0
2014-09-04,18.549999237060547,19.399999618530273,18.200000762939453,18.450000762939453,2160.0
2014-09-05,19.350000381469727,19.350000381469727,18.0,18.049999237060547,4530.0
2014-09-08,17.25,17.899999618530273,17.149999618530273,17.149999618530273,5544.0
2014-09-09,16.399999618530273,17.5,16.399999618530273,17.0,3350.0
2014-09-10,17.0,17.850000381469727,17.0,17.850000381469727,13602.0
2014-09-11,17.049999237060547,18.700000762939453,17.049999237060547,17.75,4111.0
2014-09-12,18.600000381469727,18.600000381469727,18.450000762939453,18.600000381469727,1620.0
2014-09-15,19.5,19.5,18.25,19.5,7082.0
2014-09-16,19.899999618530273,20.450000762939453,18.549999237060547,18.549999237060547,11832.0
2014-09-17,18.0,18.75,17.700000762939453,18.649999618530273,3026.0
2014-09-18,18.299999237060547,19.399999618530273,18.299999237060547,19.049999237060547,1548.0
2014-09-19,19.649999618530273,19.649999618530273,18.399999618530273,18.399999618530273,1067.0
2014-09-22,18.100000381469727,19.299999237060547,18.049999237060547,18.75,1747.0
2014-09-23,18.350000381469727,19.25,17.899999618530273,18.100000381469727,17176.0
2014-09-24,17.899999618530273,18.950000762939453,17.649999618530273,18.75,570.0
2014-09-25,18.0,18.0,17.850000381469727,17.850000381469727,821.0
2014-09-26,17.0,18.0,17.0,17.399999618530273,620.0
2014-09-29,17.600000381469727,17.600000381469727,16.600000381469727,16.600000381469727,2278.0
2014-09-30,17.0,17.399999618530273,16.5,17.299999237060547,1862.0
2014-10-01,17.0,17.0,16.600000381469727,16.850000381469727,344.0
2014-10-02,,,,,
2014-10-03,,,,,
2014-10-06,,,,,
2014-10-07,17.600000381469727,17.600000381469727,17.0,17.0,900.0
2014-10-08,18.0,18.450000762939453,17.0,17.450000762939453,2890.0
2014-10-09,17.549999237060547,17.549999237060547,16.799999237060547,16.899999618530273,5736.0
2014-10-10,16.0,16.600000381469727,15.5,15.600000381469727,23652.0
2014-10-13,15.75,15.75,14.149999618530273,14.199999809265137,15612.0
2014-10-14,14.0,14.800000190734863,13.800000190734863,13.850000381469727,6292.0
2014-10-15,13.850000381469727,13.850000381469727,13.850000381469727,13.850000381469727,0.0
2014-10-16,13.850000381469727,14.300000190734863,13.199999809265137,13.199999809265137,7830.0
2014-10-17,12.600000381469727,13.5,12.550000190734863,12.75,9235.0
2014-10-20,13.350000381469727,13.350000381469727,12.649999618530273,13.300000190734863,7852.0
2014-10-21,13.149999618530273,13.300000190734863,12.699999809265137,13.0,5176.0
2014-10-22,13.0,13.649999618530273,12.699999809265137,13.25,3494.0
2014-10-23,,,,,
2014-10-24,,,,,
2014-10-27,13.800000190734863,13.800000190734863,13.25,13.350000381469727,2502.0
2014-10-28,12.949999809265137,13.399999618530273,12.800000190734863,13.0,4565.0
2014-10-29,13.649999618530273,13.649999618530273,13.0,13.5,5689.0
2014-10-30,13.949999809265137,14.0,13.5,13.5,2990.0
2014-10-31,13.949999809265137,14.149999618530273,13.300000190734863,14.149999618530273,2781.0
2014-11-03,14.850000381469727,14.850000381469727,14.850000381469727,14.850000381469727,1540.0
2014-11-04,,,,,
2014-11-05,15.550000190734863,15.550000190734863,15.5,15.550000190734863,2934.0
2014-11-06,,,,,
2014-11-07,16.299999237060547,16.299999237060547,16.299999237060547,16.299999237060547,2059.0
2014-11-10,17.100000381469727,17.100000381469727,17.100000381469727,17.100000381469727,8711.0
2014-11-11,17.950000762939453,17.950000762939453,17.950000762939453,17.950000762939453,1245.0
2014-11-12,18.75,18.799999237060547,18.5,18.799999237060547,300300.0
2014-11-13,19.700000762939453,19.700000762939453,19.0,19.700000762939453,202451.0
2014-11-14,20.649999618530273,20.649999618530273,20.25,20.649999618530273,23479.0
2014-11-17,21.0,21.350000381469727,19.649999618530273,19.649999618530273,15474.0
2014-11-18,19.299999237060547,19.299999237060547,18.700000762939453,18.700000762939453,6305.0
2014-11-19,17.799999237060547,18.700000762939453,17.799999237060547,17.799999237060547,20147.0
2014-11-20,16.950000762939453,17.0,16.950000762939453,16.950000762939453,1726.0
2014-11-21,17.75,17.75,16.200000762939453,17.0,17076.0
2014-11-24,16.5,17.850000381469727,16.399999618530273,17.200000762939453,1727.0
2014-11-25,17.0,17.0,16.350000381469727,16.350000381469727,5873.0
2014-11-26,16.0,16.0,15.600000381469727,16.0,801.0
2014-11-27,16.299999237060547,16.799999237060547,15.800000190734863,16.799999237060547,2882.0
2014-11-28,16.549999237060547,17.600000381469727,16.5,16.850000381469727,11006.0
2014-12-01,16.5,17.600000381469727,16.200000762939453,16.299999237060547,3835.0
2014-12-02,15.899999618530273,16.0,15.5,15.949999809265137,4503.0
2014-12-03,16.5,16.700000762939453,16.0,16.700000762939453,5714.0
2014-12-04,16.700000762939453,17.5,16.700000762939453,17.299999237060547,15839.0
2014-12-05,17.799999237060547,18.75,16.5,17.899999618530273,11610.0
2014-12-08,18.0,19.0,17.549999237060547,18.549999237060547,8733.0
2014-12-09,17.899999618530273,17.899999618530273,17.899999618530273,17.899999618530273,0.0
2014-12-10,17.5,18.299999237060547,17.450000762939453,18.25,1998.0
2014-12-11,18.25,18.25,17.299999237060547,17.850000381469727,7226.0
2014-12-12,17.5,18.850000381469727,16.549999237060547,17.350000381469727,24600.0
2014-12-15,17.450000762939453,17.5,16.549999237060547,16.799999237060547,3031.0
2014-12-16,16.25,16.25,15.199999809265137,15.399999618530273,12772.0
2014-12-17,16.799999237060547,16.850000381469727,14.0,15.0,19733.0
2014-12-18,15.899999618530273,16.0,15.0,15.300000190734863,6900.0
2014-12-19,15.350000381469727,16.0,14.050000190734863,14.300000190734863,7550.0
2014-12-22,15.5,15.5,14.050000190734863,15.100000381469727,15625.0
2014-12-23,16.450000762939453,16.450000762939453,14.699999809265137,14.899999618530273,2678.0
2014-12-24,15.25,15.25,14.449999809265137,15.199999809265137,2927.0
2014-12-26,15.5,15.5,14.5,15.5,1550.0
2014-12-29,15.75,16.25,15.199999809265137,15.600000381469727,59835.0
2014-12-30,15.600000381469727,16.299999237060547,15.5,15.800000190734863,51174.0
2014-12-31,15.899999618530273,17.350000381469727,14.800000190734863,17.350000381469727,13152.0
2015-01-01,19.049999237060547,19.049999237060547,17.600000381469727,19.049999237060547,35982.0
2015-01-02,18.399999618530273,22.850000381469727,18.399999618530273,22.850000381469727,40259.0
2015-01-05,27.399999618530273,27.399999618530273,23.0,27.399999618530273,28120.0
2015-01-06,29.799999237060547,30.100000381469727,29.049999237060547,30.100000381469727,111197.0
2015-01-07,32.0,33.099998474121094,31.049999237060547,33.099998474121094,132238.0
2015-01-08,34.900001525878906,36.400001525878906,29.799999237060547,30.0,278829.0
2015-01-09,29.299999237060547,29.950000762939453,27.0,27.0,60739.0
2015-01-12,27.0,28.799999237060547,24.299999237060547,27.049999237060547,73299.0
2015-01-13,26.850000381469727,28.5,26.049999237060547,27.200000762939453,34115.0
2015-01-14,27.299999237060547,29.899999618530273,27.0,29.700000762939453,118732.0
2015-01-15,31.600000381469727,31.700000762939453,27.549999237060547,28.049999237060547,58801.0
2015-01-16,26.25,30.850000381469727,26.25,30.850000381469727,94001.0
2015-01-19,30.149999618530273,33.900001525878906,29.600000381469727,33.900001525878906,62837.0
2015-01-20,35.79999923706055,37.25,35.29999923706055,36.45000076293945,173259.0
2015-01-21,36.900001525878906,37.95000076293945,34.650001525878906,34.650001525878906,35060.0
2015-01-22,34.599998474121094,34.599998474121094,32.95000076293945,32.95000076293945,28720.0
2015-01-23,33.099998474121094,33.099998474121094,31.450000762939453,31.799999237060547,34281.0
2015-01-26,,,,,
2015-01-27,32.900001525878906,33.349998474121094,32.150001525878906,33.349998474121094,32320.0
2015-01-28,34.45000076293945,34.95000076293945,31.700000762939453,31.75,21356.0
2015-01-29,31.5,32.45000076293945,31.0,31.5,8641.0
2015-01-30,31.049999237060547,31.950000762939453,29.950000762939453,30.899999618530273,12013.0
2015-02-02,30.899999618530273,32.400001525878906,30.899999618530273,32.400001525878906,6458.0
2015-02-03,34.0,34.0,34.0,34.0,11452.0
2015-02-04,35.70000076293945,35.70000076293945,34.099998474121094,35.599998474121094,77176.0
2015-02-05,36.95000076293945,36.95000076293945,33.849998474121094,33.849998474121094,19384.0
2015-02-06,31.850000381469727,33.0,30.5,30.649999618530273,19556.0
2015-02-09,30.0,30.0,28.049999237060547,28.899999618530273,16866.0
2015-02-10,29.75,31.75,28.75,30.149999618530273,19142.0
2015-02-11,30.200000762939453,31.450000762939453,30.0,30.549999237060547,2584.0
2015-02-12,31.149999618530273,31.149999618530273,29.0,29.299999237060547,5269.0
2015-02-13,29.049999237060547,30.450000762939453,29.0,29.299999237060547,9208.0
2015-02-16,30.75,32.20000076293945,30.5,32.20000076293945,25845.0
2015-02-17,,,,,
2015-02-18,34.45000076293945,35.400001525878906,34.0,35.400001525878906,66452.0
2015-02-19,37.900001525878906,38.400001525878906,34.5,36.79999923706055,59199.0
2015-02-20,36.599998474121094,37.0,35.0,36.400001525878906,30438.0
2015-02-23,34.099998474121094,40.0,34.099998474121094,39.79999923706055,128206.0
2015-02-24,41.5,41.75,37.849998474121094,37.849998474121094,180789.0
2015-02-25,36.75,38.79999923706055,36.0,36.0,25473.0
2015-02-26,36.20000076293945,37.79999923706055,34.20000076293945,37.75,181450.0
2015-02-27,38.099998474121094,39.599998474121094,37.099998474121094,39.5,141973.0
2015-03-02,38.0,38.0,35.70000076293945,35.70000076293945,10705.0
2015-03-03,33.95000076293945,36.0,33.95000076293945,33.95000076293945,90553.0
2015-03-04,34.0,34.25,32.29999923706055,32.29999923706055,32269.0
2015-03-05,32.25,32.400001525878906,30.700000762939453,31.149999618530273,75319.0
2015-03-06,,,,,
2015-03-09,30.600000381469727,32.70000076293945,29.600000381469727,31.899999618530273,46237.0
2015-03-10,33.45000076293945,33.45000076293945,30.5,30.850000381469727,26577.0
2015-03-11,31.450000762939453,31.450000762939453,29.350000381469727,29.350000381469727,33356.0
2015-03-12,30.0,30.0,27.899999618530273,28.049999237060547,20007.0
2015-03-13,28.700000762939453,29.399999618530273,26.649999618530273,26.75,60450.0
2015-03-16,26.5,28.049999237060547,25.549999237060547,25.700000762939453,126062.0
2015-03-17,25.0,25.899999618530273,24.450000762939453,24.450000762939453,26236.0
2015-03-18,24.600000381469727,25.649999618530273,23.299999237060547,24.5,69146.0
2015-03-19,24.25,25.700000762939453,24.25,25.5,62153.0
2015-03-20,26.0,26.100000381469727,24.25,24.25,16163.0
2015-03-23,23.049999237060547,23.25,23.049999237060547,23.049999237060547,5981.0
2015-03-24,22.850000381469727,22.850000381469727,21.899999618530273,21.899999618530273,16251.0
2015-03-25,22.0,22.549999237060547,20.850000381469727,21.149999618530273,11475.0
2015-03-26,20.149999618530273,20.799999237060547,20.100000381469727,20.100000381469727,96604.0
2015-03-27,20.0,20.0,19.100000381469727,19.100000381469727,16024.0
2015-03-30,19.100000381469727,20.049999237060547,18.600000381469727,20.049999237060547,57730.0
2015-03-31,21.049999237060547,21.049999237060547,21.049999237060547,21.049999237060547,8449.0
2015-04-01,22.100000381469727,22.100000381469727,22.100000381469727,22.100000381469727,520.0
2015-04-02,,,,,
2015-04-06,23.200000762939453,23.200000762939453,23.0,23.200000762939453,7560.0
2015-04-07,24.350000381469727,24.350000381469727,24.350000381469727,24.350000381469727,2380.0
2015-04-08,25.549999237060547,25.549999237060547,24.5,25.5,51219.0
2015-04-09,26.399999618530273,26.700000762939453,24.25,25.850000381469727,21001.0
2015-04-10,27.049999237060547,27.049999237060547,24.75,25.25,14506.0
2015-04-13,26.0,26.200000762939453,24.100000381469727,24.5,46573.0
2015-04-14,,,,,
2015-04-15,25.5,25.600000381469727,24.0,24.450000762939453,16834.0
2015-04-16,24.75,24.799999237060547,23.25,23.600000381469727,12323.0
2015-04-17,23.0,23.850000381469727,22.899999618530273,23.100000381469727,4770.0
2015-04-20,23.100000381469727,24.25,22.200000762939453,23.200000762939453,11116.0
2015-04-21,22.549999237060547,23.75,22.049999237060547,22.049999237060547,18695.0
2015-04-22,21.850000381469727,22.25,21.0,21.799999237060547,9859.0
2015-04-23,22.75,22.850000381469727,22.0,22.850000381469727,36727.0
2015-04-24,23.950000762939453,23.950000762939453,22.600000381469727,22.700000762939453,10158.0
2015-04-27,22.0,22.25,21.600000381469727,21.600000381469727,6234.0
2015-04-28,21.0,21.0,20.549999237060547,20.649999618530273,22429.0
2015-04-29,20.799999237060547,21.549999237060547,19.649999618530273,19.75,37686.0
2015-04-30,19.600000381469727,20.700000762939453,18.799999237060547,19.399999618530273,18351.0
2015-05-01,,,,,
2015-05-04,20.399999618530273,21.299999237060547,20.0,21.299999237060547,19201.0
2015-05-05,22.350000381469727,22.700000762939453,19.799999237060547,20.399999618530273,36180.0
2015-05-06,19.75,20.350000381469727,18.399999618530273,18.799999237060547,27456.0
2015-05-07,18.5,19.450000762939453,18.0,19.399999618530273,6546.0
2015-05-08,19.0,20.75,19.0,20.0,2926.0
2015-05-11,20.200000762939453,20.899999618530273,20.0,20.5,6510.0
2015-05-12,20.0,20.950000762939453,19.100000381469727,19.350000381469727,7176.0
2015-05-13,18.350000381469727,19.600000381469727,18.350000381469727,19.5,1354.0
2015-05-14,19.0,19.5,19.0,19.049999237060547,2398.0
2015-05-15,19.200000762939453,19.5,18.0,19.0,16650.0
2015-05-18,19.75,20.899999618530273,19.75,20.700000762939453,11604.0
2015-05-19,20.149999618530273,20.75,18.799999237060547,19.75,43445.0
2015-05-20,19.399999618530273,20.700000762939453,19.399999618530273,19.799999237060547,2781.0
2015-05-21,19.399999618530273,20.0,19.299999237060547,19.799999237060547,2892.0
2015-05-22,20.350000381469727,20.350000381469727,19.149999618530273,19.799999237060547,9506.0
2015-05-25,18.399999618530273,19.5,18.25,19.399999618530273,9406.0
2015-05-26,19.049999237060547,19.600000381469727,18.700000762939453,19.0,1395.0
2015-05-27,18.049999237060547,19.850000381469727,18.049999237060547,19.600000381469727,2637.0
2015-05-28,19.049999237060547,19.049999237060547,18.75,18.799999237060547,3911.0
2015-05-29,18.75,19.799999237060547,18.399999618530273,18.950000762939453,16150.0
2015-06-01,18.950000762939453,19.5,17.700000762939453,19.0,17159.0
2015-06-02,18.75,18.75,17.799999237060547,17.899999618530273,6276.0
2015-06-03,17.200000762939453,18.899999618530273,16.149999618530273,16.899999618530273,24145.0
2015-06-04,16.049999237060547,17.299999237060547,15.649999618530273,16.75,28150.0
2015-06-05,16.100000381469727,17.450000762939453,15.699999809265137,16.850000381469727,18510.0
2015-06-08,16.549999237060547,19.200000762939453,16.200000762939453,17.649999618530273,16863.0
2015-06-09,17.5,18.0,17.049999237060547,17.299999237060547,10143.0
2015-06-10,17.299999237060547,18.350000381469727,17.299999237060547,17.600000381469727,9558.0
2015-06-11,18.450000762939453,18.450000762939453,16.700000762939453,17.100000381469727,6313.0
2015-06-12,16.450000762939453,17.399999618530273,16.450000762939453,16.850000381469727,5351.0
2015-06-15,16.049999237060547,17.200000762939453,16.0,16.700000762939453,4617.0
2015-06-16,16.600000381469727,17.600000381469727,16.600000381469727,17.600000381469727,9401.0
2015-06-17,17.5,21.100000381469727,17.0,20.149999618530273,32589.0
2015-06-18,21.600000381469727,24.149999618530273,20.100000381469727,20.899999618530273,108550.0
2015-06-19,21.0,22.0,20.100000381469727,20.299999237060547,4775.0
2015-06-22,20.5,24.350000381469727,20.0,22.149999618530273,17082.0
2015-06-23,22.399999618530273,22.950000762939453,21.5,22.200000762939453,25717.0
2015-06-24,23.350000381469727,23.350000381469727,20.0,20.299999237060547,17308.0
2015-06-25,20.0,20.5,19.25,20.200000762939453,5835.0
2015-06-26,19.299999237060547,20.899999618530273,19.25,19.600000381469727,7036.0
2015-06-29,19.100000381469727,19.950000762939453,18.25,19.399999618530273,30452.0
2015-06-30,19.299999237060547,19.450000762939453,18.75,19.149999618530273,5929.0
2015-07-01,18.25,22.950000762939453,18.25,22.950000762939453,47457.0
2015-07-02,25.399999618530273,26.700000762939453,23.649999618530273,25.299999237060547,131358.0
2015-07-03,25.899999618530273,25.899999618530273,22.649999618530273,24.299999237060547,44619.0
2015-07-06,24.450000762939453,27.0,23.600000381469727,26.100000381469727,40236.0
2015-07-07,25.299999237060547,26.450000762939453,21.100000381469727,24.049999237060547,45929.0
2015-07-08,25.0,25.0,22.549999237060547,23.0,29087.0
2015-07-09,23.950000762939453,23.950000762939453,22.75,23.149999618530273,13667.0
2015-07-10,22.799999237060547,22.850000381469727,21.850000381469727,22.25,12372.0
2015-07-13,22.5,23.899999618530273,22.200000762939453,23.149999618530273,15188.0
2015-07-14,24.0,24.0,22.5,23.549999237060547,6348.0
2015-07-15,23.0,24.399999618530273,23.0,23.5,16773.0
2015-07-16,23.200000762939453,24.0,23.200000762939453,23.299999237060547,3407.0
2015-07-17,23.0,24.5,22.75,23.950000762939453,25933.0
2015-07-20,24.899999618530273,25.799999237060547,23.75,24.149999618530273,48200.0
2015-07-21,24.299999237060547,24.299999237060547,23.299999237060547,23.350000381469727,3917.0
2015-07-22,23.899999618530273,24.5,23.0,23.5,29881.0
2015-07-23,24.799999237060547,24.799999237060547,23.0,23.100000381469727,8070.0
2015-07-24,23.75,23.75,22.399999618530273,22.5,7435.0
2015-07-27,22.25,22.799999237060547,21.549999237060547,21.75,8991.0
2015-07-28,21.100000381469727,22.5,21.0,21.700000762939453,4987.0
2015-07-29,22.75,23.0,21.850000381469727,22.399999618530273,7610.0
2015-07-30,22.0,22.850000381469727,21.649999618530273,21.75,13979.0
2015-07-31,22.0,22.649999618530273,21.100000381469727,21.850000381469727,6319.0
2015-08-03,23.5,24.5,22.649999618530273,22.850000381469727,13369.0
2015-08-04,23.0,23.799999237060547,22.75,23.350000381469727,10448.0
2015-08-05,23.299999237060547,23.799999237060547,22.799999237060547,23.700000762939453,13876.0
2015-08-06,24.0,24.25,23.100000381469727,23.799999237060547,29436.0
2015-08-07,23.350000381469727,23.5,21.0,22.0,14258.0
2015-08-10,21.649999618530273,23.850000381469727,21.649999618530273,22.75,15366.0
2015-08-11,21.899999618530273,23.850000381469727,21.899999618530273,22.649999618530273,2236.0
2015-08-12,24.0,24.0,20.549999237060547,20.850000381469727,14115.0
2015-08-13,20.0,21.799999237060547,20.0,20.5,4148.0
2015-08-14,20.25,21.950000762939453,20.25,21.299999237060547,3050.0
2015-08-17,20.149999618530273,22.700000762939453,19.5,21.299999237060547,9760.0
2015-08-18,20.850000381469727,21.450000762939453,20.549999237060547,20.700000762939453,3772.0
2015-08-19,20.299999237060547,21.549999237060547,20.149999618530273,20.700000762939453,4009.0
2015-08-20,20.299999237060547,21.75,20.299999237060547,20.950000762939453,1212.0
2015-08-21,20.950000762939453,20.950000762939453,19.149999618530273,19.5,11835.0
2015-08-24,19.850000381469727,19.850000381469727,15.600000381469727,15.600000381469727,53572.0
2015-08-25,13.800000190734863,16.899999618530273,13.5,15.600000381469727,16212.0
2015-08-26,15.5,16.950000762939453,15.5,16.450000762939453,5874.0
2015-08-27,17.5,18.0,16.399999618530273,18.0,8047.0
2015-08-28,18.049999237060547,19.700000762939453,17.149999618530273,17.549999237060547,7122.0
2015-08-31,17.549999237060547,18.399999618530273,17.049999237060547,17.049999237060547,1924.0
2015-09-01,16.950000762939453,17.5,16.799999237060547,17.350000381469727,5479.0
2015-09-02,18.75,18.75,16.850000381469727,16.950000762939453,3400.0
2015-09-03,17.950000762939453,18.75,17.0,17.149999618530273,9305.0
2015-09-04,17.049999237060547,17.5,15.5,16.200000762939453,14962.0
2015-09-07,15.5,17.399999618530273,15.300000190734863,16.149999618530273,2219.0
2015-09-08,17.450000762939453,17.450000762939453,15.699999809265137,16.899999618530273,522.0
2015-09-09,17.450000762939453,17.799999237060547,16.350000381469727,16.700000762939453,16952.0
2015-09-10,16.950000762939453,16.950000762939453,16.149999618530273,16.799999237060547,2285.0
2015-09-11,16.799999237060547,16.799999237060547,16.200000762939453,16.350000381469727,2624.0
2015-09-14,17.950000762939453,17.950000762939453,16.600000381469727,17.350000381469727,9070.0
2015-09-15,17.75,17.75,16.649999618530273,17.649999618530273,8778.0
2015-09-16,17.5,18.899999618530273,17.0,17.25,2114.0
2015-09-17,,,,,
2015-09-18,17.899999618530273,17.899999618530273,17.0,17.549999237060547,2023.0
2015-09-21,19.0,19.0,17.0,17.350000381469727,2118.0
2015-09-22,18.0,18.700000762939453,16.399999618530273,16.799999237060547,15984.0
2015-09-23,17.899999618530273,17.899999618530273,16.5,17.5,9633.0
2015-09-24,17.950000762939453,17.950000762939453,17.0,17.100000381469727,2780.0
2015-09-25,,,,,
2015-09-28,17.950000762939453,17.950000762939453,16.600000381469727,17.399999618530273,2614.0
2015-09-29,17.399999618530273,17.399999618530273,16.850000381469727,17.0,16106.0
2015-09-30,17.899999618530273,17.899999618530273,16.649999618530273,16.75,8908.0
2015-10-01,17.5,18.5,17.0,18.350000381469727,19621.0
2015-10-02,,,,,
2015-10-05,20.0,21.75,18.200000762939453,19.0,16146.0
2015-10-06,19.450000762939453,19.450000762939453,17.700000762939453,18.5,29430.0
2015-10-07,19.5,19.5,18.899999618530273,19.200000762939453,9140.0
2015-10-08,19.799999237060547,19.799999237060547,18.649999618530273,19.5,21742.0
2015-10-09,19.700000762939453,23.399999618530273,19.549999237060547,23.25,40094.0
2015-10-12,23.899999618530273,24.450000762939453,22.100000381469727,22.799999237060547,38598.0
2015-10-13,22.549999237060547,24.450000762939453,22.549999237060547,22.700000762939453,15027.0
2015-10-14,23.950000762939453,23.950000762939453,21.0,23.200000762939453,9826.0
2015-10-15,21.399999618530273,23.950000762939453,21.399999618530273,22.850000381469727,7859.0
2015-10-16,23.450000762939453,23.5,22.0,22.350000381469727,15497.0
2015-10-19,23.25,23.25,21.049999237060547,21.799999237060547,5905.0
2015-10-20,22.0,22.450000762939453,20.899999618530273,21.850000381469727,29050.0
2015-10-21,22.299999237060547,22.850000381469727,21.5,22.350000381469727,22380.0
2015-10-22,,,,,
2015-10-23,21.5,24.5,21.299999237060547,24.049999237060547,36072.0
2015-10-26,24.950000762939453,24.950000762939453,23.149999618530273,24.149999618530273,4144.0
2015-10-27,24.200000762939453,24.350000381469727,23.0,23.950000762939453,4825.0
2015-10-28,24.5,24.700000762939453,23.25,24.350000381469727,16145.0
2015-10-29,24.899999618530273,25.899999618530273,24.149999618530273,25.100000381469727,16362.0
2015-10-30,25.950000762939453,25.950000762939453,24.25,24.299999237060547,7922.0
2015-11-02,25.799999237060547,25.850000381469727,22.600000381469727,23.5,2596.0
2015-11-03,23.299999237060547,23.649999618530273,22.549999237060547,23.100000381469727,4715.0
2015-11-04,24.850000381469727,24.850000381469727,23.100000381469727,23.350000381469727,3497.0
2015-11-05,24.5,25.600000381469727,22.350000381469727,22.75,15546.0
2015-11-06,24.5,25.799999237060547,22.350000381469727,24.25,25738.0
2015-11-09,24.5,24.549999237060547,21.700000762939453,24.200000762939453,7994.0
2015-11-10,23.0,24.450000762939453,22.25,23.049999237060547,4734.0
2015-11-11,,,,,
2015-11-12,,,,,
2015-11-13,24.799999237060547,24.799999237060547,22.549999237060547,23.0,3011.0
2015-11-16,22.5,23.799999237060547,22.399999618530273,22.700000762939453,8361.0
2015-11-17,22.5,22.600000381469727,21.600000381469727,22.0,8585.0
2015-11-18,22.0,23.0,21.5,21.549999237060547,4235.0
2015-11-19,21.600000381469727,22.549999237060547,21.200000762939453,22.200000762939453,3333.0
2015-11-20,22.0,22.5,22.0,22.100000381469727,2820.0
2015-11-23,22.149999618530277,22.799999237060547,22.100000381469727,22.450000762939453,5702.0
2015-11-24,23.399999618530277,24.5,22.299999237060547,23.549999237060547,12426.0
2015-11-25,,,,,
2015-11-26,22.5,25.75,22.5,25.149999618530277,60557.0
2015-11-27,25.0,30.149999618530277,25.0,29.899999618530277,275125.0
2015-11-30,30.25,30.25,28.0,28.200000762939453,66751.0
2015-12-01,28.0,28.799999237060547,26.5,26.950000762939453,42886.0
2015-12-02,31.700000762939453,32.29999923706055,30.200000762939453,32.29999923706055,464143.0
2015-12-03,35.0,38.400001525878906,33.099998474121094,36.0,303054.0
2015-12-04,33.54999923706055,36.95000076293945,33.54999923706055,35.849998474121094,74067.0
2015-12-07,36.400001525878906,36.400001525878906,32.400001525878906,34.79999923706055,59346.0
2015-12-08,33.54999923706055,36.150001525878906,31.700000762939453,32.599998474121094,69415.0
2015-12-09,32.20000076293945,33.599998474121094,30.0,30.600000381469727,45357.0
2015-12-10,31.25,31.75,29.100000381469727,31.0,30252.0
2015-12-11,30.049999237060547,33.0,30.049999237060547,30.75,45227.0
2015-12-14,29.0,32.400001525878906,28.100000381469727,31.700000762939453,23503.0
2015-12-15,32.0,34.0,31.049999237060547,33.29999923706055,35795.0
2015-12-16,33.0,34.75,32.5,32.95000076293945,26772.0
2015-12-17,33.900001525878906,33.900001525878906,32.04999923706055,32.599998474121094,18109.0
2015-12-18,32.599998474121094,35.0,32.0,34.099998474121094,22227.0
2015-12-21,34.5,37.5,34.5,37.5,68175.0
2015-12-22,38.400001525878906,38.79999923706055,34.900001525878906,35.849998474121094,67416.0
2015-12-23,35.900001525878906,36.0,34.20000076293945,35.5,28469.0
2015-12-24,35.5,39.04999923706055,35.0,38.45000076293945,87515.0
2015-12-28,39.0,39.900001525878906,38.25,38.79999923706055,33499.0
2015-12-29,39.0,39.45000076293945,36.75,37.79999923706055,27104.0
2015-12-30,38.400001525878906,40.650001525878906,37.400001525878906,38.84999847412109,63966.0
2015-12-31,39.0,42.70000076293945,39.0,42.70000076293945,73859.0
2016-01-01,44.0,44.79999923706055,43.09999847412109,44.79999923706055,83795.0
2016-01-04,47.0,47.0,47.0,47.0,47087.0
2016-01-05,49.34999847412109,49.34999847412109,49.34999847412109,49.34999847412109,15127.0
2016-01-06,51.79999923706055,51.79999923706055,46.900001525878906,47.20000076293945,198293.0
2016-01-07,44.84999847412109,47.5,44.84999847412109,44.84999847412109,33824.0
2016-01-08,44.0,47.04999923706055,43.20000076293945,46.95000076293945,154228.0
2016-01-11,46.34999847412109,48.400001525878906,45.20000076293945,46.84999847412109,63108.0
2016-01-12,46.900001525878906,49.150001525878906,46.04999923706055,46.84999847412109,83062.0
2016-01-13,48.95000076293945,48.95000076293945,44.54999923706055,44.54999923706055,39415.0
2016-01-14,42.34999847412109,44.79999923706055,42.34999847412109,42.34999847412109,41282.0
2016-01-15,43.79999923706055,43.79999923706055,40.25,40.25,31540.0
2016-01-18,39.150001525878906,39.150001525878906,38.25,38.25,5955.0
2016-01-19,36.34999847412109,38.0,36.34999847412109,36.34999847412109,69687.0
2016-01-20,35.95000076293945,38.0,34.54999923706055,34.599998474121094,37453.0
2016-01-21,34.5,36.0,32.900001525878906,32.900001525878906,42726.0
2016-01-22,34.20000076293945,34.5,33.20000076293945,34.5,18469.0
2016-01-25,35.400001525878906,36.20000076293945,35.400001525878906,36.20000076293945,27875.0
2016-01-26,,,,,
2016-01-27,38.0,38.0,35.5,38.0,24570.0
2016-01-28,39.25,39.900001525878906,38.34999847412109,39.900001525878906,14394.0
2016-01-29,41.84999847412109,41.84999847412109,39.5,41.84999847412109,51371.0
2016-02-01,43.84999847412109,43.900001525878906,40.34999847412109,41.34999847412109,52047.0
2016-02-02,42.79999923706055,42.79999923706055,39.29999923706055,40.79999923706055,60033.0
2016-02-03,39.59999847412109,40.5,38.79999923706055,39.400001525878906,23506.0
2016-02-04,40.0,40.0,37.45000076293945,37.84999847412109,21982.0
2016-02-05,37.95000076293945,39.5,35.79999923706055,38.20000076293945,11495.0
2016-02-08,37.09999847412109,39.95000076293945,37.09999847412109,38.150001525878906,12441.0
2016-02-09,38.5,38.5,34.900001525878906,35.150001525878906,16715.0
2016-02-10,35.150001525878906,35.150001525878906,33.349998474121094,34.79999923706055,22725.0
2016-02-11,35.0,35.0,31.350000381469727,31.350000381469727,18985.0
2016-02-12,31.350000381469727,31.350000381469727,28.25,30.25,36309.0
2016-02-15,32.5,33.25,32.25,33.25,13583.0
2016-02-16,35.0,35.5,29.950000762939453,30.149999618530277,53578.0
2016-02-17,30.950000762939453,33.150001525878906,28.700000762939453,31.899999618530277,48987.0
2016-02-18,33.0,33.400001525878906,31.100000381469727,31.899999618530277,13642.0
2016-02-19,30.100000381469727,33.20000076293945,30.0,32.04999923706055,23525.0
2016-02-22,31.600000381469727,34.349998474121094,31.600000381469727,33.599998474121094,8981.0
2016-02-23,33.70000076293945,33.70000076293945,31.600000381469727,32.20000076293945,12108.0
2016-02-24,31.75,32.70000076293945,31.0,32.20000076293945,9603.0
2016-02-25,31.200000762939453,33.5,31.200000762939453,32.54999923706055,8087.0
2016-02-26,33.5,33.5,31.5,31.799999237060547,16247.0
2016-02-29,31.799999237060547,34.79999923706055,30.200000762939453,30.450000762939453,33743.0
2016-03-01,31.200000762939453,32.29999923706055,31.200000762939453,31.350000381469727,14152.0
2016-03-02,31.649999618530277,33.0,30.75,31.450000762939453,19387.0
2016-03-03,31.5,32.45000076293945,30.799999237060547,32.0,14172.0
2016-03-04,31.5,34.5,31.100000381469727,33.95000076293945,55453.0
2016-03-07,,,,,
2016-03-08,35.25,38.0,34.20000076293945,35.0,31524.0
2016-03-09,34.5,35.0,33.400001525878906,34.349998474121094,35726.0
2016-03-10,34.29999923706055,35.70000076293945,33.599998474121094,33.75,4412.0
2016-03-11,33.70000076293945,34.45000076293945,32.5,33.349998474121094,7914.0
2016-03-14,32.20000076293945,34.400001525878906,32.20000076293945,32.75,4572.0
2016-03-15,32.5,33.599998474121094,29.200000762939453,31.799999237060547,67980.0
2016-03-16,32.0,33.0,31.100000381469727,32.599998474121094,25223.0
2016-03-17,33.25,37.54999923706055,33.25,36.5,68378.0
2016-03-18,36.45000076293945,43.79999923706055,36.04999923706055,43.79999923706055,148407.0
2016-03-21,47.900001525878906,52.54999923706055,44.5,47.79999923706055,533167.0
2016-03-22,46.900001525878906,51.5,45.54999923706055,48.150001525878906,163464.0
2016-03-23,46.5,48.79999923706055,45.900001525878906,46.45000076293945,47608.0
2016-03-24,,,,,
2016-03-28,47.0,49.0,45.150001525878906,48.09999847412109,98004.0
2016-03-29,48.150001525878906,52.900001525878906,48.150001525878906,51.75,964596.0
2016-03-30,52.900001525878906,56.900001525878906,52.09999847412109,56.900001525878906,311501.0
2016-03-31,57.0,62.54999923706055,56.900001525878906,57.25,372768.0
2016-04-01,58.29999923706055,59.25,54.0,55.20000076293945,153562.0
2016-04-04,57.0,59.79999923706055,53.59999847412109,55.75,86088.0
2016-04-05,55.0,57.0,54.20000076293945,55.25,73640.0
2016-04-06,55.150001525878906,57.0,54.75,55.45000076293945,32917.0
2016-04-07,56.95000076293945,56.95000076293945,53.34999847412109,54.29999923706055,32103.0
2016-04-08,55.5,56.0,48.900001525878906,49.29999923706055,184893.0
2016-04-11,49.5,51.34999847412109,46.59999847412109,50.59999847412109,122014.0
2016-04-12,50.150001525878906,50.900001525878906,48.25,48.84999847412109,47206.0
2016-04-13,46.5,53.70000076293945,46.5,53.70000076293945,142542.0
2016-04-14,,,,,
2016-04-15,,,,,
2016-04-18,55.09999847412109,57.5,52.54999923706055,55.09999847412109,302744.0
2016-04-19,,,,,
2016-04-20,55.5,56.5,53.75,55.45000076293945,80754.0
2016-04-21,54.20000076293945,56.75,53.400001525878906,54.0,31414.0
2016-04-22,55.95000076293945,55.95000076293945,50.29999923706055,52.29999923706055,28620.0
2016-04-25,52.95000076293945,54.400001525878906,51.84999847412109,52.04999923706055,16691.0
2016-04-26,54.25,54.25,51.04999923706055,51.900001525878906,16214.0
2016-04-27,51.84999847412109,53.20000076293945,50.29999923706055,51.0,18513.0
2016-04-28,51.0,52.79999923706055,50.5,51.29999923706055,20274.0
2016-04-29,51.25,51.25,48.70000076293945,49.95000076293945,26006.0
2016-05-02,49.95000076293945,49.95000076293945,47.04999923706055,48.20000076293945,38789.0
2016-05-03,46.29999923706055,53.0,46.29999923706055,51.20000076293945,249455.0
2016-05-04,51.20000076293945,51.5,48.09999847412109,48.650001525878906,22902.0
2016-05-05,49.0,50.900001525878906,48.79999923706055,49.150001525878906,60344.0
2016-05-06,49.20000076293945,50.900001525878906,48.5,49.20000076293945,18851.0
2016-05-09,49.5,50.900001525878906,49.0,49.04999923706055,21931.0
2016-05-10,49.20000076293945,51.0,48.0,48.29999923706055,32551.0
2016-05-11,48.400001525878906,48.900001525878906,47.0,48.5,21553.0
2016-05-12,49.45000076293945,49.45000076293945,47.0,47.54999923706055,26786.0
2016-05-13,49.0,49.900001525878906,47.25,47.70000076293945,10146.0
2016-05-16,48.0,49.59999847412109,46.20000076293945,47.59999847412109,34962.0
2016-05-17,48.650001525878906,49.0,45.79999923706055,46.25,20352.0
2016-05-18,47.0,47.75,46.0,46.45000076293945,16355.0
2016-05-19,46.5,47.0,44.0,44.5,20962.0
2016-05-20,44.5,53.400001525878906,42.45000076293945,50.84999847412109,457031.0
2016-05-23,51.5,57.29999923706055,46.09999847412109,52.0,481892.0
2016-05-24,51.5,54.29999923706055,48.900001525878906,49.75,81750.0
2016-05-25,50.900001525878906,53.5,50.09999847412109,51.45000076293945,56971.0
2016-05-26,52.34999847412109,52.5,48.900001525878906,49.34999847412109,46526.0
2016-05-27,49.5,52.900001525878906,49.09999847412109,50.25,82405.0
2016-05-30,50.900001525878906,51.400001525878906,49.20000076293945,49.95000076293945,20020.0
2016-05-31,49.0,49.79999923706055,46.0,46.54999923706055,64776.0
2016-06-01,46.70000076293945,49.400001525878906,46.09999847412109,46.79999923706055,49573.0
2016-06-02,48.0,48.0,44.59999847412109,46.04999923706055,31853.0
2016-06-03,45.5,48.400001525878906,45.5,46.45000076293945,44730.0
2016-06-06,45.5,47.0,45.5,45.900001525878906,14856.0
2016-06-07,46.5,46.84999847412109,45.0,45.09999847412109,25784.0
2016-06-08,45.400001525878906,52.0,44.95000076293945,46.20000076293945,37910.0
2016-06-09,46.0,47.75,45.5,46.0,12696.0
2016-06-10,46.5,46.84999847412109,45.09999847412109,45.45000076293945,13173.0
2016-06-13,45.45000076293945,45.45000076293945,42.45000076293945,44.400001525878906,22791.0
2016-06-14,44.34999847412109,46.0,40.70000076293945,41.400001525878906,81497.0
2016-06-15,42.09999847412109,42.650001525878906,37.29999923706055,37.84999847412109,165641.0
2016-06-16,38.75,38.75,35.099998474121094,35.54999923706055,77473.0
2016-06-17,36.0,36.5,31.899999618530277,32.5,155194.0
2016-06-20,31.600000381469727,39.0,27.0,39.0,319519.0
2016-06-21,41.5,44.75,41.0,41.79999923706055,546656.0
2016-06-22,42.900001525878906,42.900001525878906,39.5,40.29999923706055,83727.0
2016-06-23,40.0,40.5,38.59999847412109,39.650001525878906,38579.0
2016-06-24,37.45000076293945,39.79999923706055,34.54999923706055,38.54999923706055,86931.0
2016-06-27,38.25,42.5,38.25,40.5,52739.0
2016-06-28,40.0,42.29999923706055,38.54999923706055,40.20000076293945,46539.0
2016-06-29,40.84999847412109,48.20000076293945,39.0,46.650001525878906,571275.0
2016-06-30,47.0,49.5,43.59999847412109,47.09999847412109,750209.0
2016-07-01,47.34999847412109,49.5,46.09999847412109,46.75,261777.0
2016-07-04,47.59999847412109,49.95000076293945,47.04999923706055,48.29999923706055,233317.0
2016-07-05,48.70000076293945,49.25,46.0,46.59999847412109,57600.0
2016-07-06,,,,,
2016-07-07,47.20000076293945,48.25,45.25,45.84999847412109,65918.0
2016-07-08,48.0,48.09999847412109,45.70000076293945,46.34999847412109,76408.0
2016-07-11,47.75,47.75,45.09999847412109,45.400001525878906,37813.0
2016-07-12,47.400001525878906,47.400001525878906,44.04999923706055,44.650001525878906,30898.0
2016-07-13,45.29999923706055,45.29999923706055,43.0,43.09999847412109,24452.0
2016-07-14,43.84999847412109,47.29999923706055,43.20000076293945,44.75,92109.0
2016-07-15,45.0,46.79999923706055,44.0,44.150001525878906,36869.0
2016-07-18,44.5,45.900001525878906,43.95000076293945,44.25,31975.0
2016-07-19,45.400001525878906,46.650001525878906,44.45000076293945,45.20000076293945,58245.0
2016-07-20,46.5,46.900001525878906,44.84999847412109,45.20000076293945,79951.0
2016-07-21,45.20000076293945,46.29999923706055,43.5,43.70000076293945,30538.0
2016-07-22,45.34999847412109,45.34999847412109,43.25,43.75,33093.0
2016-07-25,43.20000076293945,44.70000076293945,41.29999923706055,43.900001525878906,21874.0
2016-07-26,44.59999847412109,45.45000076293945,43.20000076293945,43.79999923706055,35006.0
2016-07-27,44.79999923706055,45.29999923706055,42.25,43.09999847412109,38759.0
2016-07-28,43.75,44.400001525878906,43.0,43.09999847412109,37921.0
2016-07-29,43.45000076293945,43.95000076293945,43.0,43.20000076293945,15809.0
2016-08-01,44.79999923706055,45.59999847412109,42.0,44.09999847412109,39663.0
2016-08-02,44.0,44.84999847412109,42.34999847412109,42.45000076293945,34590.0
2016-08-03,43.45000076293945,43.45000076293945,40.400001525878906,40.84999847412109,14641.0
2016-08-04,42.70000076293945,42.70000076293945,40.04999923706055,40.650001525878906,24807.0
2016-08-05,40.0,43.400001525878906,39.79999923706055,42.900001525878906,41069.0
2016-08-08,45.0,45.0,41.0,41.04999923706055,27571.0
2016-08-09,42.400001525878906,42.45000076293945,40.0,40.20000076293945,25512.0
2016-08-10,40.84999847412109,40.84999847412109,38.79999923706055,39.25,16690.0
2016-08-11,43.0,43.0,39.150001525878906,39.95000076293945,10097.0
2016-08-12,40.0,40.0,38.29999923706055,39.09999847412109,18665.0
2016-08-15,,,,,
2016-08-16,38.79999923706055,39.75,36.5,39.04999923706055,27776.0
2016-08-17,39.20000076293945,39.900001525878906,38.25,38.59999847412109,9809.0
2016-08-18,38.79999923706055,39.0,37.150001525878906,38.54999923706055,11992.0
2016-08-19,38.09999847412109,40.75,37.5,38.95000076293945,36815.0
2016-08-22,40.95000076293945,40.95000076293945,38.0,39.0,10277.0
2016-08-23,39.25,39.25,37.75,38.0,15791.0
2016-08-24,37.70000076293945,39.75,37.20000076293945,38.20000076293945,13837.0
2016-08-25,38.20000076293945,39.900001525878906,38.04999923706055,38.54999923706055,21404.0
2016-08-26,38.95000076293945,39.0,37.25,37.70000076293945,13053.0
2016-08-29,37.45000076293945,38.20000076293945,37.34999847412109,37.34999847412109,6234.0
2016-08-30,37.34999847412109,39.0,35.29999923706055,38.650001525878906,33681.0
2016-08-31,39.45000076293945,40.400001525878906,38.09999847412109,38.5,17359.0
2016-09-01,40.95000076293945,40.95000076293945,37.5,37.650001525878906,13701.0
2016-09-02,38.0,38.0,36.59999847412109,37.150001525878906,19283.0
2016-09-06,38.400001525878906,38.400001525878906,37.34999847412109,37.650001525878906,5802.0
2016-09-07,37.5,38.900001525878906,36.0,37.04999923706055,46804.0
2016-09-08,37.95000076293945,38.0,37.25,37.59999847412109,20509.0
2016-09-09,37.0,38.59999847412109,37.0,37.25,37859.0
2016-09-12,36.79999923706055,37.34999847412109,35.650001525878906,36.0,15356.0
2016-09-13,,,,,
2016-09-14,36.25,37.900001525878906,35.900001525878906,36.70000076293945,10781.0
2016-09-15,36.59999847412109,38.0,36.20000076293945,37.04999923706055,40232.0
2016-09-16,37.0,37.900001525878906,35.45000076293945,35.79999923706055,17843.0
2016-09-19,35.75,36.75,35.5,36.45000076293945,17947.0
2016-09-20,36.75,36.79999923706055,35.599998474121094,35.900001525878906,13525.0
2016-09-21,35.849998474121094,36.400001525878906,35.099998474121094,35.45000076293945,10661.0
2016-09-22,35.849998474121094,36.09999847412109,34.5,35.20000076293945,19185.0
2016-09-23,36.45000076293945,42.20000076293945,36.45000076293945,42.20000076293945,1084311.0
2016-09-26,42.34999847412109,42.70000076293945,39.400001525878906,40.0,260786.0
2016-09-27,40.900001525878906,41.09999847412109,38.0,38.400001525878906,96330.0
2016-09-28,39.09999847412109,39.45000076293945,38.0,38.400001525878906,59345.0
2016-09-29,38.79999923706055,45.45000076293945,38.54999923706055,39.34999847412109,600818.0
2016-09-30,39.5,42.900001525878906,39.5,41.45000076293945,136519.0
2016-10-03,42.20000076293945,43.79999923706055,40.84999847412109,41.95000076293945,84950.0
2016-10-04,42.59999847412109,43.5,41.04999923706055,42.29999923706055,74849.0
2016-10-05,42.400001525878906,43.59999847412109,41.54999923706055,42.04999923706055,52557.0
2016-10-06,42.5,42.79999923706055,38.75,39.84999847412109,69354.0
2016-10-07,40.900001525878906,40.900001525878906,39.0,40.150001525878906,30934.0
2016-10-10,40.0,46.75,39.650001525878906,44.29999923706055,349483.0
2016-10-11,,,,,
2016-10-12,,,,,
2016-10-13,44.20000076293945,49.70000076293945,42.5,45.400001525878906,211644.0
2016-10-14,45.75,47.20000076293945,44.650001525878906,45.400001525878906,75550.0
2016-10-17,45.900001525878906,47.900001525878906,45.0,45.59999847412109,51464.0
2016-10-18,45.54999923706055,46.0,44.70000076293945,44.79999923706055,24476.0
2016-10-19,44.150001525878906,46.0,43.900001525878906,44.09999847412109,27062.0
2016-10-20,44.09999847412109,46.0,44.09999847412109,45.04999923706055,48345.0
2016-10-21,46.900001525878906,46.900001525878906,44.54999923706055,44.79999923706055,17473.0
2016-10-24,44.79999923706055,48.5,43.70000076293945,45.84999847412109,80070.0
2016-10-25,46.0,46.0,44.04999923706055,44.5,41203.0
2016-10-26,44.84999847412109,45.5,43.25,43.59999847412109,20772.0
2016-10-27,43.04999923706055,44.25,42.5,43.34999847412109,12376.0
2016-10-28,43.09999847412109,44.70000076293945,43.09999847412109,43.75,19421.0
2016-10-31,,,,,
2016-11-01,44.34999847412109,46.75,43.150001525878906,44.34999847412109,80088.0
2016-11-02,44.29999923706055,45.29999923706055,43.04999923706055,43.400001525878906,60308.0
2016-11-03,44.29999923706055,45.400001525878906,42.5,42.84999847412109,57560.0
2016-11-04,42.79999923706055,43.54999923706055,40.04999923706055,40.54999923706055,40372.0
2016-11-07,41.5,44.400001525878906,41.0,42.95000076293945,47636.0
2016-11-08,44.0,44.79999923706055,42.09999847412109,43.34999847412109,18846.0
2016-11-09,41.04999923706055,45.5,35.25,42.25,32474.0
2016-11-10,43.650001525878906,43.70000076293945,41.29999923706055,42.70000076293945,12256.0
2016-11-11,42.04999923706055,43.79999923706055,39.5,40.29999923706055,24620.0
2016-11-14,,,,,
2016-11-15,41.0,44.0,37.09999847412109,37.59999847412109,62828.0
2016-11-16,39.0,39.79999923706055,36.20000076293945,36.59999847412109,24038.0
2016-11-17,37.59999847412109,37.59999847412109,36.09999847412109,36.54999923706055,5958.0
2016-11-18,36.900001525878906,40.0,35.79999923706055,38.400001525878906,185909.0
2016-11-21,38.04999923706055,38.04999923706055,35.349998474121094,36.04999923706055,13357.0
2016-11-22,36.400001525878906,39.0,35.599998474121094,38.150001525878906,24965.0
2016-11-23,39.0,40.45000076293945,37.34999847412109,39.95000076293945,27867.0
2016-11-24,39.84999847412109,41.5,38.5,39.09999847412109,46012.0
2016-11-25,39.34999847412109,40.70000076293945,39.34999847412109,40.0,15272.0
2016-11-28,40.0,43.84999847412109,39.59999847412109,42.59999847412109,76428.0
2016-11-29,43.95000076293945,43.95000076293945,42.34999847412109,42.54999923706055,9153.0
2016-11-30,43.5,43.5,41.79999923706055,41.900001525878906,8028.0
2016-12-01,41.75,42.900001525878906,41.400001525878906,41.5,4411.0
2016-12-02,41.0,41.0,39.09999847412109,40.0,16412.0
2016-12-05,42.45000076293945,42.650001525878906,40.59999847412109,40.59999847412109,3036.0
2016-12-06,41.0,41.70000076293945,40.04999923706055,40.25,8546.0
2016-12-07,40.29999923706055,41.25,39.5,40.0,9553.0
2016-12-08,40.95000076293945,41.34999847412109,39.5,40.84999847412109,23512.0
2016-12-09,40.400001525878906,43.5,40.0,41.79999923706055,38861.0
2016-12-12,41.45000076293945,42.650001525878906,40.54999923706055,41.0,11422.0
2016-12-13,41.20000076293945,42.400001525878906,40.5,40.75,13635.0
2016-12-14,40.5,41.84999847412109,40.04999923706055,40.20000076293945,5724.0
2016-12-15,40.5,40.75,40.0,40.25,11992.0
2016-12-16,40.70000076293945,40.900001525878906,39.29999923706055,40.650001525878906,14548.0
2016-12-19,41.29999923706055,41.75,40.45000076293945,40.70000076293945,25723.0
2016-12-20,40.5,40.5,38.45000076293945,39.34999847412109,52193.0
2016-12-21,39.09999847412109,39.79999923706055,38.400001525878906,38.70000076293945,8620.0
2016-12-22,38.75,38.75,37.09999847412109,37.45000076293945,11105.0
2016-12-23,38.400001525878906,38.400001525878906,36.5,37.59999847412109,16533.0
2016-12-26,36.75,37.5,36.0,36.5,22255.0
2016-12-27,36.95000076293945,37.900001525878906,36.95000076293945,37.75,9381.0
2016-12-28,38.650001525878906,39.79999923706055,37.5,38.75,18663.0
2016-12-29,38.75,41.0,38.5,40.0,35962.0
2016-12-30,41.5,43.75,40.59999847412109,42.400001525878906,51609.0
2017-01-02,43.0,43.70000076293945,41.5,43.29999923706055,18688.0
2017-01-03,43.54999923706055,44.900001525878906,42.5,43.54999923706055,77746.0
2017-01-04,43.79999923706055,44.75,43.0,43.84999847412109,28482.0
2017-01-05,43.0,44.34999847412109,42.75,42.900001525878906,15765.0
2017-01-06,43.0,44.0,42.150001525878906,43.25,39340.0
2017-01-09,43.79999923706055,44.25,42.25,43.54999923706055,22262.0
2017-01-10,44.25,52.25,44.25,52.25,685286.0
2017-01-11,53.45000076293945,56.75,52.0,54.34999847412109,883934.0
2017-01-12,53.650001525878906,54.25,49.45000076293945,50.25,292458.0
2017-01-13,50.70000076293945,52.0,48.150001525878906,49.09999847412109,112944.0
2017-01-16,49.5,52.900001525878906,49.0,51.0,134894.0
2017-01-17,50.79999923706055,52.79999923706055,49.70000076293945,51.95000076293945,96907.0
2017-01-18,52.75,59.0,52.0,55.34999847412109,576321.0
2017-01-19,55.900001525878906,58.34999847412109,54.5,56.25,240720.0
2017-01-20,55.95000076293945,58.20000076293945,55.0,55.70000076293945,155268.0
2017-01-23,56.650001525878906,56.900001525878906,55.09999847412109,55.59999847412109,50840.0
2017-01-24,56.150001525878906,56.25,53.25,54.0,53603.0
2017-01-25,54.04999923706055,55.29999923706055,52.34999847412109,53.45000076293945,49590.0
2017-01-26,,,,,
2017-01-27,53.79999923706055,56.25,52.09999847412109,52.650001525878906,57695.0
2017-01-30,52.5,54.25,51.0,53.0,64832.0
2017-01-31,53.54999923706055,53.900001525878906,51.650001525878906,52.150001525878906,29874.0
2017-02-01,52.0,53.84999847412109,50.29999923706055,51.150001525878906,131119.0
2017-02-02,52.0,53.45000076293945,51.150001525878906,52.70000076293945,94835.0
2017-02-03,53.0,57.54999923706055,52.150001525878906,55.75,203844.0
2017-02-06,56.79999923706055,66.9000015258789,56.79999923706055,63.54999923706055,955063.0
2017-02-07,63.54999923706055,65.0,61.20000076293945,62.0,176205.0
2017-02-08,62.70000076293945,66.0,61.34999847412109,61.59999847412109,391444.0
2017-02-09,62.0,63.0,60.5,60.900001525878906,81115.0
2017-02-10,61.75,62.0,60.75,61.09999847412109,63571.0
2017-02-13,61.25,62.54999923706055,59.0,61.95000076293945,188140.0
2017-02-14,62.900001525878906,63.04999923706055,57.95000076293945,58.75,431869.0
2017-02-15,61.29999923706055,61.29999923706055,56.95000076293945,57.5,95340.0
2017-02-16,58.0,58.29999923706055,56.0,57.29999923706055,100247.0
2017-02-17,57.95000076293945,59.04999923706055,56.04999923706055,56.54999923706055,60794.0
2017-02-20,56.59999847412109,58.0,55.0,55.54999923706055,106329.0
2017-02-21,55.75,56.0,53.95000076293945,55.09999847412109,24541.0
2017-02-22,56.400001525878906,57.95000076293945,54.150001525878906,54.5,194915.0
2017-02-23,54.5,55.150001525878906,53.5,53.84999847412109,27727.0
2017-02-24,,,,,
2017-02-27,54.34999847412109,54.34999847412109,53.25,53.34999847412109,22024.0
2017-02-28,52.70000076293945,55.09999847412109,52.70000076293945,53.79999923706055,61410.0
2017-03-01,54.75,54.84999847412109,53.5,53.70000076293945,29908.0
2017-03-02,53.5,54.400001525878906,51.0,52.25,40169.0
2017-03-03,52.20000076293945,52.84999847412109,51.20000076293945,51.650001525878906,17802.0
2017-03-06,53.5,57.0,52.0,52.70000076293945,30308.0
2017-03-07,53.34999847412109,53.400001525878906,51.29999923706055,51.650001525878906,37510.0
2017-03-08,51.5,51.79999923706055,50.70000076293945,50.95000076293945,22574.0
2017-03-09,50.900001525878906,51.54999923706055,50.70000076293945,51.04999923706055,16407.0
2017-03-10,50.70000076293945,51.150001525878906,49.0,49.45000076293945,45528.0
2017-03-13,,,,,
2017-03-14,49.5,59.29999923706055,47.95000076293945,57.0,1165186.0
2017-03-15,57.0,57.5,55.25,55.70000076293945,268439.0
2017-03-16,56.900001525878906,57.5,56.0,56.79999923706055,106727.0
2017-03-17,56.84999847412109,57.5,52.20000076293945,54.0,117141.0
2017-03-20,54.79999923706055,54.79999923706055,51.79999923706055,52.54999923706055,49662.0
2017-03-21,54.0,54.0,52.59999847412109,52.900001525878906,31479.0
2017-03-22,53.79999923706055,53.79999923706055,52.150001525878906,52.45000076293945,21451.0
2017-03-23,53.25,53.70000076293945,52.0,53.25,26112.0
2017-03-24,53.54999923706055,53.84999847412109,52.400001525878906,52.75,28048.0
2017-03-27,53.25,54.0,52.0,52.84999847412109,18496.0
2017-03-28,52.54999923706055,53.34999847412109,51.59999847412109,51.95000076293945,34377.0
2017-03-29,52.5,56.900001525878906,51.75,52.09999847412109,284083.0
2017-03-30,53.400001525878906,55.0,52.59999847412109,53.54999923706055,124162.0
2017-03-31,55.0,56.45000076293945,53.400001525878906,53.900001525878906,202217.0
2017-04-03,54.75,56.5,52.70000076293945,52.95000076293945,507806.0
2017-04-04,,,,,
2017-04-05,53.04999923706055,63.5,52.79999923706055,62.45000076293945,2293289.0
2017-04-06,60.54999923706055,74.6500015258789,60.54999923706055,67.75,2019127.0
2017-04-07,68.0,76.4000015258789,68.0,70.1500015258789,1385863.0
2017-04-10,72.4000015258789,83.80000305175781,71.0,81.25,2338132.0
2017-04-11,80.0,83.30000305175781,74.69999694824219,75.3499984741211,1438974.0
2017-04-12,75.94999694824219,80.9000015258789,73.44999694824219,75.69999694824219,669743.0
2017-04-13,72.0,78.0,71.94999694824219,75.0999984741211,378348.0
2017-04-17,77.0,78.8499984741211,75.0,78.8499984741211,176178.0
2017-04-18,82.75,82.75,78.55000305175781,80.44999694824219,333613.0
2017-04-19,81.6500015258789,82.0999984741211,78.5,80.9000015258789,90080.0
2017-04-20,82.0,84.9000015258789,80.0,84.9000015258789,163176.0
2017-04-21,89.0999984741211,89.0999984741211,86.5,87.05000305175781,142761.0
2017-04-24,86.0999984741211,91.4000015258789,86.0999984741211,91.4000015258789,121707.0
2017-04-25,95.4499969482422,95.9499969482422,93.0,95.9000015258789,151338.0
2017-04-26,96.0999984741211,99.8499984741211,91.1500015258789,98.3499984741211,365866.0
2017-04-27,102.9000015258789,102.9000015258789,95.0500030517578,98.5999984741211,132184.0
2017-04-28,101.4000015258789,101.4000015258789,93.6999969482422,95.8499984741211,41658.0
2017-05-01,,,,,
2017-05-02,92.5,97.9000015258789,91.0999984741211,92.5,71926.0
2017-05-03,95.0,95.0,87.9000015258789,91.3499984741211,65074.0
2017-05-04,89.25,95.5,89.25,94.8000030517578,93796.0
2017-05-05,95.0,99.5,92.0,95.3000030517578,144585.0
2017-05-08,92.5999984741211,99.5,92.5999984741211,97.6500015258789,110659.0
2017-05-09,97.0,102.5,97.0,102.5,416968.0
2017-05-10,107.5999984741211,107.5999984741211,107.5999984741211,107.5999984741211,39200.0
2017-05-11,112.9499969482422,112.9499969482422,112.1500015258789,112.9499969482422,374442.0
2017-05-12,118.5500030517578,118.5500030517578,114.0999984741211,118.5500030517578,437553.0
2017-05-15,120.5,124.4499969482422,113.8000030517578,122.75,523240.0
2017-05-16,126.5500030517578,128.5,123.0,127.5,385853.0
2017-05-17,132.8000030517578,132.89999389648438,123.4000015258789,125.9000015258789,310961.0
2017-05-18,123.0,126.8000030517578,120.75,123.0999984741211,146802.0
2017-05-19,126.0999984741211,129.25,126.0,128.8000030517578,378966.0
2017-05-22,129.89999389648438,135.1999969482422,128.25,135.1999969482422,281856.0
2017-05-23,136.10000610351562,139.0,128.4499969482422,130.60000610351562,358645.0
2017-05-24,129.0,134.0,124.0999984741211,127.1999969482422,190364.0
2017-05-25,124.5,128.5,124.5,126.4499969482422,144077.0
2017-05-26,129.5,132.75,127.75,129.60000610351562,374508.0
2017-05-29,131.0,131.89999389648438,126.0,127.0999984741211,102474.0
2017-05-30,126.0,128.0,123.9000015258789,125.0500030517578,130961.0
2017-05-31,126.0,126.5999984741211,121.6999969482422,123.0999984741211,114550.0
2017-06-01,121.0,126.9000015258789,120.6500015258789,125.6500015258789,199858.0
2017-06-02,127.0,127.5999984741211,125.25,125.8000030517578,125004.0
2017-06-05,131.5,132.0500030517578,127.0,128.14999389648438,589956.0
2017-06-06,129.5500030517578,129.5500030517578,123.4000015258789,123.9000015258789,198617.0
2017-06-07,125.6999969482422,126.6999969482422,121.8000030517578,122.1999969482422,163106.0
2017-06-08,122.5500030517578,125.5999984741211,120.0,122.0500030517578,443109.0
2017-06-09,123.75,130.0,119.0,124.1999969482422,520429.0
2017-06-12,126.0,130.0,124.4000015258789,127.6999969482422,340791.0
2017-06-13,129.0,132.6999969482422,124.5,125.8499984741211,382245.0
2017-06-14,127.5,127.8000030517578,124.0,125.8499984741211,123547.0
2017-06-15,125.1500015258789,125.6500015258789,123.6500015258789,124.0500030517578,59109.0
2017-06-16,124.8000030517578,125.0,123.0,123.5500030517578,78978.0
2017-06-19,123.9499969482422,126.5,121.6500015258789,122.4000015258789,87203.0
2017-06-20,122.0,123.25,120.0,120.75,86283.0
2017-06-21,120.75,123.4000015258789,119.8000030517578,120.1500015258789,119563.0
2017-06-22,121.3499984741211,122.0,117.0,118.25,106110.0
2017-06-23,118.25,119.4000015258789,115.0,116.0,67541.0
2017-06-26,,,,,
2017-06-27,117.0500030517578,118.0,109.5,110.5999984741211,106429.0
2017-06-28,109.0,110.75,107.3499984741211,109.5500030517578,94752.0
2017-06-29,110.5,117.9000015258789,110.0,113.75,190219.0
2017-06-30,114.5500030517578,124.4000015258789,112.6999969482422,121.5999984741211,193569.0
2017-07-03,123.8499984741211,124.4000015258789,120.0500030517578,121.1999969482422,126485.0
2017-07-04,125.0,126.0,122.5999984741211,124.5999984741211,181483.0
2017-07-05,124.1500015258789,125.1999969482422,119.5,120.9499969482422,99369.0
2017-07-06,121.5500030517578,124.5,120.5999984741211,121.6500015258789,74887.0
2017-07-07,122.0,123.0,118.1999969482422,122.6500015258789,123740.0
2017-07-10,112.0,123.0,112.0,120.0,39302.0
2017-07-11,121.8499984741211,121.8499984741211,118.5,119.0500030517578,87814.0
2017-07-12,120.8000030517578,120.8000030517578,117.0500030517578,119.0999984741211,76801.0
2017-07-13,119.4499969482422,119.8000030517578,117.0999984741211,117.5999984741211,107503.0
2017-07-14,117.1999969482422,117.1999969482422,113.9499969482422,115.3499984741211,134862.0
2017-07-17,116.0,116.4000015258789,114.1999969482422,115.9000015258789,51062.0
2017-07-18,116.5,120.0,113.5999984741211,115.9000015258789,116588.0
2017-07-19,116.6999969482422,117.0999984741211,110.0,111.5999984741211,1557688.0
2017-07-20,111.6500015258789,114.5,111.4499969482422,114.1500015258789,149438.0
2017-07-21,114.9499969482422,115.4000015258789,111.6999969482422,113.0999984741211,79648.0
2017-07-24,120.0,124.4000015258789,119.5,121.25,1281818.0
2017-07-25,123.0,129.39999389648438,120.1999969482422,121.6500015258789,1184135.0
2017-07-26,125.0,125.75,116.0,121.1500015258789,493885.0
2017-07-27,122.6500015258789,122.6500015258789,110.9499969482422,115.5,589129.0
2017-07-28,115.8499984741211,116.0,111.0999984741211,114.8499984741211,156656.0
2017-07-31,114.9000015258789,116.0,113.4000015258789,114.1999969482422,98176.0
2017-08-01,114.8000030517578,116.0,112.0999984741211,113.25,109304.0
2017-08-02,114.8499984741211,117.8000030517578,113.1500015258789,114.5,112209.0
2017-08-03,115.4000015258789,115.4000015258789,110.6999969482422,112.0500030517578,222252.0
2017-08-04,113.0,114.5,110.0999984741211,112.6999969482422,135810.0
2017-08-07,113.9499969482422,115.6999969482422,111.1500015258789,114.9000015258789,162554.0
2017-08-08,114.0,116.0500030517578,108.25,109.6999969482422,217307.0
2017-08-09,109.8000030517578,112.4000015258789,105.0,108.8000030517578,108335.0
2017-08-10,108.8000030517578,118.3000030517578,107.0,110.5,698249.0
2017-08-11,105.4499969482422,111.0,104.4499969482422,109.6999969482422,196184.0
2017-08-14,114.9000015258789,116.5999984741211,110.75,114.6999969482422,264980.0
2017-08-15,,,,,
2017-08-16,115.5,117.0500030517578,113.0,114.8499984741211,452475.0
2017-08-17,115.5500030517578,116.75,114.0,115.0500030517578,97099.0
2017-08-18,112.0500030517578,116.0,112.0500030517578,115.5,120617.0
2017-08-21,117.0,122.9499969482422,115.0500030517578,116.75,1577747.0
2017-08-22,119.8000030517578,120.8000030517578,115.1999969482422,116.0,332178.0
2017-08-23,117.0999984741211,117.1500015258789,112.6500015258789,115.0999984741211,138975.0
2017-08-24,115.0,116.0,112.9000015258789,114.3000030517578,224340.0
2017-08-25,,,,,
2017-08-28,114.5500030517578,116.4000015258789,112.6500015258789,113.9499969482422,231864.0
2017-08-29,113.0,113.5,110.6500015258789,111.4499969482422,174913.0
2017-08-30,113.6999969482422,113.6999969482422,111.0,111.3000030517578,58319.0
2017-08-31,112.3000030517578,115.4000015258789,111.0,112.9499969482422,190502.0
2017-09-01,113.0,114.3499984741211,111.0,112.4499969482422,71926.0
2017-09-04,113.0,114.5500030517578,111.0500030517578,111.8499984741211,150243.0
2017-09-05,111.5500030517578,113.8000030517578,111.5500030517578,112.3499984741211,220409.0
2017-09-06,112.6999969482422,115.9000015258789,111.5,112.3499984741211,272429.0
2017-09-07,113.3499984741211,115.5,111.9499969482422,112.6999969482422,235868.0
2017-09-08,113.5999984741211,114.5,110.3499984741211,110.75,515341.0
2017-09-11,112.5,112.6999969482422,109.8000030517578,111.0500030517578,276208.0
2017-09-12,111.0999984741211,112.4499969482422,108.0,109.75,258835.0
2017-09-13,112.4000015258789,119.25,110.3499984741211,116.8000030517578,794239.0
2017-09-14,118.9499969482422,120.75,114.25,115.0500030517578,568844.0
2017-09-15,118.1999969482422,126.3000030517578,116.25,122.1500015258789,1169157.0
2017-09-18,123.5,127.0,123.0,125.3499984741211,907110.0
2017-09-19,126.4000015258789,128.39999389648438,119.0,121.4000015258789,714962.0
2017-09-20,122.3499984741211,125.3000030517578,121.6999969482422,122.1500015258789,932700.0
2017-09-21,123.0500030517578,124.0,118.0999984741211,120.5,317806.0
2017-09-22,119.8000030517578,124.6999969482422,116.0,117.1500015258789,326710.0
2017-09-25,116.3000030517578,117.3000030517578,111.0,113.3499984741211,293700.0
2017-09-26,114.3499984741211,115.5,112.1999969482422,114.1999969482422,156112.0
2017-09-27,115.0,116.4000015258789,110.6500015258789,111.1999969482422,171424.0
2017-09-28,114.0,114.0,108.0,113.0,511745.0
2017-09-29,114.0,114.5999984741211,110.5,111.0,198718.0
2017-10-02,,,,,
2017-10-03,111.5,114.9000015258789,111.5,113.4499969482422,92600.0
2017-10-04,113.5,114.4499969482422,110.6500015258789,111.3000030517578,183873.0
2017-10-05,111.8499984741211,113.1999969482422,110.75,111.0500030517578,131893.0
2017-10-06,111.3000030517578,113.8000030517578,110.0,110.75,363846.0
2017-10-09,111.8499984741211,117.6999969482422,111.75,115.0,395727.0
2017-10-10,117.0999984741211,121.0,117.0999984741211,118.6500015258789,501294.0
2017-10-11,120.0,120.9499969482422,114.0999984741211,115.9499969482422,382201.0
2017-10-12,117.0999984741211,118.0,114.1999969482422,115.1500015258789,145598.0
2017-10-13,115.8499984741211,116.0,113.0999984741211,114.5999984741211,123467.0
2017-10-16,115.5,115.9000015258789,112.5500030517578,113.3499984741211,110564.0
2017-10-17,114.0999984741211,114.0999984741211,112.0500030517578,113.1500015258789,87633.0
2017-10-18,112.1999969482422,114.8499984741211,112.1999969482422,113.5999984741211,110383.0
2017-10-19,114.0,116.0,113.5999984741211,114.8499984741211,99579.0
2017-10-20,,,,,
2017-10-23,116.8000030517578,116.8000030517578,112.5,113.75,94142.0
2017-10-24,114.5999984741211,114.8499984741211,112.25,113.25,118342.0
2017-10-25,114.0,114.4000015258789,108.4000015258789,110.0,260388.0
2017-10-26,110.0,112.4000015258789,108.0500030517578,110.25,195293.0
2017-10-27,111.0999984741211,112.8000030517578,110.0999984741211,111.4000015258789,104690.0
2017-10-30,112.0,115.0,110.5999984741211,113.5999984741211,159054.0
2017-10-31,113.5999984741211,115.6500015258789,112.5,112.9499969482422,88716.0
2017-11-01,112.75,114.3000030517578,110.0500030517578,111.25,193745.0
2017-11-02,111.1999969482422,113.5,110.8000030517578,112.0,79182.0
2017-11-03,112.6999969482422,112.9499969482422,111.1999969482422,112.0,78418.0
2017-11-06,111.9499969482422,116.6999969482422,110.6999969482422,112.5500030517578,299661.0
2017-11-07,113.5,115.0,108.3000030517578,109.5500030517578,240729.0
2017-11-08,110.0,112.0,107.3499984741211,108.1500015258789,124412.0
2017-11-09,108.5500030517578,110.6999969482422,107.0999984741211,108.0999984741211,123335.0
2017-11-10,108.4000015258789,115.0,105.0999984741211,110.5,477902.0
2017-11-13,111.25,114.0,110.25,110.8000030517578,208737.0
2017-11-14,110.1999969482422,113.0,109.8499984741211,110.6500015258789,267012.0
2017-11-15,109.8000030517578,110.8000030517578,106.0,107.6999969482422,151067.0
2017-11-16,108.75,110.0,107.9499969482422,108.9499969482422,59136.0
2017-11-17,110.4499969482422,111.9000015258789,108.5500030517578,109.5999984741211,100315.0
2017-11-20,109.5999984741211,111.6999969482422,109.5999984741211,110.25,65259.0
2017-11-21,110.9499969482422,110.9499969482422,108.1500015258789,108.5,110974.0
2017-11-22,109.0999984741211,109.8000030517578,107.5500030517578,107.9499969482422,68707.0
2017-11-23,107.6999969482422,109.3499984741211,107.1500015258789,107.9000015258789,75514.0
2017-11-24,108.5,110.4499969482422,107.6500015258789,108.5999984741211,116399.0
2017-11-27,109.0,118.75,107.75,114.8499984741211,750565.0
2017-11-28,115.6999969482422,115.6999969482422,110.8000030517578,111.4499969482422,267355.0
2017-11-29,112.0,112.9000015258789,110.1500015258789,110.5999984741211,111561.0
2017-11-30,110.0,111.9000015258789,108.1999969482422,108.9000015258789,158912.0
2017-12-01,109.75,110.5,106.6500015258789,107.25,167944.0
2017-12-04,107.9499969482422,110.9000015258789,107.9499969482422,108.3499984741211,112660.0
2017-12-05,108.75,108.75,106.5999984741211,107.3000030517578,119509.0
2017-12-06,107.0999984741211,108.9499969482422,106.5999984741211,107.1500015258789,65555.0
2017-12-07,107.6500015258789,109.1500015258789,107.0500030517578,107.5500030517578,61384.0
2017-12-08,108.4000015258789,108.75,97.0,103.3499984741211,1661495.0
2017-12-11,104.1999969482422,108.6500015258789,101.5999984741211,106.0,256998.0
2017-12-12,106.5,113.0,103.0,110.5999984741211,524292.0
2017-12-13,112.6999969482422,113.0,107.6500015258789,108.0999984741211,205965.0
2017-12-14,107.0,110.0,104.1500015258789,108.3000030517578,313325.0
2017-12-15,109.5999984741211,111.5999984741211,108.5,109.0500030517578,83483.0
2017-12-18,109.75,110.5,104.1999969482422,109.0,150170.0
2017-12-19,109.8499984741211,114.9000015258789,109.5,112.9499969482422,702323.0
2017-12-20,113.8499984741211,119.0,112.75,116.6999969482422,712905.0
2017-12-21,117.9499969482422,118.3499984741211,111.6999969482422,112.3499984741211,400740.0
2017-12-22,113.3000030517578,115.0,112.3499984741211,113.3499984741211,151899.0
2017-12-26,114.0,115.0,112.5999984741211,114.25,282316.0
2017-12-27,113.0,116.3000030517578,111.6999969482422,112.9000015258789,347181.0
2017-12-28,113.0999984741211,113.5,110.6999969482422,112.4000015258789,189639.0
2017-12-29,114.0,114.3000030517578,111.25,112.0,83715.0
2018-01-01,113.0,114.0999984741211,110.0,110.6999969482422,147528.0
2018-01-02,110.3499984741211,132.8000030517578,110.3499984741211,128.5,4656054.0
2018-01-03,133.0,136.64999389648438,130.0,131.60000610351562,2321517.0
2018-01-04,132.4499969482422,138.6999969482422,131.5,133.4499969482422,1353161.0
2018-01-05,135.0,137.0,130.64999389648438,133.89999389648438,909266.0
2018-01-08,136.75,153.75,136.75,150.3000030517578,3030209.0
2018-01-09,153.64999389648438,171.8000030517578,148.0,166.14999389648438,5170301.0
2018-01-10,169.9499969482422,176.8000030517578,167.0,169.14999389648438,2372686.0
2018-01-11,168.0,168.6999969482422,155.0,156.85000610351562,1925582.0
2018-01-12,139.89999389648438,150.3000030517578,134.0,141.0,4215882.0
2018-01-15,143.0,148.8000030517578,140.0,141.14999389648438,717789.0
2018-01-16,141.14999389648438,143.4499969482422,130.60000610351562,131.64999389648438,702222.0
2018-01-17,130.9499969482422,134.0,125.25,131.5500030517578,617402.0
2018-01-18,133.6999969482422,136.75,126.5500030517578,127.4499969482422,631916.0
2018-01-19,127.1999969482422,129.64999389648438,125.3000030517578,127.4499969482422,280869.0
2018-01-22,127.4499969482422,132.8000030517578,126.9499969482422,130.25,262767.0
2018-01-23,130.5,131.8000030517578,127.0500030517578,127.75,262765.0
2018-01-24,126.9000015258789,129.6999969482422,126.0,127.5999984741211,193757.0
2018-01-25,126.5500030517578,130.0,124.5,127.3499984741211,444786.0
2018-01-26,,,,,
2018-01-29,128.0,129.89999389648438,122.3000030517578,128.14999389648438,321005.0
2018-01-30,127.0999984741211,129.0,121.0,121.8499984741211,336915.0
2018-01-31,123.0,123.0,111.5999984741211,112.0500030517578,538073.0
2018-02-01,112.0,117.5500030517578,106.5999984741211,110.75,832485.0
2018-02-02,107.1500015258789,109.6500015258789,90.3499984741211,97.6999969482422,648325.0
2018-02-05,94.0,94.9000015258789,82.0,92.3000030517578,822530.0
2018-02-06,84.0,89.5,83.0,88.25,614844.0
2018-02-07,91.0,94.6999969482422,85.5999984741211,86.80000305175781,499127.0
2018-02-08,89.0,93.0,87.0,91.9000015258789,406618.0
2018-02-09,88.6500015258789,110.0,87.0,108.9499969482422,1549041.0
2018-02-12,112.4000015258789,123.0,111.0,114.1500015258789,1327443.0
2018-02-13,,,,,
2018-02-14,118.0999984741211,119.8000030517578,110.0,110.8499984741211,702851.0
2018-02-15,107.6500015258789,113.5,102.75,105.0,487182.0
2018-02-16,105.9000015258789,108.5,100.5,102.0,319058.0
2018-02-19,102.9000015258789,103.5999984741211,96.8000030517578,97.8499984741211,237983.0
2018-02-20,98.5,101.8499984741211,97.0,98.0500030517578,167283.0
2018-02-21,100.0,101.9000015258789,92.75,95.6500015258789,312751.0
2018-02-22,93.6999969482422,98.0,90.1999969482422,93.9499969482422,306966.0
2018-02-23,95.0,96.0,91.6999969482422,92.4499969482422,429286.0
2018-02-26,93.4499969482422,94.9499969482422,89.6500015258789,90.8000030517578,393309.0
2018-02-27,91.5,92.8000030517578,90.0,91.0,510580.0
2018-02-28,90.75,91.8000030517578,86.69999694824219,87.8499984741211,302342.0
2018-03-01,87.80000305175781,90.75,87.55000305175781,88.19999694824219,157034.0
2018-03-02,,,,,
2018-03-05,88.0999984741211,94.0,87.19999694824219,89.1500015258789,538431.0
2018-03-06,90.6999969482422,92.4499969482422,86.6500015258789,87.30000305175781,152941.0
2018-03-07,87.9000015258789,88.19999694824219,82.5999984741211,83.3499984741211,299846.0
2018-03-08,84.19999694824219,86.9000015258789,82.05000305175781,83.9000015258789,430066.0
2018-03-09,85.44999694824219,88.0,84.05000305175781,86.05000305175781,446183.0
2018-03-12,87.5,89.4000015258789,86.05000305175781,88.25,376535.0
2018-03-13,88.05000305175781,103.0,87.30000305175781,96.5,1575287.0
2018-03-14,96.4000015258789,104.5,95.0999984741211,100.3000030517578,886785.0
2018-03-15,100.9499969482422,106.9000015258789,98.0,103.9499969482422,817276.0
2018-03-16,103.0,105.5999984741211,99.1500015258789,101.25,502311.0
2018-03-19,101.0,102.3499984741211,95.0,96.1500015258789,242101.0
2018-03-20,95.0,97.1999969482422,93.4000015258789,94.0500030517578,213642.0
2018-03-21,95.1500015258789,97.6999969482422,92.3000030517578,92.6500015258789,443158.0
2018-03-22,94.25,95.5,88.25,89.30000305175781,288990.0
2018-03-23,87.5,88.0,83.0999984741211,86.25,361931.0
2018-03-26,86.30000305175781,92.9000015258789,86.30000305175781,90.4499969482422,372111.0
2018-03-27,91.5,94.1500015258789,91.0999984741211,91.3000030517578,227628.0
2018-03-28,90.05000305175781,96.3000030517578,87.1500015258789,88.05000305175781,358627.0
2018-03-29,,,,,
2018-04-02,89.0999984741211,92.9000015258789,89.05000305175781,92.3000030517578,222168.0
2018-04-03,91.4499969482422,94.0,90.5500030517578,91.9499969482422,347944.0
2018-04-04,92.5500030517578,93.4499969482422,88.0999984741211,89.44999694824219,248951.0
2018-04-05,90.8499984741211,91.9000015258789,87.6500015258789,89.19999694824219,428044.0
2018-04-06,89.69999694824219,90.4000015258789,87.0,88.69999694824219,272873.0
2018-04-09,89.4000015258789,90.8000030517578,87.80000305175781,89.05000305175781,154746.0
2018-04-10,89.69999694824219,89.8499984741211,87.30000305175781,87.75,157561.0
2018-04-11,88.3499984741211,91.8499984741211,87.19999694824219,90.4000015258789,250708.0
2018-04-12,90.05000305175781,90.75,88.80000305175781,89.30000305175781,105036.0
2018-04-13,89.75,90.1500015258789,87.1500015258789,88.0,91802.0
2018-04-16,87.5999984741211,88.80000305175781,86.9000015258789,87.6500015258789,87431.0
2018-04-17,88.3499984741211,89.5,86.75,87.44999694824219,149120.0
2018-04-18,88.19999694824219,89.5999984741211,87.0999984741211,87.69999694824219,131986.0
2018-04-19,87.69999694824219,88.6500015258789,87.44999694824219,87.75,73605.0
2018-04-20,87.44999694824219,87.75,85.69999694824219,86.5,69271.0
2018-04-23,86.55000305175781,89.5999984741211,85.80000305175781,86.30000305175781,107590.0
2018-04-24,86.5,87.25,85.1500015258789,85.5999984741211,77408.0
2018-04-25,85.4000015258789,86.4000015258789,84.19999694824219,84.55000305175781,88487.0
2018-04-26,84.9000015258789,86.4000015258789,83.6500015258789,83.94999694824219,64731.0
2018-04-27,85.0,85.0,82.4000015258789,82.6500015258789,108825.0
2018-04-30,83.75,83.75,69.4000015258789,72.0999984741211,779692.0
2018-05-01,,,,,
2018-05-02,73.0,74.9000015258789,66.5,68.30000305175781,274661.0
2018-05-03,67.9000015258789,67.9000015258789,55.650001525878906,57.79999923706055,757375.0
2018-05-04,57.20000076293945,63.54999923706055,53.20000076293945,60.45000076293945,992292.0
2018-05-07,61.900001525878906,66.44999694824219,60.5,66.44999694824219,426932.0
2018-05-08,68.4000015258789,71.94999694824219,67.5,67.9000015258789,479286.0
2018-05-09,67.9000015258789,68.55000305175781,65.0,66.25,141747.0
2018-05-10,66.9000015258789,68.4000015258789,64.4000015258789,64.94999694824219,114112.0
2018-05-11,65.9000015258789,65.9000015258789,61.5,61.84999847412109,88875.0
2018-05-14,60.150001525878906,64.44999694824219,58.650001525878906,59.09999847412109,134684.0
2018-05-15,58.0,61.900001525878906,58.0,58.34999847412109,120304.0
2018-05-16,58.75,58.75,56.29999923706055,57.150001525878906,81240.0
2018-05-17,57.5,59.54999923706055,56.70000076293945,56.95000076293945,100180.0
2018-05-18,56.04999923706055,57.70000076293945,54.0,54.70000076293945,73756.0
2018-05-21,54.70000076293945,55.0,51.900001525878906,52.25,96531.0
2018-05-22,52.25,52.25,50.400001525878906,50.84999847412109,101810.0
2018-05-23,51.0,55.900001525878906,50.0,55.900001525878906,392193.0
2018-05-24,57.0,57.900001525878906,52.54999923706055,54.54999923706055,171646.0
2018-05-25,55.84999847412109,59.900001525878906,53.5,59.59999847412109,225519.0
2018-05-28,60.0,64.69999694824219,59.0,64.05000305175781,214185.0
2018-05-29,64.44999694824219,64.5,58.09999847412109,59.5,176144.0
2018-05-30,60.09999847412109,62.900001525878906,58.95000076293945,61.900001525878906,118684.0
2018-05-31,61.0,61.70000076293945,58.0,58.650001525878906,75020.0
2018-06-01,59.650001525878906,61.34999847412109,55.09999847412109,55.900001525878906,86006.0
2018-06-04,56.5,58.25,51.34999847412109,52.400001525878906,103992.0
2018-06-05,51.70000076293945,53.900001525878906,49.79999923706055,50.34999847412109,130812.0
2018-06-06,50.34999847412109,50.59999847412109,48.84999847412109,50.25,187968.0
2018-06-07,51.25,53.34999847412109,50.29999923706055,51.70000076293945,166999.0
2018-06-08,51.95000076293945,53.84999847412109,51.59999847412109,53.400001525878906,95964.0
2018-06-11,53.54999923706055,55.20000076293945,53.54999923706055,54.20000076293945,94827.0
2018-06-12,54.59999847412109,55.900001525878906,49.5,53.29999923706055,130749.0
2018-06-13,53.29999923706055,56.79999923706055,53.29999923706055,54.25,98945.0
2018-06-14,53.70000076293945,55.70000076293945,53.5,55.150001525878906,80595.0
2018-06-15,55.84999847412109,55.900001525878906,49.650001525878906,54.34999847412109,89371.0
2018-06-18,53.0,54.0,52.59999847412109,53.0,116979.0
2018-06-19,53.04999923706055,54.0,50.59999847412109,51.45000076293945,91826.0
2018-06-20,51.54999923706055,53.0,51.5,52.0,42020.0
2018-06-21,52.0,52.900001525878906,50.54999923706055,52.04999923706055,61867.0
2018-06-22,52.70000076293945,52.70000076293945,50.5,51.25,48345.0
2018-06-25,50.5,51.400001525878906,50.400001525878906,50.45000076293945,52180.0
2018-06-26,51.29999923706055,51.29999923706055,49.09999847412109,49.650001525878906,47756.0
2018-06-27,49.75,50.59999847412109,46.04999923706055,48.150001525878906,113968.0
2018-06-28,48.150001525878906,49.900001525878906,46.25,48.95000076293945,167644.0
2018-06-29,48.79999923706055,50.5,47.70000076293945,48.20000076293945,123885.0
2018-07-02,48.25,49.34999847412109,47.25,47.95000076293945,57595.0
2018-07-03,48.25,48.95000076293945,45.75,46.04999923706055,84737.0
2018-07-04,46.04999923706055,47.29999923706055,44.04999923706055,45.45000076293945,60663.0
2018-07-05,45.45000076293945,45.45000076293945,44.09999847412109,44.79999923706055,36692.0
2018-07-06,45.45000076293945,45.45000076293945,44.0,44.5,52256.0
2018-07-09,44.84999847412109,45.04999923706055,42.20000076293945,42.70000076293945,116026.0
2018-07-10,42.5,46.95000076293945,42.5,46.95000076293945,223772.0
2018-07-11,47.09999847412109,51.5,47.09999847412109,50.150001525878906,299111.0
2018-07-12,50.95000076293945,51.95000076293945,47.70000076293945,48.09999847412109,113431.0
2018-07-13,49.29999923706055,49.29999923706055,44.79999923706055,44.95000076293945,61668.0
2018-07-16,44.95000076293945,45.04999923706055,42.25,43.0,105851.0
2018-07-17,43.0,44.900001525878906,42.84999847412109,43.45000076293945,73806.0
2018-07-18,44.900001525878906,44.900001525878906,41.29999923706055,41.79999923706055,69904.0
2018-07-19,41.79999923706055,42.04999923706055,37.650001525878906,37.75,257076.0
2018-07-20,37.0,39.34999847412109,36.04999923706055,38.09999847412109,113037.0
2018-07-23,39.0,39.84999847412109,38.400001525878906,39.45000076293945,58977.0
2018-07-24,39.45000076293945,41.400001525878906,39.09999847412109,41.25,66011.0
2018-07-25,41.29999923706055,42.0,39.29999923706055,39.650001525878906,59310.0
2018-07-26,39.900001525878906,39.95000076293945,38.20000076293945,38.5,40674.0
2018-07-27,39.0,40.400001525878906,39.0,40.20000076293945,70552.0
2018-07-30,40.0,41.70000076293945,39.84999847412109,40.45000076293945,47069.0
2018-07-31,42.45000076293945,42.45000076293945,41.0,42.45000076293945,147136.0
2018-08-01,44.54999923706055,44.54999923706055,44.54999923706055,44.54999923706055,23622.0
2018-08-02,46.75,46.75,46.75,46.75,15806.0
2018-08-03,49.04999923706055,49.04999923706055,45.59999847412109,48.900001525878906,587095.0
2018-08-06,51.29999923706055,51.29999923706055,51.29999923706055,51.29999923706055,94095.0
2018-08-07,53.84999847412109,53.84999847412109,51.900001525878906,52.29999923706055,284461.0
2018-08-08,53.900001525878906,53.900001525878906,49.70000076293945,49.84999847412109,121768.0
2018-08-09,50.04999923706055,51.79999923706055,49.0,49.95000076293945,66600.0
2018-08-10,50.0,50.45000076293945,47.5,47.54999923706055,73198.0
2018-08-13,46.04999923706055,47.0,45.20000076293945,45.34999847412109,45811.0
2018-08-14,43.34999847412109,44.900001525878906,43.150001525878906,43.29999923706055,55503.0
2018-08-15,,,,,
2018-08-16,41.150001525878906,41.150001525878906,41.150001525878906,41.150001525878906,31255.0
2018-08-17,39.25,43.20000076293945,39.25,42.09999847412109,301898.0
2018-08-20,42.54999923706055,44.20000076293945,40.25,42.95000076293945,185700.0
2018-08-21,44.0,44.95000076293945,43.0,44.45000076293945,63375.0
2018-08-22,,,,,
2018-08-23,45.400001525878906,45.79999923706055,42.29999923706055,42.95000076293945,114658.0
2018-08-24,42.20000076293945,43.5,41.09999847412109,42.54999923706055,100107.0
2018-08-27,42.84999847412109,44.5,42.75,43.650001525878906,63937.0
2018-08-28,43.04999923706055,43.400001525878906,42.5,43.150001525878906,25440.0
2018-08-29,43.150001525878906,43.79999923706055,42.150001525878906,43.34999847412109,39274.0
2018-08-30,43.45000076293945,44.5,42.59999847412109,43.0,32253.0
2018-08-31,43.04999923706055,43.04999923706055,42.0,42.150001525878906,39038.0
2018-09-03,42.150001525878906,44.25,41.95000076293945,42.29999923706055,206842.0
2018-09-04,42.900001525878906,42.95000076293945,41.0,41.650001525878906,31130.0
2018-09-05,42.0,42.04999923706055,40.0,40.25,50077.0
2018-09-06,40.09999847412109,42.25,40.09999847412109,42.25,92738.0
2018-09-07,43.79999923706055,43.79999923706055,41.900001525878906,42.29999923706055,65258.0
2018-09-10,42.400001525878906,43.900001525878906,41.0,41.59999847412109,58899.0
2018-09-11,42.45000076293945,43.0,41.0,41.5,56835.0
2018-09-12,41.900001525878906,42.5,40.400001525878906,41.400001525878906,41876.0
2018-09-13,,,,,
2018-09-14,41.84999847412109,41.84999847412109,41.09999847412109,41.20000076293945,23042.0
2018-09-17,42.20000076293945,42.25,40.650001525878906,40.900001525878906,29972.0
2018-09-18,41.70000076293945,41.70000076293945,39.900001525878906,40.0,24687.0
2018-09-19,40.0,40.70000076293945,38.20000076293945,39.0,43500.0
2018-09-20,,,,,
2018-09-21,39.900001525878906,39.900001525878906,37.04999923706055,38.34999847412109,94506.0
2018-09-24,39.95000076293945,39.95000076293945,36.45000076293945,36.5,43297.0
2018-09-25,37.900001525878906,37.900001525878906,35.54999923706055,36.84999847412109,68213.0
2018-09-26,37.04999923706055,37.59999847412109,35.349998474121094,35.54999923706055,22392.0
2018-09-27,35.70000076293945,36.45000076293945,34.79999923706055,36.0,50757.0
2018-09-28,36.04999923706055,36.04999923706055,34.20000076293945,34.25,52475.0
2018-10-01,33.04999923706055,33.29999923706055,32.54999923706055,32.70000076293945,47826.0
2018-10-02,,,,,
2018-10-03,33.5,34.29999923706055,31.700000762939453,34.29999923706055,33522.0
2018-10-04,34.0,35.099998474121094,32.599998474121094,33.0,57562.0
2018-10-05,33.0,33.95000076293945,31.5,31.899999618530277,33222.0
2018-10-08,30.200000762939453,33.0,29.649999618530277,30.700000762939453,53003.0
2018-10-09,31.049999237060547,33.75,30.350000381469727,32.20000076293945,58846.0
2018-10-10,33.25,35.400001525878906,31.299999237060547,34.95000076293945,64269.0
2018-10-11,34.900001525878906,34.900001525878906,33.0,33.25,31677.0
2018-10-12,33.79999923706055,35.900001525878906,33.79999923706055,35.29999923706055,36156.0
2018-10-15,36.0,36.5,34.650001525878906,36.29999923706055,24497.0
2018-10-16,36.79999923706055,39.900001525878906,36.20000076293945,39.75,93373.0
2018-10-17,41.400001525878906,41.70000076293945,37.79999923706055,38.34999847412109,99487.0
2018-10-18,,,,,
2018-10-19,38.400001525878906,39.20000076293945,37.0,38.20000076293945,36074.0
2018-10-22,38.34999847412109,39.900001525878906,36.5,36.900001525878906,31547.0
2018-10-23,36.0,38.400001525878906,35.150001525878906,35.5,43847.0
2018-10-24,38.45000076293945,38.45000076293945,34.95000076293945,35.45000076293945,32605.0
2018-10-25,34.900001525878906,35.5,34.20000076293945,34.95000076293945,26826.0
2018-10-26,34.04999923706055,34.900001525878906,33.0,33.900001525878906,21444.0
2018-10-29,37.0,37.0,33.849998474121094,35.349998474121094,29169.0
2018-10-30,35.20000076293945,36.0,34.04999923706055,34.900001525878906,28623.0
2018-10-31,34.900001525878906,35.5,34.04999923706055,34.79999923706055,22629.0
2018-11-01,34.79999923706055,35.400001525878906,32.0,35.04999923706055,29627.0
2018-11-02,35.25,37.70000076293945,34.20000076293945,34.650001525878906,57106.0
2018-11-05,36.25,36.25,33.0,33.349998474121094,52896.0
2018-11-06,33.70000076293945,35.900001525878906,33.599998474121094,34.75,45849.0
2018-11-07,35.650001525878906,35.79999923706055,33.599998474121094,34.5,17674.0
2018-11-08,,,,,
2018-11-09,34.5,35.5,32.70000076293945,33.349998474121094,68152.0
2018-11-12,33.849998474121094,34.900001525878906,32.900001525878906,33.400001525878906,74858.0
2018-11-13,33.150001525878906,34.20000076293945,32.5,32.95000076293945,70267.0
2018-11-14,33.29999923706055,34.45000076293945,32.79999923706055,32.900001525878906,52690.0
2018-11-15,32.099998474121094,33.70000076293945,31.799999237060547,32.849998474121094,73948.0
2018-11-16,32.849998474121094,33.25,32.099998474121094,32.349998474121094,33735.0
2018-11-19,32.900001525878906,33.0,31.950000762939453,32.849998474121094,36607.0
2018-11-20,32.04999923706055,32.849998474121094,31.600000381469727,32.0,29194.0
2018-11-21,31.850000381469727,32.04999923706055,30.399999618530277,31.299999237060547,47485.0
2018-11-22,31.049999237060547,32.54999923706055,28.600000381469727,30.0,80256.0
2018-11-23,,,,,
2018-11-26,30.299999237060547,30.299999237060547,28.799999237060547,29.600000381469727,44345.0
2018-11-27,29.149999618530277,30.0,27.600000381469727,27.950000762939453,55920.0
2018-11-28,28.450000762939453,30.549999237060547,26.850000381469727,27.700000762939453,162530.0
2018-11-29,28.399999618530277,28.950000762939453,27.100000381469727,27.399999618530277,67850.0
2018-11-30,27.399999618530277,28.0,24.700000762939453,24.75,225635.0
2018-12-03,25.450000762939453,25.950000762939453,23.799999237060547,25.950000762939453,111345.0
2018-12-04,26.799999237060547,27.200000762939453,24.700000762939453,27.200000762939453,76626.0
2018-12-05,27.700000762939453,28.549999237060547,27.5,28.549999237060547,158947.0
2018-12-06,29.399999618530277,29.5,27.149999618530277,27.350000381469727,93894.0
2018-12-07,27.149999618530277,27.600000381469727,26.299999237060547,26.649999618530277,46919.0
2018-12-10,26.350000381469727,26.899999618530277,25.350000381469727,25.350000381469727,63662.0
2018-12-11,25.299999237060547,26.25,24.5,25.549999237060547,67041.0
2018-12-12,26.350000381469727,26.799999237060547,25.549999237060547,26.799999237060547,57543.0
2018-12-13,27.950000762939453,28.100000381469727,26.700000762939453,26.899999618530277,96890.0
2018-12-14,26.299999237060547,27.399999618530277,26.25,26.549999237060547,52606.0
2018-12-17,26.549999237060547,26.950000762939453,26.200000762939453,26.399999618530277,22960.0
2018-12-18,26.399999618530277,27.25,26.299999237060547,26.850000381469727,34334.0
2018-12-19,27.700000762939453,27.700000762939453,26.850000381469727,27.5,22149.0
2018-12-20,27.350000381469727,28.850000381469727,27.350000381469727,28.850000381469727,47400.0
2018-12-21,29.25,29.25,27.5,28.399999618530277,41720.0
2018-12-24,28.5,28.899999618530277,28.049999237060547,28.399999618530277,17477.0
2018-12-26,28.0,28.799999237060547,27.549999237060547,28.200000762939453,25334.0
2018-12-27,28.950000762939453,28.950000762939453,27.200000762939453,28.549999237060547,39096.0
2018-12-28,28.899999618530277,29.549999237060547,27.799999237060547,28.350000381469727,83932.0
2018-12-31,28.149999618530277,29.0,27.549999237060547,28.600000381469727,73804.0
2019-01-01,28.549999237060547,29.25,27.950000762939453,28.600000381469727,59390.0
2019-01-02,29.25,29.25,28.200000762939453,28.299999237060547,27772.0
2019-01-03,28.75,28.75,27.75,27.950000762939453,22104.0
2019-01-04,28.100000381469727,28.899999618530277,27.600000381469727,28.0,54065.0
2019-01-07,28.0,28.600000381469727,28.0,28.149999618530277,23277.0
2019-01-08,28.450000762939453,28.5,27.700000762939453,28.149999618530277,16623.0
2019-01-09,28.350000381469727,28.350000381469727,27.0,27.549999237060547,61820.0
2019-01-10,27.049999237060547,27.649999618530277,27.049999237060547,27.200000762939453,19588.0
2019-01-11,27.700000762939453,27.950000762939453,26.700000762939453,27.049999237060547,16300.0
2019-01-14,27.0,27.649999618530277,26.100000381469727,26.299999237060547,36730.0
2019-01-15,26.149999618530277,27.0,25.0,25.0,194898.0
2019-01-16,25.0,25.5,24.600000381469727,25.0,49636.0
2019-01-17,25.049999237060547,26.25,25.049999237060547,26.25,81104.0
2019-01-18,26.350000381469727,27.549999237060547,26.25,27.549999237060547,80607.0
2019-01-21,28.75,28.799999237060547,26.200000762939453,26.399999618530277,315251.0
2019-01-22,27.149999618530277,27.149999618530277,25.100000381469727,25.100000381469727,205657.0
2019-01-23,24.399999618530277,24.899999618530277,23.850000381469727,23.850000381469727,169348.0
2019-01-24,23.75,24.950000762939453,22.75,24.200000762939453,93439.0
2019-01-25,24.049999237060547,24.5,23.0,23.0,251512.0
2019-01-28,23.649999618530277,23.649999618530277,21.850000381469727,22.0,102601.0
2019-01-29,22.049999237060547,23.100000381469727,21.5,23.100000381469727,167741.0
2019-01-30,24.149999618530277,24.200000762939453,21.950000762939453,22.25,136562.0
2019-01-31,22.799999237060547,23.350000381469727,22.0,23.100000381469727,77306.0
2019-02-01,23.899999618530277,24.25,23.0,24.25,123767.0
2019-02-04,25.450000762939453,25.450000762939453,23.950000762939453,25.200000762939453,199975.0
2019-02-05,25.850000381469727,26.049999237060547,23.950000762939453,24.299999237060547,164831.0
2019-02-06,24.600000381469727,25.5,23.899999618530277,25.149999618530277,88971.0
2019-02-07,25.149999618530277,26.850000381469727,24.75,25.149999618530277,129101.0
2019-02-08,24.350000381469727,25.899999618530277,23.899999618530277,24.100000381469727,51166.0
2019-02-11,24.299999237060547,26.450000762939453,24.200000762939453,25.649999618530277,97807.0
2019-02-12,26.950000762939453,27.450000762939453,25.450000762939453,26.149999618530277,97730.0
2019-02-13,,,,,
2019-02-14,25.299999237060547,26.799999237060547,25.25,25.950000762939453,27363.0
2019-02-15,25.299999237060547,26.0,25.200000762939453,25.350000381469727,21458.0
2019-02-18,25.850000381469727,26.799999237060547,25.5,26.25,48729.0
2019-02-19,26.25,27.350000381469727,25.799999237060547,26.899999618530277,32999.0
2019-02-20,26.850000381469727,29.25,26.700000762939453,28.799999237060547,200970.0
2019-02-21,29.25,29.25,26.0,26.700000762939453,174656.0
2019-02-22,26.700000762939453,27.25,24.899999618530277,25.600000381469727,277540.0
2019-02-25,26.0,26.399999618530277,25.399999618530277,26.049999237060547,111537.0
2019-02-26,25.5,25.850000381469727,25.299999237060547,25.450000762939453,44161.0
2019-02-27,25.399999618530277,25.950000762939453,24.75,25.100000381469727,50557.0
2019-02-28,25.5,26.5,25.200000762939453,26.350000381469727,56134.0
2019-03-01,26.450000762939453,28.25,26.049999237060547,27.850000381469727,102050.0
2019-03-04,,,,,
2019-03-05,27.100000381469727,30.600000381469727,27.100000381469727,28.75,471010.0
2019-03-06,29.700000762939453,29.700000762939453,28.649999618530277,29.350000381469727,71992.0
2019-03-07,29.5,31.0,29.5,30.149999618530277,135760.0
2019-03-08,30.899999618530277,31.600000381469727,29.049999237060547,30.399999618530277,84789.0
2019-03-11,30.950000762939453,32.650001525878906,30.100000381469727,31.850000381469727,117153.0
2019-03-12,32.79999923706055,33.849998474121094,32.0,33.54999923706055,106258.0
2019-03-13,34.79999923706055,34.79999923706055,32.849998474121094,33.5,141598.0
2019-03-14,34.400001525878906,34.400001525878906,32.75,32.79999923706055,64862.0
2019-03-15,32.150001525878906,33.349998474121094,31.600000381469727,31.799999237060547,49272.0
2019-03-18,31.350000381469727,31.850000381469727,30.5,30.950000762939453,41835.0
2019-03-19,29.799999237060547,32.75,29.200000762939453,32.150001525878906,99093.0
2019-03-20,32.150001525878906,32.849998474121094,29.700000762939453,30.399999618530277,147111.0
2019-03-21,,,,,
2019-03-22,29.600000381469727,30.25,28.75,29.100000381469727,80586.0
2019-03-25,28.200000762939453,29.799999237060547,27.899999618530277,28.200000762939453,69904.0
2019-03-26,28.799999237060547,28.899999618530277,27.600000381469727,28.649999618530277,123768.0
2019-03-27,28.850000381469727,29.049999237060547,25.799999237060547,26.200000762939453,475840.0
2019-03-28,26.0,26.799999237060547,25.0,26.200000762939453,222700.0
2019-03-29,,,,,
2019-04-01,26.049999237060547,27.850000381469727,25.549999237060547,27.5,141504.0
2019-04-02,27.399999618530277,28.950000762939453,26.850000381469727,26.950000762939453,74384.0
2019-04-03,27.350000381469727,27.399999618530277,25.899999618530277,26.0,44787.0
2019-04-04,26.5,26.5,24.700000762939453,25.700000762939453,111854.0
2019-04-05,26.100000381469727,27.600000381469727,26.049999237060547,27.350000381469727,138079.0
2019-04-08,27.399999618530277,27.700000762939453,26.700000762939453,27.100000381469727,61733.0
2019-04-09,27.850000381469727,27.850000381469727,26.799999237060547,27.200000762939453,55331.0
2019-04-10,26.899999618530277,26.899999618530277,26.200000762939453,26.450000762939453,26715.0
2019-04-11,26.649999618530277,27.0,26.5,26.850000381469727,23491.0
2019-04-12,26.950000762939453,27.350000381469727,26.350000381469727,26.600000381469727,56689.0
2019-04-15,27.5,27.5,26.200000762939453,26.549999237060547,53489.0
2019-04-16,27.0,27.0,25.649999618530277,26.049999237060547,53816.0
2019-04-17,,,,,
2019-04-18,26.700000762939453,26.700000762939453,25.600000381469727,25.75,34369.0
2019-04-22,25.200000762939453,26.0,25.200000762939453,25.5,28965.0
2019-04-23,25.450000762939453,25.950000762939453,24.600000381469727,24.850000381469727,31519.0
2019-04-24,24.799999237060547,25.5,24.399999618530277,24.950000762939453,21231.0
2019-04-25,25.5,25.5,24.100000381469727,24.399999618530277,37353.0
2019-04-26,24.5,25.149999618530277,24.049999237060547,24.75,25522.0
2019-04-29,,,,,
2019-04-30,24.5,24.75,24.0,24.25,31970.0
2019-05-01,,,,,
2019-05-02,24.25,25.350000381469727,23.899999618530277,24.799999237060547,54597.0
2019-05-03,24.5,25.600000381469727,24.5,24.799999237060547,16445.0
2019-05-06,24.049999237060547,24.899999618530277,23.75,24.299999237060547,17784.0
2019-05-07,25.149999618530277,25.149999618530277,23.600000381469727,23.850000381469727,19489.0
2019-05-08,23.700000762939453,24.350000381469727,23.399999618530277,23.549999237060547,27830.0
2019-05-09,23.899999618530277,24.75,23.299999237060547,23.350000381469727,27450.0
2019-05-10,23.950000762939453,24.0,23.299999237060547,23.399999618530277,11189.0
2019-05-13,23.149999618530277,23.399999618530277,22.0,22.149999618530277,67786.0
2019-05-14,23.100000381469727,23.100000381469727,21.5,22.049999237060547,29869.0
2019-05-15,22.649999618530277,23.049999237060547,21.700000762939453,21.799999237060547,30121.0
2019-05-16,21.700000762939453,22.399999618530277,21.049999237060547,21.149999618530277,37726.0
2019-05-17,21.100000381469727,22.899999618530277,20.799999237060547,22.100000381469727,46621.0
2019-05-20,22.899999618530277,25.799999237060547,22.899999618530277,24.700000762939453,91981.0
2019-05-21,24.649999618530277,25.799999237060547,23.5,23.950000762939453,59989.0
2019-05-22,24.049999237060547,25.0,23.25,24.0,71023.0
2019-05-23,25.25,25.25,23.399999618530277,23.600000381469727,59935.0
2019-05-24,23.149999618530277,24.0,23.0,23.950000762939453,53494.0
2019-05-27,23.899999618530277,24.0,23.5,23.799999237060547,119222.0
2019-05-28,23.600000381469727,24.0,23.600000381469727,23.850000381469727,28199.0
2019-05-29,23.0,25.0,23.0,23.649999618530277,138478.0
2019-05-30,22.25,22.25,19.0,19.399999618530277,837730.0
2019-05-31,20.100000381469727,23.25,20.0,23.25,835449.0
2019-06-03,24.049999237060547,27.899999618530277,24.049999237060547,27.899999618530277,947760.0
2019-06-04,28.950000762939453,33.45000076293945,28.600000381469727,33.349998474121094,2044336.0
2019-06-05,,,,,
2019-06-06,33.45000076293945,36.400001525878906,30.049999237060547,34.79999923706055,1407169.0
2019-06-07,34.70000076293945,36.0,32.400001525878906,34.349998474121094,557094.0
2019-06-10,35.0,36.900001525878906,34.349998474121094,35.0,332532.0
2019-06-11,34.0,36.20000076293945,31.799999237060547,32.20000076293945,241016.0
2019-06-12,32.20000076293945,33.79999923706055,30.149999618530277,30.549999237060547,228653.0
2019-06-13,29.899999618530277,31.399999618530277,27.600000381469727,27.75,225016.0
2019-06-14,27.5,28.950000762939453,26.549999237060547,26.799999237060547,119019.0
2019-06-17,26.399999618530277,28.100000381469727,25.799999237060547,28.100000381469727,177907.0
2019-06-18,29.149999618530277,29.5,28.5,29.5,24961.0
2019-06-19,30.950000762939453,30.950000762939453,29.5,30.649999618530277,327225.0
2019-06-20,29.799999237060547,29.850000381469727,29.149999618530277,29.149999618530277,126039.0
2019-06-21,29.0,30.0,27.700000762939453,28.649999618530277,225941.0
2019-06-24,28.649999618530277,29.450000762939453,27.600000381469727,28.200000762939453,45286.0
2019-06-25,28.950000762939453,28.950000762939453,27.25,27.850000381469727,46459.0
2019-06-26,27.450000762939453,28.5,27.299999237060547,27.649999618530277,26896.0
2019-06-27,27.600000381469727,28.25,27.100000381469727,27.25,39630.0
2019-06-28,27.350000381469727,27.799999237060547,26.899999618530277,27.0,35142.0
2019-07-01,28.049999237060547,28.049999237060547,26.399999618530277,26.600000381469727,38751.0
2019-07-02,26.5,27.899999618530277,26.200000762939453,27.75,67195.0
2019-07-03,27.899999618530277,29.049999237060547,27.299999237060547,28.700000762939453,82382.0
2019-07-04,28.100000381469727,29.399999618530277,28.049999237060547,28.700000762939453,57968.0
2019-07-05,29.399999618530277,29.399999618530277,27.5,27.850000381469727,62741.0
2019-07-08,28.5,28.5,26.5,26.5,41355.0
2019-07-09,26.549999237060547,26.75,25.25,25.75,53677.0
2019-07-10,26.799999237060547,26.799999237060547,24.700000762939453,24.899999618530277,32787.0
2019-07-11,25.799999237060547,25.799999237060547,24.5,25.149999618530277,23679.0
2019-07-12,24.600000381469727,25.5,24.450000762939453,24.75,27349.0
2019-07-15,24.549999237060547,25.200000762939453,24.299999237060547,24.399999618530277,22599.0
2019-07-16,24.049999237060547,25.0,24.049999237060547,24.799999237060547,30798.0
2019-07-17,25.25,25.399999618530277,24.5,24.649999618530277,33993.0
2019-07-18,24.149999618530277,24.5,23.549999237060547,23.600000381469727,24160.0
2019-07-19,23.600000381469727,23.899999618530277,22.450000762939453,22.450000762939453,68630.0
2019-07-22,22.0,22.149999618530277,21.350000381469727,21.350000381469727,57043.0
2019-07-23,21.0,21.950000762939453,20.299999237060547,20.600000381469727,74041.0
2019-07-24,20.600000381469727,21.600000381469727,19.899999618530277,20.299999237060547,184773.0
2019-07-25,20.399999618530277,20.649999618530277,20.100000381469727,20.200000762939453,39398.0
2019-07-26,20.700000762939453,20.700000762939453,19.299999237060547,19.75,42398.0
2019-07-29,20.5,20.5,18.799999237060547,18.799999237060547,86412.0
2019-07-30,18.75,19.649999618530277,18.100000381469727,19.0,122111.0
2019-07-31,19.5,19.5,18.049999237060547,18.25,105406.0
2019-08-01,18.700000762939453,18.700000762939453,17.450000762939453,17.899999618530273,31635.0
2019-08-02,18.299999237060547,18.299999237060547,17.149999618530273,17.549999237060547,52679.0
2019-08-05,17.5,17.5,16.700000762939453,16.700000762939453,52128.0
2019-08-06,16.049999237060547,17.5,16.049999237060547,17.299999237060547,123597.0
2019-08-07,16.799999237060547,18.149999618530277,16.799999237060547,18.149999618530277,79624.0
2019-08-08,18.399999618530277,19.049999237060547,18.149999618530277,19.049999237060547,125793.0
2019-08-09,19.649999618530277,20.0,19.600000381469727,20.0,32685.0
2019-08-12,,,,,
2019-08-13,20.799999237060547,21.0,20.549999237060547,21.0,58526.0
2019-08-14,21.700000762939453,22.049999237060547,21.0,22.049999237060547,196924.0
2019-08-15,,,,,
2019-08-16,22.649999618530277,22.649999618530277,21.0,21.350000381469727,91407.0
2019-08-19,21.850000381469727,21.850000381469727,20.299999237060547,20.450000762939453,34705.0
2019-08-20,20.450000762939453,20.850000381469727,19.649999618530277,19.75,18604.0
2019-08-21,19.700000762939453,19.700000762939453,18.799999237060547,18.799999237060547,36008.0
2019-08-22,18.0,18.299999237060547,17.899999618530273,17.899999618530273,23962.0
2019-08-23,17.049999237060547,18.299999237060547,17.049999237060547,17.950000762939453,40588.0
2019-08-26,18.799999237060547,18.799999237060547,17.549999237060547,18.0,47882.0
2019-08-27,18.600000381469727,18.899999618530277,17.899999618530273,18.899999618530277,37208.0
2019-08-28,19.399999618530277,19.799999237060547,18.549999237060547,19.25,56195.0
2019-08-29,19.149999618530277,19.5,18.299999237060547,18.450000762939453,43347.0
2019-08-30,19.0,19.200000762939453,18.149999618530277,19.0,50311.0
2019-09-03,19.399999618530277,19.850000381469727,18.649999618530277,19.450000762939453,43708.0
2019-09-04,19.899999618530277,20.399999618530277,19.299999237060547,20.299999237060547,33404.0
2019-09-05,21.149999618530277,21.149999618530277,19.850000381469727,20.149999618530277,16321.0
2019-09-06,20.0,20.700000762939453,20.0,20.149999618530277,26215.0
2019-09-09,20.5,20.700000762939453,19.149999618530277,19.25,68090.0
2019-09-10,,,,,
2019-09-11,18.799999237060547,19.799999237060547,18.5,18.850000381469727,80628.0
2019-09-12,19.0,19.75,19.0,19.5,26155.0
2019-09-13,19.25,20.450000762939453,19.100000381469727,20.149999618530277,40113.0
2019-09-16,20.149999618530277,20.899999618530277,19.799999237060547,20.200000762939453,17037.0
2019-09-17,20.25,20.75,20.0,20.149999618530277,20329.0
2019-09-18,20.049999237060547,21.149999618530277,20.0,21.149999618530277,45054.0
2019-09-19,21.700000762939453,21.700000762939453,20.450000762939453,20.649999618530277,30485.0
2019-09-20,20.850000381469727,21.450000762939453,20.149999618530277,21.149999618530277,50927.0
2019-09-23,22.0,22.200000762939453,20.700000762939453,21.200000762939453,35370.0
2019-09-24,20.600000381469727,21.399999618530277,20.149999618530277,20.200000762939453,59318.0
2019-09-25,20.100000381469727,20.350000381469727,19.399999618530277,19.700000762939453,19977.0
2019-09-26,20.299999237060547,20.649999618530277,19.600000381469727,20.600000381469727,196885.0
2019-09-27,20.950000762939453,21.200000762939453,20.25,20.75,39919.0
2019-09-30,21.350000381469727,21.350000381469727,20.049999237060547,20.25,75142.0
2019-10-01,20.649999618530277,20.649999618530277,19.5,19.700000762939453,23762.0
2019-10-02,,,,,
2019-10-03,20.200000762939453,20.649999618530277,18.799999237060547,20.25,35373.0
2019-10-04,20.950000762939453,21.25,20.0,21.200000762939453,54807.0
2019-10-07,22.0,22.0,20.149999618530277,20.299999237060547,18224.0
2019-10-08,,,,,
2019-10-09,20.299999237060547,20.799999237060547,19.899999618530277,20.450000762939453,26957.0
2019-10-10,21.149999618530277,21.299999237060547,20.200000762939453,20.549999237060547,123770.0
2019-10-11,20.350000381469727,21.0,19.75,19.950000762939453,37480.0
2019-10-14,19.899999618530277,21.149999618530277,19.649999618530277,20.899999618530277,40117.0
2019-10-15,20.850000381469727,21.299999237060547,19.75,20.25,18520.0
2019-10-16,19.950000762939453,20.5,19.75,20.25,29300.0
2019-10-17,19.700000762939453,20.600000381469727,19.5,19.899999618530277,77868.0
2019-10-18,19.649999618530277,20.799999237060547,19.5,20.399999618530277,63602.0
2019-10-21,,,,,
2019-10-22,20.149999618530277,21.450000762939453,20.149999618530277,21.0,90012.0
2019-10-23,21.700000762939453,21.700000762939453,19.75,20.0,70236.0
2019-10-24,20.649999618530277,20.649999618530277,19.850000381469727,19.950000762939453,83286.0
2019-10-25,19.899999618530277,20.399999618530277,19.799999237060547,20.299999237060547,66918.0
2019-10-27,20.649999618530277,20.649999618530277,18.299999237060547,20.100000381469727,24755.0
2019-10-28,,,,,
2019-10-29,20.100000381469727,20.549999237060547,20.0,20.25,53045.0
2019-10-30,21.0,21.399999618530277,20.200000762939453,21.200000762939453,46755.0
2019-10-31,21.700000762939453,23.299999237060547,20.700000762939453,23.299999237060547,154696.0
2019-11-01,24.5,25.600000381469727,24.5,25.600000381469727,145779.0
2019-11-04,26.299999237060547,26.850000381469727,26.299999237060547,26.850000381469727,56984.0
2019-11-05,28.149999618530277,28.149999618530277,25.549999237060547,25.700000762939453,272846.0
2019-11-06,26.950000762939453,26.950000762939453,26.950000762939453,26.950000762939453,52947.0
2019-11-07,28.25,28.25,25.649999618530277,25.649999618530277,190497.0
2019-11-08,26.399999618530277,26.399999618530277,24.450000762939453,24.899999618530277,56244.0
2019-11-11,25.0,25.649999618530277,23.700000762939453,23.700000762939453,42280.0
2019-11-12,,,,,
2019-11-13,23.899999618530277,23.899999618530277,22.549999237060547,22.549999237060547,58528.0
2019-11-14,21.450000762939453,23.649999618530277,21.450000762939453,23.649999618530277,67001.0
2019-11-15,24.5,24.799999237060547,22.850000381469727,23.600000381469727,213280.0
2019-11-18,24.0,24.149999618530277,22.450000762939453,22.5,155838.0
2019-11-19,22.5,22.799999237060547,21.399999618530277,21.600000381469727,150148.0
2019-11-20,21.049999237060547,22.649999618530277,21.049999237060547,22.5,73012.0
2019-11-21,21.799999237060547,23.399999618530277,21.799999237060547,23.350000381469727,44212.0
2019-11-22,23.0,23.899999618530277,22.299999237060547,22.350000381469727,32594.0
2019-11-25,23.0,23.0,21.5,22.100000381469727,155206.0
2019-11-26,23.200000762939453,23.200000762939453,22.600000381469727,22.899999618530277,170973.0
2019-11-27,23.350000381469727,23.350000381469727,22.549999237060547,22.799999237060547,21885.0
2019-11-28,23.049999237060547,23.899999618530277,23.0,23.899999618530277,98393.0
2019-11-29,24.75,24.850000381469727,23.100000381469727,24.299999237060547,60984.0
2019-12-02,25.049999237060547,25.049999237060547,23.75,24.049999237060547,24897.0
2019-12-03,24.600000381469727,24.600000381469727,23.149999618530277,23.350000381469727,77307.0
2019-12-04,22.950000762939453,23.75,22.600000381469727,23.049999237060547,50166.0
2019-12-05,23.899999618530277,23.899999618530277,22.75,23.149999618530277,68989.0
2019-12-06,23.0,24.5,22.75,23.75,53048.0
2019-12-09,24.5,24.5,23.100000381469727,23.399999618530277,24547.0
2019-12-10,23.0,24.0,22.700000762939453,23.100000381469727,35845.0
2019-12-11,23.600000381469727,23.700000762939453,22.0,22.25,31727.0
2019-12-12,23.149999618530277,23.149999618530277,21.549999237060547,22.649999618530277,33476.0
2019-12-13,23.5,23.5,22.399999618530277,22.5,42593.0
2019-12-16,22.399999618530277,23.0,22.399999618530277,22.450000762939453,18653.0
2019-12-17,22.25,22.799999237060547,22.0,22.200000762939453,19018.0
2019-12-18,22.5,22.600000381469727,21.899999618530277,22.149999618530277,32436.0
2019-12-19,22.049999237060547,23.350000381469727,22.049999237060547,22.799999237060547,43456.0
2019-12-20,22.149999618530277,22.799999237060547,22.149999618530277,22.450000762939453,29735.0
2019-12-23,22.950000762939453,22.950000762939453,21.600000381469727,22.049999237060547,79418.0
2019-12-24,21.950000762939453,22.649999618530277,21.950000762939453,22.450000762939453,40389.0
2019-12-26,21.25,23.0,21.25,22.100000381469727,22148.0
2019-12-27,22.149999618530277,22.75,22.149999618530277,22.399999618530277,17472.0
2019-12-30,22.149999618530277,22.399999618530277,21.5,22.149999618530277,50911.0
2019-12-31,22.0,22.600000381469727,21.799999237060547,22.399999618530277,22513.0
2020-01-01,22.0,22.850000381469727,22.0,22.100000381469727,21135.0
2020-01-02,22.149999618530277,22.75,22.0,22.350000381469727,37094.0
2020-01-03,22.25,22.700000762939453,22.200000762939453,22.450000762939453,45710.0
2020-01-06,22.450000762939453,24.649999618530277,22.0,24.450000762939453,214518.0
2020-01-07,25.950000762939453,26.850000381469727,25.049999237060547,26.850000381469727,113892.0
2020-01-08,27.649999618530277,29.5,25.25,26.700000762939453,1046616.0
2020-01-09,26.5,28.100000381469727,24.399999618530277,25.549999237060547,212759.0
2020-01-10,26.0,26.899999618530277,24.950000762939453,26.149999618530277,147837.0
2020-01-13,25.600000381469727,26.850000381469727,25.25,25.75,65650.0
2020-01-14,26.200000762939453,26.799999237060547,25.600000381469727,26.149999618530277,55274.0
2020-01-15,26.149999618530277,28.75,25.600000381469727,28.549999237060547,377165.0
2020-01-16,28.899999618530277,31.399999618530277,27.950000762939453,31.399999618530277,416202.0
2020-01-17,32.95000076293945,32.95000076293945,29.850000381469727,29.899999618530277,404347.0
2020-01-20,29.899999618530277,30.799999237060547,29.100000381469727,30.100000381469727,100318.0
2020-01-21,30.399999618530277,30.399999618530277,28.799999237060547,29.799999237060547,80625.0
2020-01-22,29.950000762939453,30.399999618530277,28.600000381469727,29.049999237060547,107912.0
2020-01-23,28.350000381469727,30.0,28.299999237060547,29.25,38244.0
2020-01-24,29.75,30.700000762939453,29.5,30.049999237060547,113208.0
2020-01-27,30.25,31.549999237060547,30.0,31.5,168051.0
2020-01-28,31.950000762939453,33.0,29.950000762939453,29.950000762939453,410748.0
2020-01-29,29.049999237060547,31.100000381469727,29.049999237060547,30.149999618530277,160000.0
2020-01-30,30.100000381469727,30.100000381469727,28.75,28.899999618530277,43185.0
2020-01-31,28.149999618530277,29.299999237060547,28.149999618530277,28.700000762939453,41284.0
2020-02-03,26.049999237060547,27.399999618530277,25.950000762939453,26.299999237060547,86604.0
2020-02-04,27.149999618530277,27.600000381469727,25.850000381469727,27.600000381469727,121413.0
2020-02-05,27.649999618530277,28.950000762939453,27.649999618530277,28.950000762939453,71852.0
2020-02-06,28.950000762939453,30.350000381469727,28.950000762939453,29.649999618530277,214446.0
2020-02-07,29.700000762939453,29.700000762939453,28.75,29.049999237060547,94614.0
2020-02-10,29.899999618530277,29.899999618530277,28.25,28.5,68837.0
2020-02-11,28.75,29.450000762939453,27.700000762939453,28.299999237060547,80438.0
2020-02-12,28.0,28.450000762939453,26.899999618530277,26.899999618530277,160919.0
2020-02-13,25.850000381469727,26.399999618530277,25.600000381469727,25.850000381469727,68363.0
2020-02-14,26.0,27.100000381469727,25.75,27.100000381469727,104832.0
2020-02-17,27.200000762939453,28.200000762939453,26.049999237060547,27.100000381469727,42783.0
2020-02-18,26.850000381469727,27.0,25.899999618530277,26.200000762939453,32134.0
2020-02-19,26.200000762939453,26.649999618530277,25.350000381469727,26.25,66773.0
2020-02-20,26.25,26.700000762939453,25.200000762939453,25.450000762939453,73247.0
2020-02-21,,,,,
2020-02-24,25.399999618530277,25.5,24.549999237060547,24.899999618530277,33955.0
2020-02-25,24.450000762939453,25.600000381469727,24.0,24.450000762939453,50765.0
2020-02-26,23.600000381469727,25.149999618530277,23.5,23.799999237060547,34929.0
2020-02-27,23.850000381469727,24.950000762939453,22.649999618530277,22.649999618530277,121597.0
2020-02-28,22.100000381469727,22.899999618530277,21.549999237060547,21.649999618530277,60303.0
2020-03-02,21.75,22.700000762939453,21.549999237060547,21.600000381469727,62928.0
2020-03-03,22.399999618530277,22.399999618530277,20.549999237060547,21.200000762939453,43831.0
2020-03-04,20.25,20.799999237060547,20.149999618530277,20.149999618530277,80786.0
2020-03-05,20.600000381469727,20.700000762939453,19.149999618530277,19.149999618530277,128942.0
2020-03-06,18.200000762939453,18.399999618530277,18.200000762939453,18.200000762939453,13379.0
2020-03-09,17.450000762939453,17.649999618530273,17.299999237060547,17.299999237060547,10545.0
2020-03-10,,,,,
2020-03-11,16.450000762939453,17.5,16.450000762939453,16.450000762939453,77439.0
2020-03-12,15.649999618530272,15.649999618530272,15.649999618530272,15.649999618530272,11115.0
2020-03-13,14.899999618530272,16.399999618530273,14.899999618530272,16.149999618530273,160672.0
2020-03-16,15.350000381469728,16.950000762939453,15.350000381469728,15.699999809265137,96075.0
2020-03-17,16.100000381469727,16.100000381469727,14.949999809265137,15.0,48303.0
2020-03-18,15.0,15.399999618530272,14.25,14.25,75643.0
2020-03-19,14.850000381469728,14.850000381469728,13.550000190734863,13.699999809265137,62609.0
2020-03-20,13.550000190734863,14.199999809265137,13.050000190734863,13.649999618530272,69374.0
2020-03-23,13.100000381469728,13.699999809265137,13.0,13.0,33291.0
2020-03-24,12.399999618530272,13.0,12.350000381469728,12.399999618530272,23020.0
2020-03-25,12.399999618530272,13.0,11.800000190734863,13.0,15908.0
2020-03-26,13.0,13.649999618530272,13.0,13.5,26755.0
2020-03-27,13.5,13.899999618530272,13.0,13.100000381469728,31736.0
2020-03-30,12.600000381469728,12.949999809265137,12.449999809265137,12.449999809265137,27145.0
2020-03-31,12.350000381469728,12.800000190734863,11.850000381469728,12.399999618530272,25191.0
2020-04-01,12.399999618530272,12.399999618530272,11.800000190734863,11.899999618530272,36410.0
2020-04-02,,,,,
2020-04-03,11.899999618530272,12.449999809265137,11.5,12.449999809265137,29536.0
2020-04-06,,,,,
2020-04-07,13.0,13.050000190734863,12.550000190734863,13.050000190734863,8591.0
2020-04-08,13.699999809265137,13.699999809265137,13.699999809265137,13.699999809265137,6466.0
2020-04-09,14.899999618530272,15.050000190734863,14.899999618530272,15.050000190734863,8584.0
2020-04-13,16.399999618530273,16.549999237060547,15.5,16.549999237060547,121939.0
2020-04-14,,,,,
2020-04-15,18.100000381469727,18.200000762939453,17.200000762939453,18.200000762939453,113509.0
2020-04-16,18.799999237060547,18.950000762939453,17.299999237060547,17.350000381469727,111489.0
2020-04-17,17.299999237060547,17.950000762939453,17.200000762939453,17.75,55124.0
2020-04-20,18.049999237060547,18.299999237060547,17.649999618530273,18.149999618530277,20520.0
2020-04-21,18.299999237060547,18.299999237060547,17.25,17.25,15303.0
2020-04-22,16.399999618530273,16.799999237060547,16.399999618530273,16.399999618530273,21434.0
2020-04-23,16.399999618530273,16.75,15.600000381469728,15.850000381469728,23095.0
2020-04-24,15.100000381469728,16.5,15.100000381469728,16.049999237060547,8355.0
2020-04-27,16.100000381469727,16.100000381469727,15.25,15.5,60273.0
2020-04-28,16.25,16.25,15.0,15.050000190734863,8584.0
2020-04-29,15.100000381469728,15.600000381469728,14.300000190734863,14.949999809265137,28351.0
2020-04-30,15.100000381469728,15.300000190734863,14.5,15.100000381469728,16806.0
2020-05-01,,,,,
2020-05-04,15.0,15.850000381469728,14.350000381469728,15.100000381469728,15252.0
2020-05-05,15.649999618530272,15.649999618530272,14.75,14.949999809265137,11142.0
2020-05-06,14.949999809265137,15.399999618530272,14.5,15.199999809265137,7919.0
2020-05-07,15.199999809265137,15.199999809265137,14.5,14.899999618530272,13278.0
2020-05-08,15.0,15.550000190734863,14.800000190734863,15.0,11328.0
2020-05-11,15.0,15.0,14.25,14.350000381469728,10316.0
2020-05-12,13.949999809265137,15.0,13.850000381469728,14.0,14719.0
2020-05-13,14.050000190734863,14.699999809265137,14.050000190734863,14.649999618530272,10476.0
2020-05-14,15.100000381469728,15.100000381469728,13.949999809265137,14.550000190734863,5375.0
2020-05-15,15.100000381469728,15.100000381469728,14.0,14.550000190734863,5543.0
2020-05-18,15.100000381469728,15.100000381469728,13.899999618530272,14.199999809265137,12510.0
2020-05-19,13.949999809265137,14.75,13.600000381469728,14.0,12219.0
2020-05-20,13.949999809265137,14.699999809265137,13.699999809265137,14.699999809265137,26291.0
2020-05-21,14.699999809265137,15.350000381469728,14.399999618530272,14.800000190734863,6426.0
2020-05-22,15.0,15.199999809265137,14.100000381469728,14.199999809265137,21706.0
2020-05-26,14.0,14.600000381469728,14.0,14.050000190734863,9173.0
2020-05-27,14.050000190734863,14.699999809265137,14.0,14.350000381469728,18758.0
2020-05-28,14.199999809265137,14.899999618530272,14.199999809265137,14.300000190734863,10651.0
2020-05-29,14.600000381469728,14.699999809265137,14.25,14.300000190734863,18620.0
2020-06-01,14.899999618530272,15.0,14.199999809265137,15.0,47933.0
2020-06-02,15.449999809265137,15.449999809265137,14.300000190734863,14.699999809265137,33569.0
2020-06-03,15.350000381469728,15.350000381469728,14.199999809265137,14.800000190734863,55682.0
2020-06-04,15.5,15.5,14.75,15.25,45540.0
2020-06-05,15.5,16.75,15.449999809265137,16.549999237060547,102391.0
2020-06-08,17.5,18.200000762939453,17.200000762939453,18.049999237060547,108768.0
2020-06-09,19.25,19.299999237060547,17.0,17.049999237060547,125612.0
2020-06-10,17.25,18.75,17.25,18.649999618530277,76534.0
2020-06-11,19.0,20.25,17.950000762939453,18.200000762939453,150124.0
2020-06-12,16.799999237060547,18.200000762939453,16.799999237060547,17.600000381469727,44783.0
2020-06-15,17.899999618530273,18.5,17.399999618530273,17.649999618530273,43786.0
2020-06-16,18.600000381469727,19.399999618530277,17.5,17.850000381469727,66314.0
2020-06-17,18.5,18.799999237060547,16.200000762939453,17.899999618530273,32573.0
2020-06-18,18.5,18.5,17.399999618530273,18.149999618530277,39251.0
2020-06-19,18.200000762939453,19.950000762939453,17.149999618530273,19.899999618530277,228866.0
2020-06-22,20.600000381469727,21.850000381469727,20.600000381469727,21.450000762939453,223119.0
2020-06-23,21.799999237060547,23.549999237060547,21.600000381469727,23.549999237060547,197392.0
2020-06-24,24.700000762939453,24.700000762939453,22.5,23.5,273392.0
2020-06-25,24.0,24.0,22.549999237060547,23.399999618530277,146335.0
2020-06-26,23.899999618530277,24.549999237060547,23.350000381469727,24.549999237060547,177391.0
2020-06-29,23.649999618530277,24.649999618530277,23.350000381469727,23.350000381469727,84502.0
2020-06-30,23.100000381469727,23.299999237060547,22.200000762939453,22.200000762939453,41201.0
2020-07-01,21.100000381469727,21.950000762939453,21.100000381469727,21.100000381469727,26087.0
2020-07-02,20.25,21.5,20.049999237060547,20.299999237060547,71571.0
2020-07-03,21.0,21.299999237060547,19.299999237060547,21.100000381469727,67255.0
2020-07-06,21.899999618530277,22.149999618530277,20.25,22.149999618530277,60122.0
2020-07-07,22.149999618530277,22.700000762939453,21.299999237060547,21.5,33458.0
2020-07-08,22.0,22.0,20.5,20.549999237060547,27827.0
2020-07-09,20.100000381469727,21.25,19.549999237060547,20.649999618530277,38426.0
2020-07-10,20.600000381469727,20.75,20.0,20.350000381469727,17615.0
2020-07-13,20.899999618530277,21.0,20.0,20.049999237060547,28431.0
2020-07-14,20.049999237060547,20.549999237060547,19.5,20.049999237060547,25482.0
2020-07-15,20.450000762939453,20.700000762939453,19.600000381469727,20.549999237060547,26423.0
2020-07-16,20.950000762939453,20.950000762939453,20.0,20.149999618530277,32987.0
2020-07-17,21.0,21.149999618530277,20.0,20.0,14599.0
2020-07-20,20.450000762939453,20.600000381469727,19.100000381469727,19.600000381469727,17262.0
2020-07-21,19.200000762939453,19.899999618530277,18.799999237060547,19.100000381469727,27220.0
2020-07-22,19.100000381469727,19.75,19.0,19.5,23188.0
2020-07-23,19.200000762939453,20.399999618530277,18.600000381469727,19.299999237060547,21465.0
2020-07-24,19.950000762939453,20.200000762939453,19.299999237060547,19.649999618530277,45526.0
2020-07-27,19.049999237060547,20.0,19.049999237060547,19.600000381469727,56739.0
2020-07-28,19.600000381469727,20.0,19.049999237060547,19.399999618530277,37554.0
2020-07-29,19.950000762939453,20.0,19.0,19.5,31937.0
2020-07-30,19.549999237060547,20.100000381469727,19.100000381469727,19.950000762939453,17133.0
2020-07-31,19.700000762939453,20.600000381469727,19.5,20.25,26314.0
2020-08-03,19.25,19.950000762939453,19.25,19.25,63336.0
2020-08-04,19.75,19.75,18.600000381469727,19.100000381469727,19198.0
2020-08-05,19.0,19.5,18.799999237060547,18.950000762939453,15815.0
2020-08-06,18.799999237060547,19.399999618530277,18.799999237060547,18.799999237060547,8002.0
2020-08-07,18.75,19.399999618530277,18.299999237060547,18.850000381469727,10139.0
2020-08-10,19.5,19.5,18.0,18.399999618530277,46348.0
2020-08-11,18.850000381469727,18.850000381469727,17.799999237060547,18.0,61832.0
2020-08-12,18.200000762939453,18.200000762939453,17.200000762939453,17.799999237060547,24905.0
2020-08-13,17.549999237060547,18.200000762939453,17.0,17.5,30084.0
2020-08-14,17.549999237060547,18.350000381469727,17.5,18.350000381469727,37878.0
2020-08-17,19.0,19.200000762939453,18.350000381469727,19.149999618530277,32153.0
2020-08-18,19.850000381469727,19.850000381469727,19.0,19.149999618530277,15518.0
2020-08-19,19.600000381469727,20.100000381469727,18.549999237060547,20.100000381469727,47938.0
2020-08-20,20.899999618530277,21.100000381469727,19.799999237060547,21.100000381469727,54117.0
2020-08-21,22.149999618530277,22.149999618530277,22.149999618530277,22.149999618530277,28953.0
2020-08-24,23.25,23.25,22.399999618530277,23.25,113945.0
2020-08-25,23.649999618530277,24.399999618530277,23.100000381469727,23.700000762939453,176316.0
2020-08-26,23.700000762939453,23.700000762939453,22.549999237060547,22.549999237060547,53547.0
2020-08-27,21.700000762939453,21.899999618530277,21.450000762939453,21.450000762939453,35458.0
2020-08-28,20.399999618530277,21.299999237060547,20.399999618530277,20.399999618530277,89323.0
2020-08-31,20.049999237060547,21.399999618530277,19.399999618530277,19.450000762939453,86372.0
2020-09-01,19.299999237060547,20.299999237060547,18.649999618530277,19.950000762939453,26035.0
2020-09-02,20.399999618530277,20.399999618530277,19.5,19.899999618530277,15479.0
2020-09-03,19.5,20.399999618530277,19.350000381469727,20.049999237060547,15329.0
2020-09-04,19.25,20.149999618530277,19.25,19.700000762939453,13906.0
2020-09-07,19.200000762939453,19.850000381469727,19.049999237060547,19.450000762939453,16379.0
2020-09-08,18.700000762939453,19.700000762939453,18.700000762939453,19.049999237060547,15282.0
2020-09-09,18.700000762939453,19.5,18.700000762939453,19.149999618530277,12353.0
2020-09-10,19.5,20.100000381469727,19.5,20.0,65146.0
2020-09-11,20.200000762939453,21.0,19.299999237060547,20.149999618530277,46861.0
2020-09-14,20.600000381469727,21.149999618530277,19.350000381469727,20.200000762939453,56504.0
2020-09-15,20.25,20.25,19.25,19.399999618530277,38118.0
2020-09-16,19.350000381469727,19.850000381469727,18.75,19.649999618530277,22858.0
2020-09-17,19.25,20.600000381469727,19.149999618530277,20.5,32926.0
2020-09-18,20.950000762939453,21.0,20.450000762939453,20.5,32019.0
2020-09-21,20.899999618530277,21.5,19.649999618530277,19.850000381469727,41168.0
2020-09-22,20.200000762939453,20.649999618530277,19.0,19.450000762939453,37747.0
2020-09-23,19.799999237060547,19.799999237060547,18.5,18.549999237060547,102857.0
2020-09-24,18.700000762939453,18.75,17.75,17.950000762939453,32040.0
2020-09-25,17.600000381469727,18.799999237060547,17.600000381469727,18.799999237060547,11577.0
2020-09-28,19.549999237060547,19.600000381469727,18.649999618530277,19.049999237060547,27379.0
2020-09-29,18.75,19.25,18.700000762939453,18.950000762939453,17775.0
2020-09-30,19.0,19.700000762939453,18.549999237060547,19.399999618530277,30781.0
2020-10-01,18.75,19.75,18.75,19.049999237060547,9454.0
2020-10-02,,,,,
2020-10-05,19.649999618530277,19.899999618530277,18.75,19.049999237060547,46954.0
2020-10-06,19.899999618530277,19.950000762939453,19.399999618530277,19.649999618530277,29639.0
2020-10-07,19.850000381469727,19.899999618530277,19.049999237060547,19.350000381469727,13461.0
2020-10-08,20.399999618530277,20.5,19.200000762939453,19.799999237060547,33023.0
2020-10-09,19.700000762939453,20.0,18.549999237060547,19.350000381469727,15395.0
2020-10-12,20.0,20.0,19.200000762939453,19.25,22004.0
2020-10-13,19.149999618530277,19.5,18.899999618530277,19.0,16373.0
2020-10-14,18.75,19.299999237060547,18.5,18.799999237060547,15200.0
2020-10-15,19.649999618530277,19.899999618530277,18.549999237060547,18.75,19969.0
2020-10-16,18.5,19.399999618530277,18.399999618530277,18.850000381469727,25404.0
2020-10-19,18.549999237060547,19.0,18.5,18.649999618530277,16479.0
2020-10-20,19.100000381469727,20.5,18.850000381469727,20.5,75464.0
2020-10-21,21.950000762939453,22.549999237060547,21.0,22.549999237060547,220385.0
2020-10-22,22.350000381469727,24.399999618530277,21.299999237060547,24.100000381469727,237837.0
2020-10-23,24.5,24.799999237060547,22.899999618530277,23.299999237060547,150879.0
2020-10-26,23.75,23.75,22.149999618530277,22.149999618530277,22096.0
2020-10-27,22.0,23.0,21.25,21.700000762939453,37148.0
2020-10-28,21.799999237060547,22.149999618530277,20.799999237060547,21.100000381469727,27970.0
2020-10-29,21.5,21.5,20.299999237060547,20.399999618530277,16227.0
2020-10-30,20.899999618530277,21.399999618530277,20.549999237060547,21.100000381469727,23063.0
2020-11-02,20.75,21.5,20.5,21.350000381469727,34265.0
2020-11-03,21.0,21.799999237060547,20.799999237060547,20.899999618530277,14036.0
2020-11-04,21.600000381469727,21.899999618530277,20.549999237060547,21.700000762939453,9812.0
2020-11-05,22.450000762939453,22.75,21.75,21.950000762939453,73380.0
2020-11-06,22.399999618530277,22.950000762939453,21.75,22.75,50212.0
2020-11-09,22.75,23.850000381469727,22.700000762939453,22.799999237060547,156334.0
2020-11-10,22.200000762939453,22.950000762939453,22.200000762939453,22.350000381469727,17543.0
2020-11-11,21.950000762939453,22.950000762939453,21.649999618530277,21.799999237060547,36604.0
2020-11-12,22.299999237060547,22.299999237060547,21.100000381469727,21.399999618530277,14391.0
2020-11-13,21.600000381469727,22.299999237060547,21.399999618530277,21.850000381469727,37755.0
2020-11-14,22.5,22.850000381469727,22.0,22.799999237060547,48366.0
2020-11-16,,,,,
2020-11-17,22.049999237060547,23.25,22.049999237060547,22.200000762939453,25267.0
2020-11-18,22.049999237060547,23.0,21.700000762939453,22.200000762939453,38363.0
2020-11-19,22.600000381469727,22.950000762939453,21.850000381469727,22.25,80060.0
2020-11-20,22.049999237060547,22.450000762939453,21.600000381469727,21.850000381469727,44848.0
2020-11-23,22.649999618530277,22.850000381469727,21.600000381469727,22.100000381469727,37633.0
2020-11-24,21.649999618530277,22.5,21.649999618530277,22.350000381469727,20113.0
2020-11-25,22.950000762939453,22.950000762939453,22.100000381469727,22.399999618530277,47663.0
2020-11-26,22.899999618530277,22.899999618530277,22.0,22.049999237060547,32868.0
2020-11-27,22.0,23.149999618530277,22.0,22.549999237060547,100214.0
2020-11-30,,,,,
2020-12-01,22.950000762939453,23.649999618530277,22.5,23.649999618530277,122806.0
2020-12-02,24.25,24.799999237060547,24.049999237060547,24.799999237060547,153676.0
2020-12-03,25.549999237060547,26.0,25.0,26.0,201065.0
2020-12-04,26.5,26.899999618530277,25.100000381469727,25.25,227227.0
2020-12-07,26.149999618530277,27.75,26.100000381469727,27.200000762939453,417808.0
2020-12-08,28.0,28.399999618530277,25.0,26.450000762939453,177732.0
2020-12-09,27.0,27.0,24.200000762939453,26.350000381469727,114351.0
2020-12-10,26.350000381469727,27.600000381469727,25.0,25.899999618530277,176258.0
2020-12-11,26.299999237060547,28.450000762939453,26.049999237060547,27.799999237060547,380413.0
2020-12-14,28.399999618530277,30.549999237060547,27.600000381469727,30.549999237060547,456931.0
2020-12-15,32.5,33.599998474121094,31.0,33.599998474121094,441395.0
2020-12-16,35.25,35.25,34.5,35.25,357238.0
2020-12-17,37.0,37.0,36.400001525878906,37.0,233506.0
2020-12-18,38.84999847412109,38.84999847412109,35.150001525878906,38.84999847412109,794441.0
2020-12-21,39.0,40.75,36.95000076293945,37.0,773411.0
2020-12-22,37.0,38.34999847412109,35.150001525878906,37.900001525878906,406476.0
2020-12-23,38.150001525878906,39.75,38.150001525878906,39.75,248701.0
2020-12-24,40.84999847412109,41.650001525878906,37.84999847412109,38.34999847412109,363744.0
2020-12-28,39.400001525878906,40.09999847412109,38.59999847412109,39.75,198515.0
2020-12-29,39.70000076293945,41.70000076293945,37.79999923706055,41.70000076293945,476944.0
2020-12-30,43.0,43.75,41.04999923706055,43.75,408026.0
2020-12-31,45.900001525878906,45.900001525878906,45.900001525878906,45.900001525878906,287223.0
2021-01-01,48.150001525878906,48.150001525878906,46.04999923706055,48.150001525878906,680918.0
2021-01-04,50.25,50.54999923706055,46.25,48.09999847412109,1365079.0
2021-01-05,47.900001525878906,50.5,45.70000076293945,49.5,757351.0
2021-01-06,50.0,50.95000076293945,47.04999923706055,47.54999923706055,443839.0
2021-01-07,48.5,49.5,46.70000076293945,47.150001525878906,219890.0
2021-01-08,48.04999923706055,49.25,47.54999923706055,48.400001525878906,302129.0
2021-01-11,49.45000076293945,50.79999923706055,49.400001525878906,49.95000076293945,506159.0
2021-01-12,50.0,50.79999923706055,48.650001525878906,49.34999847412109,191698.0
2021-01-13,49.79999923706055,50.5,46.900001525878906,48.59999847412109,253164.0
2021-01-14,50.0,51.0,46.20000076293945,46.20000076293945,1232583.0
2021-01-15,43.900001525878906,43.900001525878906,43.900001525878906,43.900001525878906,145407.0
2021-01-18,41.75,43.75,41.75,41.75,284893.0
2021-01-19,41.0,43.45000076293945,39.70000076293945,40.34999847412109,666087.0
2021-01-20,40.20000076293945,41.84999847412109,40.0,40.34999847412109,176593.0
2021-01-21,40.900001525878906,42.34999847412109,40.650001525878906,42.20000076293945,188179.0
2021-01-22,43.20000076293945,44.29999923706055,42.34999847412109,44.29999923706055,343514.0
2021-01-25,45.5,46.5,43.34999847412109,44.04999923706055,471393.0
2021-01-26,,,,,
2021-01-27,44.650001525878906,44.650001525878906,41.84999847412109,42.09999847412109,163716.0
2021-01-28,42.0,44.20000076293945,40.20000076293945,44.09999847412109,317487.0
2021-01-29,45.150001525878906,46.29999923706055,43.70000076293945,44.150001525878906,237142.0
2021-02-01,45.04999923706055,46.0,41.95000076293945,41.95000076293945,218200.0
2021-02-02,42.0,43.45000076293945,39.900001525878906,39.900001525878906,420553.0
2021-02-03,39.09999847412109,39.900001525878906,37.95000076293945,37.95000076293945,435891.0
2021-02-04,38.84999847412109,39.79999923706055,37.54999923706055,39.79999923706055,177458.0
2021-02-05,41.70000076293945,41.70000076293945,39.0,40.25,157937.0
2021-02-08,40.29999923706055,41.25,38.29999923706055,38.54999923706055,188651.0
2021-02-09,39.20000076293945,39.45000076293945,36.650001525878906,36.900001525878906,177005.0
2021-02-10,37.400001525878906,38.45000076293945,36.45000076293945,38.150001525878906,149204.0
2021-02-11,38.75,38.75,37.150001525878906,37.400001525878906,111635.0
2021-02-12,37.54999923706055,38.45000076293945,37.20000076293945,37.45000076293945,95084.0
2021-02-15,38.20000076293945,38.400001525878906,36.70000076293945,37.0,76119.0
2021-02-16,37.09999847412109,38.0,36.5,37.45000076293945,95614.0
2021-02-17,37.5,37.79999923706055,36.70000076293945,36.95000076293945,92028.0
2021-02-18,36.70000076293945,36.900001525878906,35.150001525878906,35.20000076293945,459171.0
2021-02-19,35.20000076293945,36.59999847412109,35.20000076293945,36.09999847412109,132033.0
2021-02-22,37.650001525878906,37.900001525878906,37.25,37.900001525878906,116443.0
2021-02-23,39.04999923706055,39.75,39.04999923706055,39.75,76689.0
2021-02-24,41.59999847412109,41.70000076293945,41.20000076293945,41.70000076293945,77098.0
2021-02-25,43.75,43.75,41.29999923706055,41.75,461669.0
2021-02-26,39.70000076293945,41.70000076293945,39.70000076293945,40.70000076293945,140504.0
2021-03-01,41.5,42.5,40.75,41.95000076293945,211492.0
2021-03-02,42.70000076293945,42.70000076293945,40.45000076293945,40.84999847412109,106417.0
2021-03-03,41.0,41.900001525878906,39.150001525878906,39.79999923706055,134628.0
2021-03-04,40.0,41.09999847412109,39.09999847412109,39.400001525878906,134856.0
2021-03-05,39.5,40.900001525878906,38.84999847412109,39.400001525878906,86832.0
2021-03-08,39.900001525878906,40.34999847412109,39.5,39.900001525878906,48158.0
2021-03-09,40.45000076293945,40.45000076293945,38.70000076293945,38.84999847412109,57074.0
2021-03-10,39.84999847412109,40.75,39.34999847412109,40.75,324530.0
2021-03-11,,,,,
2021-03-12,42.75,42.75,42.75,42.75,127134.0
2021-03-15,44.84999847412109,44.84999847412109,44.150001525878906,44.84999847412109,1074702.0
2021-03-16,47.0,47.04999923706055,45.0,47.04999923706055,651533.0
2021-03-17,46.25,47.79999923706055,44.70000076293945,44.70000076293945,318630.0
2021-03-18,43.400001525878906,44.84999847412109,42.5,42.5,148674.0
2021-03-19,40.79999923706055,44.59999847412109,40.400001525878906,43.34999847412109,344530.0
2021-03-22,44.0,45.29999923706055,43.5,44.900001525878906,182685.0
2021-03-23,45.45000076293945,45.79999923706055,44.0,44.650001525878906,204020.0
2021-03-24,45.0,45.0,43.0,43.400001525878906,140272.0
2021-03-25,43.54999923706055,44.09999847412109,41.25,41.70000076293945,163438.0
2021-03-26,42.900001525878906,43.0,41.70000076293945,42.34999847412109,53088.0
2021-03-29,,,,,
2021-03-30,42.5,44.20000076293945,41.75,42.150001525878906,132480.0
2021-03-31,42.79999923706055,43.79999923706055,42.150001525878906,42.54999923706055,81382.0
2021-04-01,43.650001525878906,44.0,42.5,43.650001525878906,86987.0
2021-04-05,44.25,44.5,42.650001525878906,43.25,88332.0
2021-04-06,43.0,43.95000076293945,43.0,43.25,53021.0
2021-04-07,44.0,44.0,41.25,42.95000076293945,232122.0
2021-04-08,43.95000076293945,44.20000076293945,42.650001525878906,43.79999923706055,123078.0
2021-04-09,44.70000076293945,46.5,43.400001525878906,44.79999923706055,200515.0
2021-04-12,44.5,44.5,41.59999847412109,42.150001525878906,129117.0
2021-04-13,42.150001525878906,44.79999923706055,42.150001525878906,43.84999847412109,93568.0
2021-04-14,,,,,
2021-04-15,43.84999847412109,44.59999847412109,42.04999923706055,43.20000076293945,1263321.0
2021-04-16,44.75,45.5,43.5,43.84999847412109,203871.0
2021-04-19,43.25,44.400001525878906,42.0,43.84999847412109,191420.0
2021-04-20,43.5,44.75,43.5,44.20000076293945,199230.0
2021-04-21,,,,,
2021-04-22,44.20000076293945,44.70000076293945,43.5,43.75,148524.0
2021-04-23,45.75,45.75,43.09999847412109,43.400001525878906,217446.0
2021-04-26,43.400001525878906,43.5,42.5,43.09999847412109,78146.0
2021-04-27,43.09999847412109,43.900001525878906,42.400001525878906,42.650001525878906,84173.0
2021-04-28,42.70000076293945,43.59999847412109,41.04999923706055,42.0,155469.0
2021-04-29,41.54999923706055,42.400001525878906,39.04999923706055,40.25,216763.0
2021-04-30,39.04999923706055,41.20000076293945,39.04999923706055,39.70000076293945,136033.0
2021-05-03,40.20000076293945,43.650001525878906,39.70000076293945,43.650001525878906,255064.0
2021-05-04,45.0,45.70000076293945,42.75,42.95000076293945,258663.0
2021-05-05,43.0,44.70000076293945,42.0,42.45000076293945,113240.0
2021-05-06,42.5,42.54999923706055,41.04999923706055,41.34999847412109,67883.0
2021-05-07,41.04999923706055,43.0,41.04999923706055,41.650001525878906,101898.0
2021-05-10,42.5,43.5,42.20000076293945,42.400001525878906,144446.0
2021-05-11,43.0,43.0,41.09999847412109,41.84999847412109,135030.0
2021-05-12,41.20000076293945,42.70000076293945,41.20000076293945,41.70000076293945,77617.0
2021-05-13,,,,,
2021-05-14,42.70000076293945,42.70000076293945,41.0,41.34999847412109,62604.0
2021-05-17,42.45000076293945,42.70000076293945,41.34999847412109,42.04999923706055,72758.0
2021-05-18,42.45000076293945,44.900001525878906,41.25,43.75,288092.0
2021-05-19,44.0,45.0,43.650001525878906,44.59999847412109,174727.0
2021-05-20,44.59999847412109,45.29999923706055,43.09999847412109,43.650001525878906,101871.0
2021-05-21,45.5,45.5,42.59999847412109,43.650001525878906,101076.0
2021-05-24,43.650001525878906,48.0,43.650001525878906,48.0,441376.0
2021-05-25,49.0,52.79999923706055,48.54999923706055,52.79999923706055,1197243.0
2021-05-26,55.400001525878906,58.04999923706055,53.04999923706055,57.79999923706055,1876519.0
2021-05-27,56.95000076293945,56.95000076293945,54.95000076293945,54.95000076293945,227489.0
2021-05-28,52.29999923706055,54.5,52.25,52.25,584985.0
2021-05-31,53.5,54.75,50.0,51.45000076293945,779636.0
2021-06-01,50.59999847412109,52.5,50.0,50.84999847412109,269084.0
2021-06-02,51.84999847412109,52.20000076293945,50.59999847412109,51.400001525878906,184052.0
2021-06-03,52.400001525878906,52.400001525878906,51.0,51.59999847412109,167007.0
2021-06-04,51.0,52.84999847412109,50.5,51.0,175475.0
2021-06-07,51.04999923706055,52.0,49.59999847412109,50.150001525878906,269576.0
2021-06-08,50.59999847412109,51.400001525878906,48.59999847412109,49.400001525878906,307161.0
2021-06-09,49.900001525878906,51.84999847412109,49.54999923706055,51.84999847412109,314258.0
2021-06-10,52.0,54.400001525878906,51.84999847412109,54.150001525878906,819316.0
2021-06-11,56.0,56.84999847412109,55.0,56.79999923706055,610994.0
2021-06-14,58.45000076293945,59.5,54.0,57.09999847412109,494533.0
2021-06-15,58.70000076293945,58.900001525878906,55.0,55.25,417420.0
2021-06-16,57.0,57.0,54.0,54.54999923706055,202731.0
2021-06-17,53.09999847412109,55.0,52.79999923706055,53.84999847412109,162211.0
2021-06-18,54.25,54.95000076293945,51.20000076293945,52.650001525878906,258159.0
2021-06-21,53.400001525878906,53.45000076293945,50.25,52.5,148848.0
2021-06-22,53.45000076293945,54.5,51.400001525878906,52.900001525878906,199819.0
2021-06-23,54.0,54.20000076293945,52.900001525878906,53.150001525878906,127356.0
2021-06-24,54.25,54.25,53.0,53.25,155239.0
2021-06-25,54.400001525878906,55.900001525878906,53.04999923706055,55.900001525878906,316019.0
2021-06-28,57.650001525878906,58.650001525878906,56.5,58.650001525878906,1186679.0
2021-06-29,61.400001525878906,61.54999923706055,61.0,61.54999923706055,252883.0
2021-06-30,64.5999984741211,64.5999984741211,64.5999984741211,64.5999984741211,111964.0
2021-07-01,67.80000305175781,67.80000305175781,67.80000305175781,67.80000305175781,118169.0
2021-07-02,71.1500015258789,71.1500015258789,71.1500015258789,71.1500015258789,101047.0
2021-07-05,73.5,74.69999694824219,68.19999694824219,74.69999694824219,1974601.0
2021-07-06,76.5,78.4000015258789,75.05000305175781,77.80000305175781,1313714.0
2021-07-07,78.4000015258789,78.4000015258789,73.94999694824219,73.94999694824219,143015.0
2021-07-08,70.30000305175781,74.5999984741211,70.30000305175781,70.44999694824219,819623.0
2021-07-09,72.0,72.5,69.75,71.0999984741211,203573.0
2021-07-12,73.0,73.69999694824219,69.3499984741211,70.44999694824219,263838.0
2021-07-13,68.3499984741211,72.4000015258789,68.3499984741211,70.75,174036.0
2021-07-14,72.0,74.19999694824219,69.9000015258789,71.0,644871.0
2021-07-15,70.80000305175781,71.25,68.19999694824219,68.69999694824219,178767.0
2021-07-16,68.80000305175781,71.80000305175781,67.69999694824219,70.55000305175781,249364.0
2021-07-19,71.0,73.80000305175781,69.0,72.5,406471.0
2021-07-20,73.0,73.5999984741211,69.0999984741211,69.3499984741211,250520.0
2021-07-21,,,,,
2021-07-22,72.80000305175781,72.80000305175781,68.5,69.94999694824219,261578.0
2021-07-23,71.19999694824219,71.19999694824219,67.05000305175781,68.69999694824219,406345.0
2021-07-26,67.25,68.6500015258789,65.30000305175781,65.30000305175781,198736.0
2021-07-27,64.5,68.0999984741211,63.5,64.19999694824219,252029.0
2021-07-28,66.0,66.0,61.0,62.29999923706055,409116.0
2021-07-29,62.29999923706055,65.4000015258789,62.29999923706055,65.4000015258789,254024.0
2021-07-30,68.5999984741211,68.5999984741211,63.5,65.5999984741211,382243.0
2021-08-02,66.5,68.8499984741211,64.5,68.19999694824219,494078.0
2021-08-03,68.8499984741211,68.8499984741211,66.25,67.0,135687.0
2021-08-04,67.94999694824219,67.94999694824219,64.25,64.55000305175781,115022.0
2021-08-05,65.5,67.75,61.650001525878906,67.4000015258789,458224.0
2021-08-06,67.80000305175781,68.80000305175781,63.59999847412109,64.1500015258789,195628.0
2021-08-09,65.94999694824219,67.05000305175781,63.09999847412109,64.19999694824219,154912.0
2021-08-10,65.9000015258789,67.5,63.0,63.75,234665.0
2021-08-11,63.09999847412109,65.4000015258789,59.25,63.900001525878906,331349.0
2021-08-12,64.0,70.25,64.0,70.25,443613.0
2021-08-13,72.9000015258789,72.9000015258789,67.3499984741211,68.8499984741211,497876.0
2021-08-16,70.9000015258789,75.69999694824219,70.30000305175781,75.69999694824219,870169.0
2021-08-17,77.9000015258789,80.80000305175781,73.3499984741211,74.6500015258789,955625.0
2021-08-18,76.3499984741211,76.3499984741211,69.0,70.0,346136.0
2021-08-19,,,,,
2021-08-20,68.0999984741211,71.75,67.6500015258789,68.6500015258789,362657.0
2021-08-23,70.69999694824219,70.75,61.79999923706055,62.34999847412109,462211.0
2021-08-24,61.0,67.4000015258789,60.75,65.69999694824219,244382.0
2021-08-25,66.8499984741211,67.75,65.25,65.5999984741211,101063.0
2021-08-26,66.0,67.05000305175781,65.0,66.44999694824219,86416.0
2021-08-27,68.44999694824219,68.44999694824219,64.80000305175781,66.5,96578.0
2021-08-30,65.6500015258789,68.19999694824219,65.05000305175781,65.75,107527.0
2021-08-31,66.69999694824219,67.30000305175781,65.0,66.0999984741211,102041.0
2021-09-01,65.5,66.8499984741211,64.0,65.3499984741211,97589.0
2021-09-02,65.94999694824219,66.0,64.0,65.0999984741211,119681.0
2021-09-03,66.25,68.0,65.3499984741211,67.75,289715.0
2021-09-06,69.0,73.80000305175781,68.0999984741211,71.4000015258789,571555.0
2021-09-07,74.9000015258789,74.9000015258789,66.4000015258789,66.80000305175781,544888.0
2021-09-08,66.5,68.30000305175781,65.4000015258789,66.05000305175781,222983.0
2021-09-09,66.69999694824219,67.0,65.30000305175781,66.19999694824219,121534.0
2021-09-10,,,,,
2021-09-13,66.69999694824219,72.4000015258789,65.5999984741211,68.3499984741211,581392.0
2021-09-14,69.30000305175781,69.80000305175781,67.75,69.25,224148.0
2021-09-15,70.19999694824219,70.19999694824219,68.25,69.1500015258789,133706.0
2021-09-16,68.0999984741211,69.75,67.5999984741211,68.1500015258789,148252.0
2021-09-17,69.0,69.44999694824219,65.25,66.05000305175781,207096.0
2021-09-20,66.0,67.9000015258789,64.0,64.75,125547.0
2021-09-21,65.6500015258789,66.0,63.0,65.0999984741211,493929.0
2021-09-22,66.25,67.5,64.80000305175781,65.4000015258789,166035.0
2021-09-23,65.4000015258789,66.6500015258789,65.05000305175781,65.1500015258789,90615.0
2021-09-24,65.9000015258789,66.0999984741211,63.400001525878906,63.54999923706055,134846.0
2021-09-27,63.54999923706055,64.4000015258789,61.54999923706055,62.20000076293945,143463.0
2021-09-28,68.0,68.4000015258789,66.30000305175781,68.05000305175781,3293874.0
2021-09-29,67.30000305175781,67.94999694824219,65.5,65.80000305175781,583119.0
2021-09-30,66.3499984741211,68.19999694824219,65.19999694824219,65.5999984741211,375973.0
2021-10-01,65.5,65.55000305175781,63.45000076293945,64.30000305175781,229759.0
2021-10-04,65.0,66.0,63.59999847412109,64.25,282478.0
2021-10-05,64.0,65.0,63.59999847412109,63.79999923706055,261492.0
2021-10-06,64.44999694824219,65.0,63.0,63.59999847412109,200392.0
2021-10-07,64.94999694824219,69.55000305175781,64.6500015258789,67.1500015258789,816535.0
2021-10-08,67.5999984741211,67.9000015258789,64.1500015258789,65.5,367365.0
2021-10-11,68.0,78.5999984741211,66.19999694824219,78.30000305175781,2790259.0
2021-10-12,79.25,87.94999694824219,77.9000015258789,84.5999984741211,2488414.0
2021-10-13,86.0,90.0,85.0,86.19999694824219,1085100.0
2021-10-14,87.94999694824219,88.0,80.19999694824219,81.30000305175781,765052.0
2021-10-18,82.19999694824219,84.19999694824219,78.0,79.80000305175781,610018.0
2021-10-19,81.9000015258789,83.0,77.4000015258789,78.6500015258789,466797.0
2021-10-20,78.5,79.1500015258789,73.4000015258789,74.8499984741211,489297.0
2021-10-21,75.1500015258789,76.94999694824219,72.55000305175781,73.69999694824219,274185.0
2021-10-22,75.0,78.69999694824219,74.19999694824219,76.05000305175781,270863.0
2021-10-25,79.80000305175781,79.80000305175781,73.25,73.75,292544.0
2021-10-26,74.5,77.69999694824219,73.94999694824219,75.6500015258789,295953.0
2021-10-27,76.30000305175781,81.9000015258789,75.75,78.30000305175781,455233.0
2021-10-28,78.30000305175781,79.3499984741211,75.0,76.0999984741211,229115.0
2021-10-29,76.55000305175781,77.80000305175781,73.1500015258789,75.19999694824219,225891.0
2021-11-01,75.9000015258789,78.8499984741211,75.5999984741211,77.5999984741211,184651.0
2021-11-02,78.3499984741211,84.9000015258789,74.55000305175781,77.5,1123983.0
2021-11-03,78.0,78.80000305175781,75.55000305175781,76.0,301470.0
2021-11-04,76.80000305175781,82.19999694824219,76.4000015258789,79.94999694824219,403300.0
2021-11-05,,,,,
2021-11-08,83.0,83.19999694824219,78.8499984741211,79.30000305175781,389322.0
2021-11-09,79.80000305175781,81.5,78.0999984741211,78.75,278278.0
2021-11-10,78.5,80.69999694824219,77.69999694824219,78.19999694824219,199507.0
2021-11-11,78.19999694824219,78.5999984741211,76.6500015258789,77.5,146962.0
2021-11-12,77.9000015258789,78.5999984741211,77.0999984741211,77.5,121333.0
2021-11-15,78.80000305175781,78.80000305175781,75.19999694824219,75.94999694824219,157198.0
2021-11-16,76.9000015258789,76.9000015258789,75.0,75.55000305175781,134689.0
2021-11-17,74.6500015258789,78.0,74.6500015258789,75.5,197533.0
2021-11-18,76.5999984741211,76.5999984741211,72.19999694824219,72.80000305175781,271279.0
2021-11-19,,,,,
2021-11-22,73.80000305175781,73.80000305175781,68.0999984741211,69.75,314872.0
2021-11-23,70.0,73.5999984741211,69.5,73.05000305175781,173024.0
2021-11-24,74.69999694824219,76.9000015258789,72.3499984741211,75.3499984741211,245458.0
2021-11-25,77.0,77.9000015258789,75.1500015258789,76.44999694824219,172479.0
2021-11-26,76.0,76.30000305175781,71.5,72.55000305175781,221965.0
2021-11-29,71.1500015258789,71.9000015258789,66.5,69.44999694824219,289231.0
2021-11-30,70.0,72.8499984741211,69.05000305175781,69.94999694824219,158986.0
2021-12-01,71.0,71.0,68.25,69.44999694824219,132142.0
2021-12-02,69.0999984741211,71.69999694824219,69.0999984741211,71.0,95285.0
2021-12-03,71.44999694824219,73.44999694824219,71.0,71.69999694824219,139850.0
2021-12-06,72.19999694824219,72.5999984741211,69.3499984741211,69.80000305175781,114686.0
2021-12-07,70.3499984741211,72.9000015258789,70.3499984741211,71.3499984741211,129693.0
2021-12-08,71.9000015258789,74.0999984741211,71.80000305175781,73.1500015258789,159335.0
2021-12-09,74.0,74.8499984741211,71.5,72.05000305175781,167479.0
2021-12-10,72.25,84.4000015258789,71.75,80.55000305175781,1115365.0
2021-12-13,82.0,84.9000015258789,78.5999984741211,79.25,792171.0
2021-12-14,78.75,87.5,77.5,84.3499984741211,1621214.0
2021-12-15,84.19999694824219,84.80000305175781,82.25,82.69999694824219,599086.0
2021-12-16,83.6500015258789,99.1999969482422,83.5999984741211,97.8499984741211,7197286.0
2021-12-17,98.4499969482422,113.3000030517578,94.5,100.4499969482422,9219656.0
2021-12-20,99.0,108.5,87.4000015258789,102.9000015258789,3041072.0
2021-12-21,104.9000015258789,111.5999984741211,99.5,103.6500015258789,1487044.0
2021-12-22,104.0999984741211,107.4000015258789,100.0999984741211,100.75,761277.0
2021-12-23,103.0,103.4499969482422,96.0,96.9000015258789,720278.0
2021-12-24,97.8499984741211,103.9000015258789,95.4499969482422,100.0500030517578,1166495.0
2021-12-27,100.9499969482422,119.9000015258789,99.5500030517578,118.5999984741211,4069266.0
2021-12-28,123.0,129.1999969482422,106.75,123.25,3079941.0
2021-12-29,125.0500030517578,135.5500030517578,125.0500030517578,135.5500030517578,2134600.0
2021-12-30,149.10000610351562,149.10000610351562,141.5500030517578,149.10000610351562,1793345.0
2021-12-31,153.39999389648438,156.5500030517578,152.10000610351562,156.5500030517578,556901.0
2022-01-03,164.35000610351562,164.35000610351562,162.0500030517578,164.35000610351562,303552.0
2022-01-04,172.5500030517578,172.5500030517578,156.14999389648438,156.14999389648438,2049757.0
2022-01-05,148.35000610351562,148.35000610351562,148.35000610351562,148.35000610351562,156619.0
2022-01-06,140.9499969482422,155.75,140.9499969482422,142.0500030517578,5532530.0
2022-01-07,147.14999389648438,149.14999389648438,143.0,149.14999389648438,1154898.0
2022-01-10,156.0,156.60000610351562,154.10000610351562,156.60000610351562,400189.0
2022-01-11,164.0,164.0,148.8000030517578,148.89999389648438,1938202.0
2022-01-12,148.89999389648438,149.85000610351562,141.5,141.5500030517578,917096.0
2022-01-13,140.0,147.9499969482422,137.10000610351562,142.9499969482422,598972.0
2022-01-14,141.0,144.6999969482422,138.10000610351562,139.10000610351562,538641.0
2022-01-17,140.0,146.0500030517578,140.0,146.0500030517578,383716.0
2022-01-18,152.39999389648438,153.35000610351562,145.0,146.10000610351562,1237457.0
2022-01-19,148.89999389648438,148.89999389648438,140.0,141.9499969482422,539393.0
2022-01-20,144.5,147.35000610351562,142.0,145.3000030517578,344759.0
2022-01-21,145.3000030517578,146.89999389648438,138.0500030517578,140.0500030517578,389951.0
2022-01-24,142.0,142.89999389648438,133.0500030517578,133.0500030517578,341724.0
2022-01-25,130.35000610351562,137.9499969482422,126.4000015258789,131.60000610351562,535799.0
2022-01-26,,,,,
2022-01-27,129.0,132.85000610351562,126.9499969482422,131.14999389648438,316837.0
2022-01-28,133.89999389648438,137.6999969482422,133.8000030517578,137.6999969482422,192857.0
2022-01-31,142.8000030517578,142.9499969482422,135.3000030517578,135.85000610351562,384399.0
2022-02-01,139.0,142.60000610351562,135.60000610351562,142.60000610351562,617865.0
2022-02-02,148.60000610351562,148.60000610351562,142.14999389648438,143.14999389648438,399073.0
2022-02-03,144.1999969482422,144.9499969482422,137.89999389648438,138.4499969482422,299825.0
2022-02-04,138.10000610351562,138.60000610351562,133.1999969482422,135.25,276718.0
2022-02-07,135.0,135.60000610351562,131.10000610351562,131.85000610351562,188668.0
2022-02-08,135.0,135.0,125.3000030517578,128.8000030517578,390060.0
2022-02-09,131.0,132.0,122.6999969482422,127.0500030517578,307525.0
2022-02-10,127.0,133.39999389648438,125.3499984741211,133.39999389648438,144805.0
2022-02-11,132.35000610351562,134.89999389648438,126.75,126.75,509479.0
2022-02-14,120.4499969482422,120.4499969482422,120.4499969482422,120.4499969482422,86685.0
2022-02-15,114.4499969482422,119.0,114.4499969482422,115.1999969482422,597328.0
2022-02-16,115.0,120.5,109.5,111.0500030517578,564001.0
2022-02-17,111.1500015258789,113.0,105.5,105.8499984741211,450745.0
2022-02-18,104.4499969482422,111.0,101.5999984741211,108.3499984741211,372044.0
2022-02-21,105.4000015258789,106.6500015258789,102.9499969482422,102.9499969482422,437319.0
2022-02-22,97.8499984741211,98.9000015258789,97.8499984741211,97.8499984741211,272086.0
2022-02-23,94.1500015258789,99.6999969482422,93.0,93.3499984741211,676007.0
2022-02-24,88.69999694824219,90.75,88.69999694824219,88.69999694824219,220209.0
2022-02-25,86.0,93.0999984741211,86.0,92.75,459583.0
2022-02-28,93.0,97.0,88.19999694824219,96.5999984741211,307805.0
2022-03-01,,,,,
2022-03-02,96.5999984741211,100.8499984741211,95.5999984741211,99.9000015258789,293776.0
2022-03-03,103.0,104.8499984741211,101.3000030517578,104.8000030517578,252996.0
2022-03-04,105.0,105.0,100.0,100.3000030517578,240899.0
2022-03-07,99.0,99.0,95.3000030517578,96.9499969482422,211867.0
2022-03-08,96.9499969482422,99.6999969482422,96.9499969482422,97.9000015258789,152234.0
2022-03-09,100.8000030517578,102.75,99.4499969482422,102.75,138499.0
2022-03-10,104.75,107.8499984741211,104.5,107.75,367741.0
2022-03-11,108.8499984741211,111.9000015258789,105.4000015258789,108.5,277597.0
2022-03-14,109.6999969482422,110.3000030517578,103.1999969482422,103.9499969482422,195589.0
2022-03-15,104.6999969482422,105.5,99.25,99.9499969482422,197376.0
2022-03-16,101.5,102.75,100.0500030517578,101.4499969482422,93125.0
2022-03-17,102.0,103.0,100.0500030517578,101.25,170858.0
2022-03-18,,,,,
2022-03-21,102.9000015258789,102.9000015258789,98.5500030517578,99.3499984741211,165170.0
2022-03-22,101.9000015258789,101.9000015258789,98.6999969482422,99.5999984741211,198463.0
2022-03-23,101.0,102.0,99.0,99.25,160903.0
2022-03-24,97.0999984741211,99.8499984741211,96.5999984741211,98.0500030517578,186834.0
2022-03-25,99.9000015258789,99.9000015258789,97.5,98.1999969482422,117080.0
2022-03-28,98.25,98.5999984741211,93.6500015258789,94.3499984741211,197861.0
2022-03-29,96.4499969482422,96.4499969482422,89.6500015258789,92.0,426552.0
2022-03-30,94.0,96.5999984741211,93.0,96.5999984741211,165982.0
2022-03-31,100.4000015258789,100.4000015258789,93.0,94.1500015258789,301610.0
2022-04-01,94.0,98.8499984741211,94.0,98.8499984741211,173567.0
2022-04-04,101.0,103.75,100.9499969482422,103.75,153648.0
2022-04-05,108.9000015258789,108.9000015258789,108.9000015258789,108.9000015258789,72587.0
2022-04-06,114.3000030517578,114.3000030517578,114.3000030517578,114.3000030517578,48226.0
2022-04-07,120.0,120.0,106.0,110.4499969482422,1076939.0
2022-04-08,112.9000015258789,114.4499969482422,109.4499969482422,110.6999969482422,309669.0
2022-04-11,112.5999984741211,119.4000015258789,111.6999969482422,117.5,577917.0
2022-04-12,118.3000030517578,126.9000015258789,116.0999984741211,123.0500030517578,868048.0
2022-04-13,124.4000015258789,135.35000610351562,123.9499969482422,135.35000610351562,835224.0
2022-04-14,,,,,
2022-04-18,137.0,141.0,122.0,131.9499969482422,1246979.0
2022-04-19,132.64999389648438,134.6999969482422,118.8000030517578,121.4000015258789,542649.0
2022-04-20,125.0500030517578,130.0,122.0,127.9499969482422,406142.0
2022-04-21,126.0,130.0,122.0,125.25,151277.0
2022-04-22,125.0,125.0,119.0,123.3000030517578,125079.0
2022-04-25,121.0,126.8000030517578,119.0,122.3499984741211,129936.0
2022-04-26,122.5,124.8000030517578,118.0,119.0999984741211,146037.0
2022-04-27,118.9499969482422,118.9499969482422,113.1500015258789,114.1999969482422,132472.0
2022-04-28,114.1999969482422,117.0,110.0999984741211,112.0500030517578,103746.0
2022-04-29,112.4499969482422,117.6500015258789,111.0999984741211,116.1999969482422,85329.0
2022-05-02,114.4000015258789,117.5,111.1500015258789,113.3000030517578,70980.0
2022-05-04,113.3499984741211,114.6999969482422,107.6500015258789,108.0500030517578,89479.0
2022-05-05,110.0,111.4000015258789,105.0,105.8000030517578,56099.0
2022-05-06,103.0,104.0,100.5500030517578,103.1999969482422,118001.0
2022-05-09,100.5500030517578,107.75,98.6999969482422,105.0,81641.0
2022-05-10,107.0,108.9000015258789,101.5,102.5,39146.0
2022-05-11,102.0,104.0,97.4000015258789,98.6999969482422,139078.0
2022-05-12,98.6999969482422,98.6999969482422,93.8000030517578,93.8499984741211,81315.0
2022-05-13,93.8499984741211,98.5,93.0,95.9000015258789,81842.0
2022-05-16,98.4499969482422,100.6500015258789,92.0,100.1500015258789,66309.0
2022-05-17,100.9499969482422,102.6999969482422,98.0,101.8499984741211,54408.0
2022-05-18,101.8499984741211,104.9000015258789,99.0999984741211,99.5,50830.0
2022-05-19,95.0999984741211,98.5,95.0999984741211,95.6999969482422,76513.0
2022-05-20,97.5,99.5,93.8000030517578,97.8000030517578,88756.0
2022-05-23,98.8000030517578,99.0,95.0,96.0999984741211,80819.0
2022-05-24,96.0999984741211,98.0,92.5999984741211,93.3000030517578,46828.0
2022-05-25,93.0,94.9499969482422,88.6500015258789,90.0,75466.0
2022-05-26,87.1500015258789,93.1500015258789,87.0,91.4000015258789,63810.0
2022-05-27,91.25,93.5999984741211,90.0999984741211,91.3499984741211,24667.0
2022-05-30,93.0,95.8000030517578,90.0,91.5999984741211,83373.0
2022-05-31,91.0,92.4499969482422,90.3000030517578,91.1500015258789,54608.0
2022-06-01,92.1500015258789,93.5,90.0,92.6999969482422,40771.0
2022-06-02,92.5999984741211,94.5999984741211,91.5999984741211,92.8499984741211,57943.0
2022-06-03,94.0,94.4000015258789,92.4499969482422,93.1500015258789,33794.0
2022-06-06,93.9000015258789,94.6999969482422,91.1999969482422,92.1500015258789,25558.0
2022-06-07,91.5,92.1500015258789,90.5,91.6999969482422,21333.0
2022-06-08,91.6999969482422,93.4499969482422,90.0,90.5,28376.0
2022-06-09,91.5500030517578,91.5500030517578,89.0,91.0,28021.0
2022-06-10,91.0,91.0,87.19999694824219,88.3499984741211,30247.0
2022-06-13,87.0,87.0,83.94999694824219,84.5999984741211,74811.0
2022-06-14,84.8499984741211,84.8499984741211,80.4000015258789,81.44999694824219,77883.0
2022-06-15,81.5,82.80000305175781,80.0,80.75,27773.0
2022-06-16,81.94999694824219,83.0,76.75,76.75,59692.0
2022-06-17,73.0,75.25,72.94999694824219,73.05000305175781,98543.0
2022-06-20,74.8499984741211,74.8499984741211,69.4000015258789,69.4000015258789,62343.0
2022-06-21,71.55000305175781,72.8499984741211,67.5,72.8499984741211,56893.0
2022-06-22,75.0,76.44999694824219,73.0,76.44999694824219,54260.0
2022-06-23,80.25,80.25,80.25,80.25,11616.0
2022-06-24,84.25,84.25,84.25,84.25,12755.0
2022-06-27,88.44999694824219,88.44999694824219,88.44999694824219,88.44999694824219,10252.0
2022-06-28,92.8499984741211,92.8499984741211,84.5,86.8499984741211,415119.0
2022-06-29,87.0,87.0,82.55000305175781,83.0999984741211,90562.0
2022-06-30,83.0999984741211,87.25,80.69999694824219,84.5999984741211,134027.0
2022-07-01,85.9000015258789,88.80000305175781,82.0999984741211,88.80000305175781,194145.0
2022-07-04,93.1999969482422,93.1999969482422,93.1999969482422,93.1999969482422,45378.0
2022-07-05,97.8499984741211,97.8499984741211,97.8499984741211,97.8499984741211,62659.0
2022-07-06,99.0,99.0,93.0,95.6999969482422,425921.0
2022-07-07,97.6500015258789,98.6500015258789,93.1999969482422,93.5999984741211,101407.0
2022-07-08,95.4000015258789,95.4000015258789,91.3499984741211,92.3499984741211,66344.0
2022-07-11,93.0,93.0,89.19999694824219,90.4000015258789,81373.0
2022-07-12,90.4000015258789,94.9000015258789,88.0,94.75,283474.0
2022-07-13,95.0,95.8000030517578,91.25,91.9499969482422,96048.0
2022-07-14,92.9000015258789,92.9000015258789,89.0,89.5999984741211,63537.0
2022-07-15,91.0,93.0,88.25,91.4000015258789,69463.0
2022-07-18,92.0,94.5,90.5500030517578,93.1999969482422,140393.0
2022-07-19,92.75,92.75,90.0,90.9499969482422,53577.0
2022-07-20,91.5999984741211,92.5,90.0,90.5500030517578,86893.0
2022-07-21,91.0,92.4000015258789,89.25,91.0999984741211,85655.0
2022-07-22,92.0,92.0,89.5,89.9000015258789,63821.0
2022-07-25,90.0,91.5,86.0,86.94999694824219,99120.0
2022-07-26,85.0,90.6999969482422,85.0,86.75,61134.0
2022-07-27,86.75,88.0,85.19999694824219,86.05000305175781,56625.0
2022-07-28,88.0,88.0,85.5,87.30000305175781,66913.0
2022-07-29,86.05000305175781,89.0,86.0,88.1500015258789,138497.0
2022-08-01,89.0,89.25,86.55000305175781,87.19999694824219,99315.0
2022-08-02,87.94999694824219,87.94999694824219,86.55000305175781,87.25,80587.0
2022-08-03,86.5999984741211,87.6500015258789,85.0,85.94999694824219,63664.0
2022-08-04,86.3499984741211,88.0,84.3499984741211,85.05000305175781,101340.0
2022-08-05,86.5,93.5,85.0,91.25,360827.0
2022-08-08,94.0,96.0999984741211,91.3000030517578,94.3499984741211,294127.0
2022-08-09,,,,,
2022-08-10,94.0,94.5999984741211,89.19999694824219,90.3499984741211,135673.0
2022-08-11,90.05000305175781,91.5,85.5,87.0999984741211,181123.0
2022-08-12,88.69999694824219,88.69999694824219,86.4000015258789,87.05000305175781,117020.0
2022-08-15,,,,,
2022-08-16,86.5,87.5,85.0,85.3499984741211,165026.0
2022-08-17,85.4000015258789,86.94999694824219,84.6500015258789,85.25,139428.0
2022-08-18,86.6500015258789,86.80000305175781,85.0999984741211,85.9000015258789,121529.0
2022-08-19,86.5,91.5999984741211,86.0,90.6500015258789,464316.0
2022-08-22,96.8000030517578,99.6999969482422,95.5500030517578,99.6999969482422,568191.0
2022-08-23,101.9499969482422,103.6999969482422,93.0,94.4000015258789,720234.0
2022-08-24,94.5500030517578,96.5,92.5,92.9499969482422,244769.0
2022-08-25,95.4499969482422,95.4499969482422,86.19999694824219,87.19999694824219,677070.0
2022-08-26,87.19999694824219,89.0,86.6500015258789,87.8499984741211,266823.0
2022-08-29,86.19999694824219,90.0,85.0,88.19999694824219,244329.0
2022-08-30,88.4000015258789,90.1500015258789,88.1500015258789,88.5,124323.0
2022-08-31,,,,,
2022-09-01,89.9000015258789,94.0500030517578,88.55000305175781,91.0999984741211,348783.0
2022-09-02,93.0,93.1500015258789,90.0,90.4000015258789,122544.0
2022-09-05,90.8000030517578,99.4000015258789,90.6500015258789,97.0500030517578,1174196.0
2022-09-06,97.8000030517578,103.6500015258789,97.6999969482422,100.25,780451.0
2022-09-07,99.0,102.5,97.3499984741211,98.4000015258789,357439.0
2022-09-08,105.1999969482422,108.1999969482422,105.0999984741211,108.1999969482422,752809.0
2022-09-09,113.0,119.0,106.1999969482422,108.1500015258789,1927880.0
2022-09-12,112.6999969482422,114.5,108.4000015258789,109.1999969482422,512145.0
2022-09-13,111.4000015258789,120.0999984741211,110.0500030517578,120.0999984741211,1033492.0
2022-09-14,118.0,129.9499969482422,116.1999969482422,125.0,1277842.0
2022-09-15,126.5,126.5,118.75,118.75,342403.0
2022-09-16,115.9499969482422,115.9499969482422,112.8499984741211,112.8499984741211,398362.0
2022-09-19,109.0500030517578,114.0,107.25,107.25,450644.0
2022-09-20,107.1500015258789,112.0,103.5500030517578,105.8000030517578,276368.0
2022-09-21,108.4000015258789,108.6999969482422,101.0999984741211,105.0,345233.0
2022-09-22,107.0500030517578,108.9499969482422,103.5,104.0500030517578,281963.0
2022-09-23,105.8499984741211,105.8499984741211,100.25,100.75,219083.0
2022-09-26,99.0,99.9000015258789,95.75,95.9499969482422,210411.0
2022-09-27,96.8000030517578,99.8000030517578,96.0,97.3499984741211,120626.0
2022-09-28,97.3499984741211,97.3499984741211,94.6999969482422,95.0,94688.0
2022-09-29,96.0500030517578,97.6999969482422,94.1999969482422,95.3000030517578,93780.0
2022-09-30,95.9499969482422,100.0,94.5500030517578,98.4000015258789,142065.0
2022-10-03,99.8499984741211,103.3000030517578,95.6500015258789,101.5,249271.0
2022-10-04,103.5,103.5,99.3000030517578,101.4000015258789,120373.0
2022-10-05,,,,,
2022-10-06,102.0,104.25,100.8000030517578,101.6999969482422,116526.0
2022-10-07,101.9000015258789,103.0,99.6999969482422,100.75,106518.0
2022-10-10,99.9000015258789,103.25,96.9000015258789,99.4499969482422,126363.0
2022-10-11,100.5999984741211,101.0,96.5,96.9499969482422,97133.0
2022-10-12,97.0500030517578,98.0500030517578,95.25,96.6999969482422,89655.0
2022-10-13,97.5,97.5,95.0,95.8499984741211,67469.0
2022-10-14,97.9499969482422,98.6999969482422,96.1500015258789,96.5999984741211,56313.0
2022-10-17,97.4499969482422,99.3000030517578,93.1500015258789,94.5999984741211,94328.0
2022-10-18,95.9000015258789,96.5,91.5999984741211,93.75,138676.0
2022-10-19,94.0,94.4499969482422,91.3499984741211,91.9000015258789,184570.0
2022-10-20,92.9000015258789,92.9000015258789,90.5,91.3499984741211,119642.0
2022-10-21,91.0,92.4499969482422,88.55000305175781,89.94999694824219,182610.0
2022-10-24,91.0500030517578,93.0,90.9000015258789,92.5999984741211,85953.0
2022-10-25,93.0,93.0,90.5,91.8000030517578,72569.0
2022-10-26,,,,,
2022-10-27,92.0,94.0,91.0500030517578,93.4499969482422,107917.0
2022-10-28,93.0,93.5999984741211,90.4000015258789,91.5,93198.0
2022-10-31,95.75,95.75,91.3000030517578,91.75,96960.0
2022-11-01,95.0,95.1999969482422,92.0999984741211,93.9499969482422,169172.0
2022-11-02,94.6999969482422,98.25,93.5500030517578,97.8000030517578,238784.0
2022-11-03,97.8000030517578,98.0,95.25,95.9000015258789,109908.0
2022-11-04,95.9000015258789,97.0,93.8499984741211,94.5500030517578,113916.0
2022-11-07,96.6999969482422,96.6999969482422,93.0,93.6500015258789,126530.0
2022-11-08,,,,,
2022-11-09,94.0,95.5,93.0,93.9000015258789,163382.0
2022-11-10,97.4000015258789,97.4000015258789,92.0,93.5999984741211,130269.0
2022-11-11,97.0,97.0,93.0,93.5,116002.0
2022-11-14,93.0,93.5,91.3499984741211,91.9499969482422,141107.0
2022-11-15,92.0,92.0,90.6999969482422,91.5999984741211,80740.0
2022-11-16,92.5,92.5,89.0,89.80000305175781,175605.0
2022-11-17,90.3499984741211,90.9000015258789,86.55000305175781,88.94999694824219,172554.0
2022-11-18,90.0,90.8000030517578,88.19999694824219,89.5999984741211,69632.0
2022-11-21,89.5999984741211,91.4000015258789,88.05000305175781,90.8000030517578,98771.0
2022-11-22,91.9499969482422,91.9499969482422,89.0,89.3499984741211,67503.0
2022-11-23,91.0,91.0,88.80000305175781,89.44999694824219,65221.0
2022-11-24,91.0,93.9000015258789,90.0,93.9000015258789,135976.0
2022-11-25,96.0,96.4499969482422,93.0,94.9000015258789,169430.0
2022-11-28,96.0,96.8000030517578,92.5500030517578,93.0500030517578,132093.0
2022-11-29,93.0500030517578,94.1999969482422,92.0,92.9000015258789,109957.0
2022-11-30,93.8000030517578,93.8000030517578,91.5,92.1500015258789,119570.0
2022-12-01,93.0,93.0500030517578,91.0,92.1500015258789,131148.0
2022-12-02,91.5,93.5,91.5,93.1500015258789,75826.0
2022-12-05,93.1500015258789,96.1999969482422,91.4000015258789,95.1500015258789,178690.0
2022-12-06,96.0,96.0,93.5,95.1500015258789,51310.0
2022-12-07,95.0,95.6999969482422,93.5999984741211,94.75,52460.0
2022-12-08,94.75,95.6999969482422,93.0500030517578,93.8000030517578,58776.0
2022-12-09,95.0,95.0,92.5,92.8499984741211,71524.0
2022-12-12,92.8499984741211,97.0999984741211,91.5,95.4499969482422,190333.0
2022-12-13,95.5999984741211,96.3000030517578,94.1999969482422,95.4499969482422,77928.0
2022-12-14,97.0,98.6999969482422,95.0999984741211,96.5,159746.0
2022-12-15,95.0,97.75,95.0,95.4499969482422,73232.0
2022-12-16,94.5,98.0,93.8499984741211,97.1500015258789,104848.0
2022-12-19,97.1500015258789,102.0,97.1500015258789,102.0,241014.0
2022-12-20,104.9000015258789,107.0999984741211,102.0,103.0999984741211,449866.0
2022-12-21,103.3000030517578,104.9499969482422,97.9499969482422,97.9499969482422,212320.0
2022-12-22,94.3499984741211,97.4499969482422,93.0999984741211,93.0999984741211,117934.0
2022-12-23,88.6500015258789,90.0,88.44999694824219,88.44999694824219,149239.0
2022-12-26,88.0,92.8499984741211,85.0,92.0500030517578,209969.0
2022-12-27,95.0,95.0,92.3000030517578,93.8499984741211,57250.0
2022-12-28,96.9499969482422,98.5,94.9499969482422,98.5,121463.0
2022-12-29,99.0,100.0999984741211,95.1999969482422,95.8499984741211,78795.0
2022-12-30,96.9000015258789,98.0999984741211,95.0,95.5500030517578,72848.0
2023-01-02,95.5,96.8499984741211,95.0,95.5500030517578,62737.0
2023-01-03,95.5500030517578,95.9000015258789,93.75,94.5500030517578,111949.0
2023-01-04,95.3000030517578,95.3000030517578,91.0500030517578,93.3000030517578,110291.0
2023-01-05,94.0,97.9499969482422,93.5,97.9499969482422,90066.0
2023-01-06,98.6999969482422,102.8000030517578,98.3000030517578,102.75,637000.0
2023-01-09,103.8000030517578,104.5500030517578,98.0999984741211,98.9000015258789,218058.0
2023-01-10,98.9000015258789,99.5,95.4000015258789,96.3499984741211,102581.0
2023-01-11,97.9499969482422,97.9499969482422,93.3499984741211,96.3499984741211,45688.0
2023-01-12,97.5,101.1500015258789,96.0999984741211,101.1500015258789,136519.0
2023-01-13,101.5500030517578,105.8000030517578,98.5999984741211,102.4000015258789,329698.0
2023-01-16,101.5999984741211,106.0,101.4000015258789,103.0999984741211,162733.0
2023-01-17,103.0,103.8000030517578,99.1999969482422,100.0,94917.0
2023-01-18,100.0,104.8000030517578,99.4000015258789,101.6999969482422,138124.0
2023-01-19,100.0,102.5,100.0,100.6999969482422,60727.0
2023-01-20,99.25,101.75,98.5,99.4499969482422,78271.0
2023-01-23,97.9499969482422,97.9499969482422,94.5,94.5500030517578,332881.0
2023-01-24,96.4499969482422,96.4499969482422,93.75,94.5500030517578,69075.0
2023-01-25,91.6500015258789,97.5500030517578,91.5999984741211,96.75,125014.0
2023-01-26,,,,,
2023-01-27,96.0,96.5,91.9499969482422,91.9499969482422,166910.0
2023-01-30,92.5,94.4499969482422,90.9000015258789,91.8000030517578,99707.0
2023-01-31,92.6999969482422,96.1999969482422,91.5,95.5999984741211,108415.0
2023-02-01,96.0500030517578,97.9499969482422,90.8499984741211,90.8499984741211,175964.0
2023-02-02,91.0,93.0999984741211,90.0,91.3499984741211,128293.0
2023-02-03,91.0999984741211,95.0,88.6500015258789,91.4000015258789,142019.0
2023-02-06,92.9499969482422,92.9499969482422,90.0,91.5500030517578,71613.0
2023-02-07,91.5999984741211,91.9499969482422,88.0,89.05000305175781,121373.0
2023-02-08,89.6500015258789,90.8000030517578,88.19999694824219,88.4000015258789,116298.0
2023-02-09,89.0,89.44999694824219,88.0,88.5999984741211,84289.0
2023-02-10,88.55000305175781,89.30000305175781,87.0999984741211,87.80000305175781,137912.0
2023-02-13,88.80000305175781,88.80000305175781,85.80000305175781,87.05000305175781,115662.0
2023-02-14,86.55000305175781,87.5,84.05000305175781,84.9000015258789,186623.0
2023-02-15,80.0,87.80000305175781,80.0,85.30000305175781,169358.0
2023-02-16,86.5999984741211,87.4000015258789,83.55000305175781,84.19999694824219,98441.0
2023-02-17,84.0999984741211,86.19999694824219,83.5,83.8499984741211,78729.0
2023-02-20,83.05000305175781,84.55000305175781,80.0999984741211,81.1500015258789,116667.0
2023-02-21,81.94999694824219,82.94999694824219,81.0,81.30000305175781,76984.0
2023-02-22,81.30000305175781,81.8499984741211,78.0,78.75,124240.0
2023-02-23,78.80000305175781,81.19999694824219,78.4000015258789,78.9000015258789,95755.0
2023-02-24,78.0999984741211,80.19999694824219,77.75,78.6500015258789,88841.0
2023-02-27,78.94999694824219,78.94999694824219,76.4000015258789,76.9000015258789,81032.0
2023-02-28,76.05000305175781,78.5,75.5,78.19999694824219,70192.0
2023-03-01,78.19999694824219,82.44999694824219,78.19999694824219,81.69999694824219,117267.0
2023-03-02,83.69999694824219,83.69999694824219,79.25,79.9000015258789,116336.0
2023-03-03,81.80000305175781,81.80000305175781,78.5,78.80000305175781,69361.0
2023-03-06,80.0,81.80000305175781,79.8499984741211,80.5999984741211,76646.0
2023-03-07,,,,,
2023-03-08,80.4000015258789,80.94999694824219,79.44999694824219,79.9000015258789,142252.0
2023-03-09,80.69999694824219,80.75,79.3499984741211,79.8499984741211,99550.0
2023-03-10,79.19999694824219,82.0,78.19999694824219,79.5999984741211,163439.0
2023-03-13,78.55000305175781,79.55000305175781,77.5,77.55000305175781,105622.0
2023-03-14,77.6500015258789,78.3499984741211,74.44999694824219,76.1500015258789,135545.0
2023-03-15,76.1500015258789,78.25,73.5999984741211,74.05000305175781,160974.0
2023-03-16,74.25,75.75,72.75,75.0999984741211,96255.0
2023-03-17,75.75,77.5999984741211,74.5,74.9000015258789,95602.0
2023-03-20,74.9000015258789,75.25,72.05000305175781,72.5999984741211,112037.0
2023-03-21,73.0999984741211,74.5,73.0999984741211,73.4000015258789,58738.0
2023-03-22,74.05000305175781,75.25,73.75,74.6500015258789,60355.0
2023-03-23,75.0,76.1500015258789,74.6500015258789,75.1500015258789,64475.0
2023-03-24,75.1500015258789,75.5999984741211,71.0,71.8499984741211,74840.0
2023-03-27,71.94999694824219,72.5,66.0999984741211,66.6500015258789,277615.0
2023-03-28,66.6500015258789,67.9000015258789,62.75,63.900001525878906,216941.0
2023-03-29,65.5999984741211,70.25,63.79999923706055,70.25,303185.0
2023-03-30,,,,,
2023-03-31,75.0,77.25,72.5999984741211,77.25,208131.0
2023-04-03,79.75,82.0,75.5,79.8499984741211,315622.0
2023-04-04,,,,,
2023-04-05,78.55000305175781,81.5,76.44999694824219,80.25,156739.0
2023-04-06,83.0,85.0,80.5999984741211,84.1500015258789,211963.0
2023-04-10,85.9000015258789,87.5,81.3499984741211,82.80000305175781,165936.0
2023-04-11,83.55000305175781,83.55000305175781,78.80000305175781,80.0999984741211,117788.0
2023-04-12,80.55000305175781,82.6500015258789,78.94999694824219,81.69999694824219,70471.0
2023-04-13,82.25,82.5,80.5,80.75,28400.0
2023-04-14,,,,,
2023-04-17,81.9000015258789,82.05000305175781,78.80000305175781,79.0,124595.0
2023-04-18,79.25,80.3499984741211,76.25,79.5999984741211,143337.0
2023-04-19,77.5999984741211,81.5999984741211,77.5999984741211,79.9000015258789,58554.0
2023-04-20,81.0,81.0,78.25,80.05000305175781,77907.0
2023-04-21,80.75,81.0,78.0999984741211,79.25,67908.0
2023-04-24,80.69999694824219,83.19999694824219,78.75,83.1500015258789,118227.0
2023-04-25,84.05000305175781,87.30000305175781,82.0999984741211,86.9000015258789,248162.0
2023-04-26,87.19999694824219,91.1999969482422,86.9000015258789,90.9499969482422,300787.0
2023-04-27,91.8499984741211,94.0,88.25,89.5,207544.0
2023-04-28,90.9499969482422,90.9499969482422,86.44999694824219,87.55000305175781,120526.0
2023-05-01,,,,,
2023-05-02,87.5999984741211,88.6500015258789,86.0,88.05000305175781,68983.0
2023-05-03,86.19999694824219,88.25,85.19999694824219,86.25,84773.0
2023-05-04,86.69999694824219,87.8499984741211,85.0999984741211,86.80000305175781,75957.0
2023-05-05,86.3499984741211,91.0999984741211,86.3499984741211,91.0999984741211,302742.0
2023-05-08,92.4000015258789,92.8000030517578,88.19999694824219,88.6500015258789,164844.0
2023-05-09,90.0,93.0,88.6500015258789,92.5999984741211,136240.0
2023-05-10,93.5500030517578,94.0,90.4499969482422,91.9000015258789,92972.0
2023-05-11,92.1500015258789,92.1500015258789,88.5999984741211,89.3499984741211,115525.0
2023-05-12,89.3499984741211,90.0,86.0999984741211,86.9000015258789,84798.0
2023-05-15,86.25,91.1999969482422,86.25,91.1999969482422,108609.0
2023-05-16,95.75,95.75,95.75,95.75,100395.0
2023-05-17,96.0,97.0,91.0,92.4499969482422,222091.0
2023-05-18,93.6999969482422,94.3000030517578,90.3000030517578,91.0,91469.0
2023-05-19,88.1500015258789,91.3000030517578,88.1500015258789,88.69999694824219,55671.0
2023-05-22,89.19999694824219,90.5999984741211,87.0999984741211,87.80000305175781,71837.0
2023-05-23,88.0,90.5,87.5,87.69999694824219,53085.0
2023-05-24,88.80000305175781,89.5,85.5,85.75,63147.0
2023-05-25,84.25,88.55000305175781,84.25,86.69999694824219,46468.0
2023-05-26,88.4000015258789,91.0,86.0999984741211,88.5999984741211,162303.0
2023-05-29,88.05000305175781,91.25,88.05000305175781,90.05000305175781,86178.0
2023-05-30,91.4000015258789,93.0999984741211,89.0,90.0999984741211,160433.0
2023-05-31,88.0,91.1500015258789,86.55000305175781,90.05000305175781,91600.0
2023-06-01,90.0999984741211,90.6500015258789,88.80000305175781,89.9000015258789,80019.0
2023-06-02,90.0,92.5,88.6500015258789,88.8499984741211,95131.0
2023-06-05,89.30000305175781,93.0,89.30000305175781,91.0999984741211,157365.0
2023-06-06,92.0,94.0500030517578,91.0999984741211,92.3499984741211,122823.0
2023-06-07,92.0500030517578,93.5999984741211,91.75,91.9000015258789,70152.0
2023-06-08,92.9000015258789,93.1999969482422,90.0,90.9499969482422,56925.0
2023-06-09,90.5,91.8000030517578,88.19999694824219,90.25,59095.0
2023-06-12,92.9000015258789,94.1999969482422,92.0,93.3000030517578,192847.0
2023-06-13,94.0,94.0,90.1999969482422,90.6500015258789,134289.0
2023-06-14,91.5,92.8499984741211,89.8499984741211,92.0500030517578,115394.0
2023-06-15,92.8000030517578,95.6500015258789,91.9499969482422,94.5999984741211,134304.0
2023-06-16,95.0,95.8000030517578,92.6500015258789,92.9000015258789,70743.0
2023-06-19,92.9000015258789,93.5,90.8000030517578,91.1500015258789,90793.0
2023-06-20,91.1500015258789,91.9499969482422,90.0,90.4499969482422,95007.0
2023-06-21,91.1500015258789,92.0,90.1500015258789,90.5999984741211,64413.0
2023-06-22,90.3499984741211,91.9499969482422,87.6500015258789,89.44999694824219,87819.0
2023-06-23,89.19999694824219,89.19999694824219,87.5,88.69999694824219,47048.0
2023-06-26,88.5,89.55000305175781,84.55000305175781,86.19999694824219,153738.0
2023-06-27,85.55000305175781,88.19999694824219,85.55000305175781,86.5999984741211,64700.0
2023-06-28,,,,,
2023-06-30,88.0,88.9000015258789,85.80000305175781,86.25,81785.0
2023-07-03,86.30000305175781,88.30000305175781,85.9000015258789,86.1500015258789,86097.0
2023-07-04,86.55000305175781,87.5,85.55000305175781,85.9000015258789,46970.0
2023-07-05,85.0,87.30000305175781,84.69999694824219,85.05000305175781,94509.0
2023-07-06,86.6500015258789,89.25,85.30000305175781,88.25,164069.0
2023-07-07,88.05000305175781,88.05000305175781,86.0,86.5999984741211,75428.0
2023-07-10,86.94999694824219,87.30000305175781,84.8499984741211,85.1500015258789,139702.0
2023-07-11,85.5,86.19999694824219,84.75,85.0,108593.0
2023-07-12,85.0,86.5999984741211,84.05000305175781,84.44999694824219,295607.0
2023-07-13,84.0,87.5,84.0,85.5999984741211,265656.0
2023-07-14,85.8499984741211,85.8499984741211,84.55000305175781,84.8499984741211,60209.0
2023-07-17,85.5,85.75,83.1500015258789,84.0999984741211,122935.0
2023-07-18,84.94999694824219,85.19999694824219,83.4000015258789,84.6500015258789,87547.0
2023-07-19,84.75,87.0,84.0999984741211,85.19999694824219,75810.0
2023-07-20,85.9000015258789,85.9000015258789,83.9000015258789,84.3499984741211,95594.0
2023-07-21,84.8499984741211,84.9000015258789,82.80000305175781,83.75,120244.0
2023-07-24,84.44999694824219,85.25,82.19999694824219,84.19999694824219,110876.0
2023-07-25,84.94999694824219,85.9000015258789,83.9000015258789,84.05000305175781,76669.0
2023-07-26,84.8499984741211,88.25,83.69999694824219,88.25,193307.0
2023-07-27,92.6500015258789,92.6500015258789,92.6500015258789,92.6500015258789,112917.0
2023-07-28,97.25,97.25,93.0,97.25,1057636.0
2023-07-31,102.0999984741211,102.0999984741211,102.0999984741211,102.0999984741211,111746.0
2023-08-01,107.1999969482422,107.1999969482422,107.1999969482422,107.1999969482422,190539.0
2023-08-02,107.1999969482422,110.9499969482422,101.8499984741211,105.1500015258789,1885063.0
2023-08-03,108.9000015258789,109.75,104.0,104.8499984741211,242620.0
2023-08-04,106.0,107.0999984741211,100.5999984741211,104.5,207545.0
2023-08-07,104.5,109.6999969482422,99.3000030517578,108.5500030517578,695232.0
2023-08-08,111.0,113.4499969482422,108.3499984741211,109.3000030517578,417284.0
2023-08-09,112.6999969482422,112.6999969482422,107.0,107.8000030517578,192755.0
2023-08-10,109.0,113.1500015258789,107.1999969482422,112.75,625442.0
2023-08-11,113.75,116.0,108.5,111.3000030517578,300434.0
2023-08-14,107.6500015258789,113.9000015258789,106.1999969482422,111.9000015258789,215414.0
2023-08-15,,,,,
2023-08-16,110.5500030517578,116.0,110.4000015258789,112.0,340739.0
2023-08-17,114.8000030517578,115.5,111.0,112.0,178865.0
2023-08-18,110.1999969482422,113.8000030517578,109.1999969482422,111.0999984741211,145091.0
2023-08-21,116.0,116.6500015258789,112.0999984741211,116.6500015258789,301828.0
2023-08-22,118.0,122.4499969482422,117.75,122.4499969482422,944516.0
2023-08-23,124.4499969482422,128.5500030517578,122.5,125.3499984741211,1081468.0
2023-08-24,128.5,128.8000030517578,120.8499984741211,122.0,299588.0
2023-08-25,122.0,125.0,119.0,119.6500015258789,272684.0
2023-08-28,121.0999984741211,123.1999969482422,115.3000030517578,116.1500015258789,187362.0
2023-08-29,119.4000015258789,119.4000015258789,112.6500015258789,114.6999969482422,287443.0
2023-08-30,116.25,119.6500015258789,114.6500015258789,118.1999969482422,215834.0
2023-08-31,117.25,119.5999984741211,116.75,117.6999969482422,115853.0
2023-09-01,118.0999984741211,123.5500030517578,116.0,123.5500030517578,278192.0
2023-09-04,125.0500030517578,129.5,123.5500030517578,124.9499969482422,397490.0
2023-09-05,126.0,126.4000015258789,122.4000015258789,124.0500030517578,223991.0
2023-09-06,124.0,125.1500015258789,120.0,120.4499969482422,131147.0
2023-09-07,119.5500030517578,126.4499969482422,119.5500030517578,126.4499969482422,186787.0
2023-09-08,132.75,132.75,132.75,132.75,127913.0
2023-09-11,139.35000610351562,139.35000610351562,139.35000610351562,139.35000610351562,96056.0
2023-09-12,146.3000030517578,146.3000030517578,135.3000030517578,141.5,2688498.0
2023-09-13,143.0,148.5500030517578,136.25,148.5500030517578,806183.0
2023-09-14,155.9499969482422,155.9499969482422,146.5,150.10000610351562,1565251.0
2023-09-15,148.4499969482422,148.89999389648438,142.60000610351562,143.64999389648438,410029.0
2023-09-18,146.9499969482422,147.1999969482422,137.0,137.64999389648438,410254.0
2023-09-19,,,,,
2023-09-20,136.0,144.5,136.0,143.6999969482422,645617.0
2023-09-21,146.6999969482422,149.0,136.5500030517578,137.9499969482422,585959.0
2023-09-22,137.0,143.8000030517578,135.0,141.75,397838.0
2023-09-25,141.75,148.8000030517578,140.60000610351562,148.8000030517578,405859.0
2023-09-26,150.0,152.89999389648438,145.0,150.64999389648438,429927.0
2023-09-27,149.9499969482422,151.6999969482422,144.39999389648438,148.5500030517578,374280.0
2023-09-28,148.9499969482422,150.60000610351562,144.9499969482422,147.10000610351562,195166.0
2023-09-29,150.6999969482422,152.89999389648438,147.89999389648438,149.14999389648438,232643.0
2023-10-02,,,,,
2023-10-03,148.9499969482422,149.8000030517578,144.3000030517578,147.5,179507.0
2023-10-04,145.14999389648438,154.85000610351562,144.85000610351562,154.14999389648438,977713.0
2023-10-05,155.10000610351562,156.6999969482422,151.14999389648438,153.6999969482422,401049.0
2023-10-06,154.89999389648438,161.35000610351562,153.10000610351562,161.35000610351562,371053.0
2023-10-09,161.35000610351562,173.39999389648438,155.0,166.10000610351562,1190589.0
2023-10-10,170.10000610351562,175.60000610351562,164.1999969482422,165.89999389648438,644415.0
2023-10-11,167.1999969482422,182.4499969482422,166.3000030517578,182.4499969482422,760611.0
2023-10-12,189.75,198.5,186.0,192.1000061035156,1630158.0
2023-10-13,192.5,206.6000061035156,190.1499938964844,199.1000061035156,1204945.0
2023-10-16,204.0,219.0,203.0,219.0,1224744.0
2023-10-17,224.3999938964844,227.3999938964844,208.0500030517578,208.0500030517578,1287418.0
2023-10-18,203.0,203.0500030517578,197.6499938964844,197.6499938964844,491112.0
2023-10-19,187.8000030517578,187.8000030517578,187.8000030517578,187.8000030517578,66411.0
2023-10-20,178.4499969482422,192.0,178.4499969482422,178.4499969482422,2018611.0
2023-10-23,176.0500030517578,184.6999969482422,169.5500030517578,169.5500030517578,593826.0
2023-10-24,,,,,
2023-10-25,169.39999389648438,175.0,161.10000610351562,166.60000610351562,881260.0
2023-10-26,166.39999389648438,172.0,158.3000030517578,165.5500030517578,1481611.0
2023-10-27,167.5,173.8000030517578,166.60000610351562,173.8000030517578,227293.0
2023-10-30,182.4499969482422,182.4499969482422,173.9499969482422,182.0,867716.0
2023-10-31,182.0,186.75,174.5,176.8000030517578,355594.0
2023-11-01,175.0,180.6999969482422,172.25,173.89999389648438,262605.0
2023-11-02,177.39999389648438,182.5500030517578,176.0,182.5500030517578,269704.0
2023-11-03,181.4499969482422,185.3999938964844,178.5500030517578,179.10000610351562,209985.0
2023-11-06,181.75,188.0500030517578,178.5,188.0500030517578,253553.0
2023-11-07,191.5,197.4499969482422,188.5500030517578,197.4499969482422,437712.0
2023-11-08,202.0,207.3000030517578,197.4499969482422,205.1999969482422,838613.0
2023-11-09,204.8000030517578,204.8000030517578,194.9499969482422,194.9499969482422,544501.0
2023-11-10,195.0,203.6499938964844,191.1499938964844,198.3000030517578,452151.0
2023-11-13,204.0,212.6499938964844,198.0500030517578,202.4499969482422,631964.0
2023-11-14,,,,,
2023-11-15,204.3500061035156,206.1999969482422,196.0,198.3000030517578,466162.0
2023-11-16,199.5,205.0,194.1499938964844,195.8500061035156,262123.0
2023-11-17,196.9499969482422,199.8999938964844,190.5,191.6000061035156,222787.0
2023-11-20,192.8999938964844,193.3000030517578,184.6000061035156,186.1000061035156,273579.0
2023-11-21,185.5,195.3999938964844,185.5,191.25,336412.0
2023-11-22,191.3000030517578,200.3999938964844,186.1499938964844,197.9499969482422,539183.0
2023-11-23,198.0,203.3000030517578,194.0,199.25,338509.0
2023-11-24,200.3999938964844,201.1499938964844,196.0,196.8999938964844,189864.0
2023-11-27,,,,,
2023-11-28,196.9499969482422,198.9499969482422,193.6000061035156,196.5,161766.0
2023-11-29,198.3999938964844,198.5500030517578,192.5500030517578,193.25,119844.0
2023-11-30,193.25,199.5,191.0,195.8999938964844,275813.0
2023-12-01,199.0,199.0,194.25,194.9499969482422,163789.0
